content,emotion_scroe
姐这个造型好美,0.9790598880216304
头发末端可以再自然一些,0.49305240784982174
戴森为A姐定制的造型耶✌超美超帅的吧好伐,0.9972289808789977
像极了用502胶水粘呢发型，外加这动画般呢面孔；要不看其他作品还真以为是电脑刻画特效,0.9620873739152124
换个运营吧，好好的一个IP搞砸了,0.006755230996251083
所以数字人是找个真人把皮肤磨皮到最高，,0.9330905493671375
时热度还蛮高的，现在和素人差不多了已经,0.9011285205861376
要是每张照片脸处理的都和头像一样细致就好了,0.453211981950823
应该是真人，只是p了一些而已,0.8227635765890097
做的不错就是运营不咋样，视频做的都啥玩意，能有粉？,0.16354918242115235
"做了这么久还没突破，一直都是图片，
动起来动起来。像人一样",0.9005166318448736
咱就是说实在做不出短视频可以不做,0.1680051687567633
就是抄七龙珠的18号搞了个虚拟偶像到现在也只能二维图是么，连个动画都没。。。,0.15329628278787455
为啥都是图片没有动态的视频？,0.06389932710381929
长好看是不是运气也有加成啊,0.5346538630359924
听人劝吃饱饭，能不能换个剪辑方式,0.052409739207422645
背景音乐为什么这么耳熟,0.8356264569176544
知否配音真的很绝,0.6401969611393015
好水啊….一张后期加一堆实拍,0.27924080947959395
看不出来是数字的啊，凉的也太快了,0.6198495768750035
脚趾太难看了，能顺便把脚趾改一下吗？,0.29119422859670485
全静态的。。。。无语。。。。只能说明你捏的好，还会配图搭建场景。。。。,0.03399663523431429
你能动一下吗，这叫数字人，笑了,0.8972914521470514
为什么都出不来视频，总用图片可不行啊！那她就不是熟悉人，只是一个平面形象。可以合作制作哦！,0.5678962270382412
虚拟人黑头发也会长出来[泣不成声]也要给新头发补色？,0.5608956431237113
虽然是假的 但是挺好,0.8129776659132977
高级感油然而生,0.5247186179240106
和头像有 区别 头像年轻,0.7937889586620005
他不是数字人吗我咋感觉他是真的人,0.8181712567516459
虽然但是和以前比起来真的有点点的土气救命,0.7661547411140718
这服装妆容仿佛县城姑娘,0.612809950073019
就说什么时候直播吧,0.2237847658859452
不存在的人是那么美好、可惜她却不存在、对于我一个有血有肉的人而言、她毫无意义,0.8118955505693729
有谁知道这个美女是虚拟出来的还是真实的呢？,0.6882511291172033
天 她还有思想 可以自主沟通 打游戏？,0.9283865874048356
我想问一下那她在显示生活中，能看得到吗？,0.7445012850687518
终于可以粉一个不会塌房的存在了,0.4243570521003762
说起来就很奇怪 看这脸居然我还觉得眼熟,0.08492364164097554
这个数字人到底是机器人还是虚拟人？还可以和明星打卡。,0.9253446828097538
感觉是找了个真人拍完，把头脸换成啊呀咦的模型,0.8122783202961529
这真的是数字人吗 这么逼真,0.9297661596980464
除了脸和，头发是虚拟的，我感觉不出别的是虚拟的,0.2510131153871571
头发连动都不动，估计虚拟的,0.15728252080903804
我真的很想知道 数字人带货真的有人会买吗……,0.9652494340443322
你自己会发小红书吗，还是工作人员帮你发的,0.3095481095190542
哇塞这个妆容显得太美了吧,0.7010504737054011
这个技术也是绝了,0.4302286736274855
这也太酷了吧！制景,0.54326435854958
风衣很飒飒,0.6005895981186729
丝绒裙看起来好优雅！,0.978522765000614
中式风格好爱好爱姐姐真美,0.9992604068810932
AI都要走新中式风格啦~,0.879460435465359
这个穿搭真好看，很有气质,0.8445521070288451
这姐子的穿搭真的绝了,0.3525365090997159
超喜欢看你分享生活～,0.984844771183876
果然是酷酷的美女,0.34329539654803887
A姐七夕穿这么美，不知道收到花花了没呀,0.5675498065937284
姐姐好美！衣服颜色和晚霞很搭,0.9833020164383001
这套好有气质,0.6117295695113586
立马下单好吧，跟着a姐不会错,0.24226895429937834
国际品牌+国际代言人,0.6282310022652062
太厉害了吧 既然这种都还有ai,0.24294843808451605
和你一起领美，和你一起变美,0.9741391142695656
哇塞 a宝更新了 冲冲冲！,0.19485488064387224
这么高级的冻干粉 新品感觉不错 想尝试一下,0.49558580268533936
这个ip怎么还能接到商单 有人care吗……,0.3409615568052793
理性讨论一下，用AI数字人做美妆广告...有说服力吗？毕竟她的皮肤跟人类皮肤....,0.9959880929005401
这么高的颜值一整个爱住,0.7326912281808833
五官好精致,0.8495561943330929
时尚感直接拉满,0.8998130211394625
真没有......如果我刷到很好看的图我会点进那个人的主页看看其他图是不是基本都是我喜欢的风格再点关注，然而这个人的主页我从来没有印象看过并且说实话大部分图都感觉很假不是我喜欢的风格，就更不可能关注了......,0.9910443519258111
这组照片好有感觉,0.768585679245905
创意太棒了,0.9898861964329452
刚想说怎么这么假，结果一看是虚拟idol,0.4637432179941311
OMG概念好绝,0.875214349849314
好酷啊 好期待,0.9426561506509606
地铁站拍照片也这么好看，好看的怎么拍都是好看的,0.9665264831466194
又现实又梦幻的感觉,0.9732432119786818
好有cp感哦 我还以为是真人呢,0.8393728514873249
哇……这样的美人美景值得流连难忘,0.9892229948637278
除了羡慕嫉妒恨，没有别的,0.9980218085437319
好想和姐姐一起合影,0.3845361923551682
前排打卡啦啦啦！我也要合照,0.44767845850986676
这个妆好米呀,0.4776340907500628
因为动作太复杂，建模太累了,0.5388728278602903
Ayayi很美很真实，可是虚拟人并不能试用现实世界的产品，这个代言的逻辑我看不明白，谁能指点一下,0.9943806684322234
感觉a确实是国内数字人里面最好看的,0.9625317707317529
这波上新邀请AYAYI就是很合适啊承认AYAYI这个IP很有科技、时尚、潮流的感觉很难么,0.9904448674071388
看来嘴巴还不能动啊,0.08544213379584942
本身找虚拟人代言，利用的就是人家的IP调性吧，这也是虚拟人代言跟真人比起来的优势啊，评论区这么多装懵的,0.7410994493768405
这个造型没有之前有辨识度，但也很好看,0.8877712601010144
好有科技感,0.9187744673860805
看起来效果好好，被a姐种草了,0.9655141628866853
调性确实很搭,0.7833121090086462
好僵硬 戴森这么想不开,0.37344419574866417
ayayi不能做表情吗,0.5024003803079526
假的要死,0.29279978336291
和姐姐对视很难不心动,0.7672187954821377
是心动的感觉,0.8228435460688047
少执着于表面，对探究下深层面的东西,0.9924787433976479
实话说，有点ai生成图片的意思，虽然身体是真人，但是脸 。。没灵魂。 而且光有个好看的皮.. 我是不明白为什么有虚拟人这种项目存在，只有外表的ip没有内容，没有深度，没有故事,0.955940631425161
这个题材是真的非常好的！,0.7470877074725526
好会搭配，眼光棒棒哒,0.6696102774987002
这配色真牛逼。,0.607237894129348
欢迎收看随便一张都是头像系列,0.4182681548399705
A姐的穿搭越来越潮了,0.746053415047014
p图技术再练练吧，根本就没本人好看，从拍摄的角度来看，摄手法精准角度清晰可见背景平实而不失风采独特堪称现代拍客之经典巨作这张照片平淡显示出不凡的焦点可谓是美不胜收，出道吧，我带着七大姑小大姨给你投票,0.9999999999798324
A姐真的跟上了时代的步伐,0.9018821461978
你怎么那么好看又那么可爱！,0.9037168906081114
被图三吸引,0.7099202193056946
皮肤真是棒,0.9527560097998161
有够占便宜的，一毛不拔就拿走了我的心,0.6600645032864167
get新的拍照姿势,0.40848345545645537
这穿搭我一整个爱住,0.6277280183845587
烙铁真会穿,0.6155987804206715
支持！全网第一个国产漫改鞋,0.32484835065009954
跟着A姐学拍照,0.9487874386162167
又酷又飒,0.7159768025103195
姐姐又酷又飒爱了爱了,0.9804436770314494
好会拍，氛围感拉满,0.5768697213477483
这张照片拍得好赛博朋克的感觉呀！,0.20679147628563588
女明星出街！,0.8570918104546744
她不会她资源很好，保持稳定输出我认为才是王道贸然行动会打破之前的某些设定，计划和部署，谢谢(因为我喜欢虚拟人)，希望我的评论不会对你有太多影响,0.7206545219362585
衣服装配象了，妆容表情还是网红的样子,0.603443620333454
你这张照片很适合放在滑板下面 很帅,0.6730831316216298
好高级,0.5052722893854905
这眼神把我杀死了,0.9043350285434661
姐这么漂亮就连溜的狗狗也这么靓,0.9962231983756322
人工智能生成的人物也能这么多粉丝,0.5254635578192494
好家伙，属实飒到我了,0.14809602422870527
姐姐也太酷了吧，一整个爱住！,0.8528723470578392
感觉好不一样丫！眼神好杀！,0.7659835293164221
普通人不上班，像你一样难道也会有饭吃?,0.5726405505306987
姐姐这件泳衣好好看显得身材好好，腿好长,0.9986403144473835
这个绿房子拍照好出片哦,0.8759481116566245
哇姐姐这个照片在哪拍的！好出片哦,0.8052050204922283
越来越假背景感觉都是p上去的,0.8014897494915652
就喜欢氛围感好的地方,0.9426710534196296
好喜欢这个设计，紫色和黄色碰撞好好看,0.7559994315858442
我建议ayayi可以穿苗圣爱的虚拟时装，真的是很好的合作,0.570169358890658
如果我在她旁边，我能看见她吗？,0.4752066115702477
这身穿搭真的爱了美女怎么穿都很飒,0.9226026117612999
这套好好看，这衣服骑车绝了,0.8935701272817718
好漂亮啊 造型一百昏,0.9823162579927533
这个眼妆好好看呀！眼影不错哎,0.9571286446377771
这个妆容好干净啊，好高级，求妆教,0.8641360407238127
这个眼妆好漂亮啊,0.9326652666717784
两个人，对视，4k画质，高品质，杰作，美女，对视，精致的五官刻画，精致的头发刻画，精致的眼睛刻画，白色短发，丁达尔效应，氛围感，绚丽的光影,0.999999999095406
用的是哪个AI,0.5
你的ai绘画和我的好像不一样的 为什么你的这么智能,0.3247023667534421
姐姐穿红色太美了吧 跟菲拉格慕品牌超配的！！！,0.7331759324499034
感谢品牌方让我们看到这么美的A姐,0.9519288557058291
数字人也这么会穿搭的吗？,0.8322024592139317
讲真的，挺感兴趣的,0.9387155641629731
数字人也要打工的吗看来大家都是打工人,0.966645364910597
"主页进去了 怎么看像塑料人
这是虚拟的吗 我居然信了
Omg，AYAYl居然回我了",0.0015954104408346659
风格有所突破啊，姐姐太适合浓妆了，好美！！,0.9929502515912038
想看香水展还有虚拟服饰展~感觉很新奇耶,0.9473788003982309
我也想去打卡,0.504944793460378
厉害了，姐姐都办展览了~好漂亮啊~,0.8771706305138776
AYAYI也开展了，好想看啊，希望下次能办巡展，说不定就能看到了,0.5839914767157194
看上了眼珠子又看上了发色,0.824401639794062
甚至可以剪个同款发型,0.4976539082828412
感觉有点像混血儿，太好看了,0.8269884405526264
好科技感的美瞳，每一款都好好康哎,0.9854156525649483
好喜欢赛博街区！未来科技感,0.9984732198251387
线下我能看见你么,0.5159397192918976
糟了！是心动的感觉,0.3763784838740123
耶，雅阁也是我的梦中情车，竟然和AYAYI梦幻联动了，爱了爱了,0.8140739998028841
车好酷啊，和姐姐好搭,0.9566034796044065
这个美瞳真的又吸引到我了！好好看！,0.9462367768679649
moody 的宣传广告也太棒了吧 戴上美瞳就犹如看见浩瀚宇宙一样这个寓意太好了,0.9999838972818385
给设计师 点个赞,0.8336955934633417
也就看了十来遍,0.8789389571720675
这同款必须get了，，美女和好看的眼珠子绝配啊！！！,0.17813280261031772
绿色好美！宝贝可以原地结婚吗,0.9777633466189567
这张脸穿什么都好看！绝了,0.44332001394110687
最喜欢的博主和最喜欢的品牌梦幻联动了 太激动了谁懂 对MONCLER喜爱程度更上一层楼 有种穿梭在未来的科技感 希望以后多多合作 我爱看,0.9999987609252262
穿这么漂亮衣服的人，怎么能有这么好的气质,0.9646840267842712
高冷清酷可爱，银色彰显非凡，探索未知世界的美好生活！,0.9999990600159907
这个展览好有沉浸式的氛围感,0.9885679148290889
AYAYI好贴心，还给了看展穿搭小tips,0.9321896623146461
好美的腿好飒的气场，黑色套装真的太种草，get同款能不能把ayayi也送我,0.9969496302273573
今天的你也是宇宙独一无二的可爱，与众不同的可爱，表里如一的可爱，所有的科学道理也解释不出的可爱,0.9998079862908593
姐姐的穿搭永远穿到我心坎里的,0.81061820121068
这个图拍的好有创意，把姐姐和玉兔都拍的可可爱爱的,0.9995015850343073
这个图片拍的好有感觉一整个爱住了,0.6604101841860508
泳衣配雨靴，果然是穿搭博主能穿出的style,0.8839835850320445
又到了穿搭博主上身秋装下身裙子的搭配季节~非我等凡人能借鉴的，期待A姐出一些更日常的内容～,0.9911464218019432
A姐眼神若有所思的样子,0.9130231178674222
上周末去看展，里面全是拍照的，没啥艺术气息,0.9776412538243411
日常也太爱了,0.8800230262755208
ayayi 原来会笑啊，我一直以为你是机器人,0.6788887702295465
百变的风格，每次AYAYI都能完美驾驭,0.9455647242571151
你还是穿显身材的好,0.9657967388875024
漂亮姐姐入秋的仪式感满满，包包和美女的搭配一瞬间就有秋的感觉了,0.9999229490372691
这看着也太假了,0.5063887974136886
主要靠建模师渲染技术和显卡的香气,0.8123080107440925
脸不太真,0.1279706549099442
好有氛围感,0.908235621373933
我想说身材怎么可以这么好哇,0.881566246379564
数字人也要防晒嘛？会不会变黑,0.7806370260901574
不管工作多忙碌，也要停下脚步感受不一样的生活方式，跟随博世产品，放眼未来，多姿多彩。,0.9999925248621592
哇惊喜联动！家里装修有参考了攒攒钱买ayayi同款,0.6665314094037452
这就是我想象中的未来的生活方式啊,0.9950934017886375
城市生活应该是快速的，但是还是要慢下来享受,0.9419588657514962
这简直就是我未来的城市生活 生活方式呀！场景好高级，好漂亮太安逸舒适了,0.9999559806572716
这样的生活真的很享受,0.9698656210234364
未来的城市生活是智能的、高效率的，博世完美符合了我对未来生活的想象，跟姐姐一起来到博世，探索未来生活新纪元,0.9999999978804046
我觉得未来城市的生活应该是满满的智能化吧！AYAYI今天白色的西装真的好酷，感觉你旁边那个冰箱好高级,0.9989520447796976
这个腿我属实羡慕了,0.9157594368430177
头P太小了，原模特头身比和这个脑袋完全不搭，显得脖子比头还粗，以后可以往协调的方向调整,0.3297828470763503
爱咖啡者的打卡圣地我也想去！能蹲个偶遇吗,0.6547093574799282
活捉本人，下来评论了好有意思，就应该多来和我们说说话，快点翻我牌,0.6101659249120465
看来数字人也要定期聚会维系感情,0.8471278187998419
"A姐若有所思的样子,在想什么能告诉我吗",0.7254493431968558
叫美术团队用点心吧，这脸运动时没表情，这肢体动态毫无张力，静态怼脸照出不了错，运动主题的太别扭了,0.209827382995312
额。。虚拟偶像，区别于日本动漫那样说生生的人设，虚拟偶像的产生原由就是成为资本家圈钱的工具，没有人设，没有内容，只有摆拍 这玩意会有人喜欢吗,0.9571977029714289
说老实话，我真不是酸或者恶意，只是这个图都修得我分不清，到底是真人拍的照片，还是动画CG？看了评论区才知道是真人。修图是自由，爱美之心人皆有之。只是修到这个程度，适得其反。本人善意的建议，如不适，抱歉。,0.5498644743896323
虽然飞盘都挺假的，但你们这不仅假还很做，麻烦告诉造型师和摄影师，参考方向选错了,0.7069375402149338
这连建筑效果图都不如，目光呆滞，脸色塑料，技术员离裁员不远了吧,0.7510411565970501
我以为又出体感游戏了，不对，体感游戏的人物也是面带表情啊,0.9471970867026764
这建模不错，很像真人啊,0.9969473073457504
双眼无神，面无表情，拍照也不能这样拍吧,0.04976319283467023
建模脸,0.7229582576539947
这是两个假人儿吧,0.3998735310101622
这过于精致了,0.7505969026291309
之前就很喜欢姐姐和自然堂～这次梦幻联动当然要好好支持一下啦这次的灵感和总体设计配色都好棒好喜欢💕自然堂本身也是一个非常优秀的品牌，希望和姐姐一起可以创造更多美妙的时刻,0.9999999999553331
连风和阳光都会嫉妒吧，好像从清纯漫画走出来的女主角，这样的美貌简直就是人类洗眼液！必须支持国货啊~,0.9996566277813421
紫色的自然堂喜默因跟漂亮姐姐简直太配了，一整个爱住了,0.7539878323038781
这个场景好漂亮,0.9704189426430596
小姐姐这次的图图又高级又唯美呀,0.9768878866198915
科技感满满,0.8925802128475576
我可以和你做朋友吗,0.6895635733154736
建模脸，这身材绝了,0.9593166216519199
虚拟人也需要减肥吗我好讨厌身材焦虑 但是看到自己长胖一点点又开始焦虑,0.998994443696984
什么和我神似,0.5
第一张太酷了吧，虚拟配饰普通人可以戴吗？,0.9953120784711055
虚拟配饰的设计可以突破各种限制，更大程度上实现艺术畅想，我从这两张图上确实感受到了，期待AYAYI更多分享,0.9998349287978595
虚拟配饰确实比真实配饰设计空间要大一些,0.9243604954919623
数字人也会对自己感到迷茫吗,0.9891535044466618
有一说一，你设计的质感真好我看到别的也是虚拟衣服的但是那个效果真的很假就感觉还不如图，你这个高级感质感就在了,0.9323878224810694
这款比我看到小红书上别的效果好太多了这个真的立体而且真实诶,0.9307403922723176
刚想说你这件是最没有违和感的然后发现你也是建模人,0.9051012379731664
可以去偶遇哦,0.4869103343988235
现场太梦幻了，简直是童话世界,0.985654114097799
我也很想去偶遇你，尊的太美了吧这个造型！好可爱啊,0.9864697639508085
人美身材好一身的艺术气息 真的是好惊艳啊 以后也要多多分享,0.9999963003577895
咱就是说这个活动氛围也太浓烈了吧 一整个狠狠爱住啦,0.7651657920784976
优雅又高级，真的超美啊，不愧是我们川沙妲己,0.9999463021344608
姐姐好米气质感爆棚，配上这款裙子看着让人着迷，一整个爱住了,0.997912035724325
精彩绝伦的表现力看上去真的是太有魅力了，的确是相当的惊喜啊,0.9994487022570666
被这身装扮给美到了，特别有氛围感，我也好想去实地打卡一下，想要亲身体,0.9551428459921812
这身造型呈现出无与伦比的高级感，超级有魅力的，充满了浪漫诗意。,0.9999949536228467
温柔与冷艳并存的妲己美得让人着迷，不得不信姐姐是有魔力的,0.9989797395630161
不得不说宝贝的颜值也太高了吧，时髦气息爆棚，看着就特别有吸引力,0.873838758114514
好像身临其境去打卡，这一次天猫可谓是给我来了一场大惊喜,0.9992621569253666
这个主题活动还蛮有意思的嘞！,0.9143619913976645
救命姐姐这一身穿搭真的好美呀 太让人心动了 好羡慕去迪士尼的每一个人呀有机会我也要去,0.9999988035072375
这是真人还是数字合成的？,0.6317337632152134
已经这么先进了嘛，原来科技已经很深的融入进我们的生活了,0.9992813953742323
我们一起来看看双11还有什么优惠吧[憧憬]最近缺纸巾，刚好要购入,0.5664944296539568
这也太赞了 不输真人呀,0.8501598100548057
太全面了，想要更好的生活或给生活更好的品质天猫是不错的选择，当然双十一就不能错过,0.9997894078653655
好喜欢抱抱这个发色 好科技感的颜色必须要去淘宝看看活动,0.9952527435423743
这真的太厉害了啊，真的是高科技满满啊，一定要去看看啊,0.6685540599294866
我都分不清楚是真人还是合成的了感觉很像的样子,0.3906983302901198
脑洞太大了和真人没有违和感,0.918614095214342
AYAYI女人懂女人的心思 数字人可以针对我们给出合适的推荐,0.9659399189280299
现在的AI技术已经达到这个程度了吗，太的太强大了,0.3738094962177019
真的分不清谁是谁了科技就是牛,0.733619143882459
视频里的数字人和真人一样有亲和力。,0.992729041542249
AYAYI太酷，这样的方式好新颖,0.9052404654795921
数字人带货是越来越成熟了,0.97639957702221
AI的科技太厉害了啊,0.40735941104354023
数字人和真人一样有亲和力啊好漂亮,0.9994970519427633
要不要这么卷的，创意好nice,0.9690333763323975
感觉蛮多元化,0.707180148684037
好棒的创意，要能让我也加入就再好不过了,0.9774245428336802
这样的创意我给满分！,0.9700695488307891
打破常规不被定义非常的个性,0.8621368775508742
虚拟现实的结合还挺完美的,0.9743517220905771
谁这么有才华呀，创意满分,0.9959843406144547
这样的穿搭好好看,0.6185921050980515
很有故事感,0.9151068641370225
时尚感拉满了已经,0.8076948454712396
:靴子太个性了，是我喜欢的款式,0.6474432493581632
这个身材真的有羡慕到,0.9972710259864355
感觉真的是时尚感爆棚,0.9296577053227161
没有人能拒绝得了这第一眼看见的怦然心动,0.5588415233928964
不管是虚拟的还是现实的，他都有活力,0.9697022061678151
保持这个营业速度,0.7193782547760442
多多营业,0.6763734625516056
这个营业速度爱了,0.8727999285457173
真的好久不见了,0.5858796007828936
虽然本人没有艺术细胞，但这个一看就很厉害的样子,0.8899951027881223
非常优秀，虚拟的也这么努力,0.9341976615064733
感觉非常的有个性，一起期待完美的时尚,0.9988790343941394
女孩子最喜欢的穿搭，时尚又有活力,0.996323330031153
这么优秀的设计师一定非常的给力,0.7953872744360777
非常期待现实与生活的完美结合,0.9877867407073355
还拥有自己的想法的，一起get起来,0.9681862482815938
隔着屏幕都感受到了时尚的气息,0.974291896622908
现在的虚拟也挺有创意的,0.9762221582668343
跟姐姐一起学审美 了解历史啦,0.9636145721579634
大片既视感,0.649706405905443
这个创新真是太棒了,0.966155396403506
数字与实体有点不可思议，让我们见证奇迹吧,0.9807463147405322
AI也有无法表情管理的时刻,0.6014683926986952
好久没见了呀，多更新呢,0.44840649735686156
所以说A姐设定是可以变大吗,0.6645879096911261
这样的方式也是很新颖啊,0.9060633147986219
妈呀有点吓人哈哈哈,0.8765212561018433
咱们就是说真的整个心动了,0.6965802390969422
真的太羡慕了吧我也想要和姐姐合影,0.948383909330775
真的很想和姐姐一起参加,0.9514022602836282
感觉现场好有意思啊,0.7050724716194368
我也想到现场去体验一下,0.3165727774170428
全新科技感真的厉害了,0.8221121307411055
很有意义的活动,0.8167629588757233
能在地铁上看到a姐的海报吗,0.2939155970139896
在地铁上来个偶遇吧,0.7151598722417446
换种发色也是很不错的呢,0.8979850850893625
终于等到高清的蓝发小姐姐,0.9085804081703961
品牌方是真的有眼光,0.7457722449607808
换种心情,0.4799597305259564
一起换发型吧,0.2568513988453974
姐姐头发看起来就好柔顺,0.7886445610140863
我也想换发型了，长到尴尬期了，羡慕这发量,0.8221260881032283
最喜欢眼妆，青春靓丽的眼神,0.9998616814105284
眼晴眉毛画的相当有神彩,0.5579303061905045
五官的和谐度和氛围感有了，怪不得妆造这么好看,0.9581043751663189
这个妆容好喜欢啊，出教程吧，让我们大家都美美,0.9964373918996872
是动起来的姐姐耶,0.4544624970756588
这下可以解锁更多发型了,0.5520662980976165
你黑长直是什么样子,0.6917430041901919
期待AYAYI留长头发看看,0.523090675624771
能dream一个卷发嘛,0.45239096472125984
感谢邀请，期待AYAYI新造型啦,0.9155363356902099
银灰色短发有一种太空科幻片感，酷而美,0.9968266879456666
现在的造型就很美，换新造型就更让人期待了,0.9972645470303851
给我们带来很多惊喜,0.9462625185140485
好奇李佳琦在直播间是什么样的直播体验？对空气互动吗,0.5729378523593908
品牌方爸爸这个广好有创意啊奇思妙想的想法,0.9994310707053202
好有创意的品牌方呀,0.9566204421522126
其实挺好看的，除了有点干，特别磨眼睛以外，没有缺点,0.5523256813390266
每个美瞳的颜色都好梦幻，感谢品牌方,0.996921916615527
好想去现场感受一下啊,0.35032511799785704
数字艺术博大精深,0.9868797519244918
真的太有艺术氛围感了,0.9522510821019811
姐这身材比例太美了,0.9392537654539521
如果能有别的颜色就更还了真的好好看,0.9029966198479605
这款的设计非常有辨识度！我也真的很喜欢,0.9397130065179958
数字化个性碑,0.6031370701144003
原来这就是数字化的时代,0.8088468949888838
生活也变得数字化,0.8579885532140913
很有科技感,0.9244151089121634
好新奇的体验啊,0.9186904345934483
我只想知道你是完全建模产生的吗？ 好像也不是吧,0.5893367414887332
太卡通了，不太配,0.06107723618039396
拍大片既视感真的爱了,0.8528627799981672
这鞋子太另类了吧,0.5603257409986613
靴子太个性了，是我喜欢的款式,0.6474432493581632
这个角度拍照学会啦,0.9194312700504204
真的很喜欢这个颜色。,0.8531081746272092
场景暴露了很多东西啊哈哈哈 ,0.9007921962913713
有种过气网红的感觉,0.7605564466565272
有种女老板的架势是怎么回事,0.2223966556104443
姐姐精美装扮真的太让人震撼了，真的绝美,0.9923480768320395
羡慕了啊，我关注姐姐这么久居然都没有这么好的运气,0.9972333814765669
什么时候我也能收到A姐的明信片就好啦,0.5846061072324119
笑死了你小子真的很活跃 情人节评论区活人,0.8181057295455567
我怎么没想到拍一张这样的照片,0.17015228812801375
如果是和A姐谈恋爱我双手双脚赞成,0.8517495747945714
小利你这个表情能不能再灵动一点拉低颜值啊,0.20032154909425848
这个光照处理的 和没处理一样 ,0.21069452858126714
好家伙，你真的好忙啊，而且怎呢都是女性朋友，要做乖孩子啊,0.9950163957233061
:能真实同框更好了,0.6348939905026085
来个专业人士把我P上去,0.8738245098747608
感觉好久没有见到你了！,0.40507323505186255
我想当你朋友我想跟你一起玩,0.7676826397651723
为什么我评论不了图片,0.5568688658871305
是动起来的A姐诶,0.40621825794017863
接收到来自元宇宙的祝福啦,0.9979653727051047
AYAYI越来越优秀了,0.886189350622377
你没有表现出来兴奋,0.9584709986178153
谢谢你这么用心的分享，终于知道怎么样养花芯兔了。,0.9990159372952379
颜值特别高爱了 ,0.8655561009433723
这个风格特别喜欢 ,0.8548594861728196
这简直就是纯净又美好了,0.3590169342774906
怎么可以这么白呀,0.45783132530120485
真的很喜欢姐姐的头发颜色,0.9078264926577072
好有氛围感的照片啊,0.8825317381912022
新的一年希望姐姐越来越好,0.9344129897122178
AYAYI这个身材我真的羡慕死了，背后设计我真的很爱,0.999905239697869
这些生活碎片看的都很好看,0.9848015605565364
姐姐简直是大陆颜值的标杆，即使后脑勺也 是惊人的美貌！连和风阳光都会嫉妒吧，好 像从清纯漫画走出来的女主角，这样的美貌 简直是人类的洗眼液,0.9996192583329647
姐姐太有时尚感了 这衣服也是虚拟的吗,0.9616485390062699
下半身看起来太不真实了。好奇怪的组合。,0.42976694966629647
期待你的时尚品牌哟,0.9665433637435725
赶快见面！,0.6729704765340161
时尚与美貌共存,0.9936242645807359
我要把期待两个字打在公屏上。,0.5263571102566311
继续为我们带来更多元宇宙数字时尚的内容吧,0.9968400492017545
优秀的姐姐在哪里都闪闪发光,0.9852550174922159
我好喜欢这一身也太时尚了吧,0.9670666376916626
A姐引领时尚新潮流,0.9530854574018646
图技术再练练吧，根本就没本人好看，从 拍摄的角度来看，摄手法精准角度清晰可见 背景平实而不失风采独特堪称现代拍客之经 典巨作这张照片平淡显示出不凡的焦点可谓 是美不胜收,0.9999999999408116
有一种一鸣惊人了,0.7107602766101287
节日的氛围感这不就有了,0.6034172507241784
总感觉有点与众不同,0.7745111270758673
多多少少把我给惊艳到了,0.7953010094354556
怎么感觉有点怪怪的样子,0.82112330065886
圣诞节这么嗨皮的吗，这个颜色牛了,0.7197958310971707
:好有趣的一条微博,0.9234729608138603
这个身材比例羡煞旁人,0.852706799112455
每天get一个新的小技巧,0.7567341215940259
一直都很想学叠穿[泪]不敢穿出门,0.28314994925973724
这样的时尚单品好好看呀，要注意保暖,0.9595025425483771
背景也太美了吧。,0.8913932149739658
这几套装扮是通过数字化达到瞬时变装的吗？,0.40621719600268713
感谢分享，真的太可以了，非常nice,0.9369534181562891
要想夺人眼球，就要与众不同，加油,0.9882262915864872
眼妆真的是整个妆容的灵魂，只要眼妆比较出彩，这个妆容就会让人眼前一亮。,0.9994959659861079
看这个肌肉的纹理真不敢相信姐姐不是真实存在的,0.9781180627853893
期待A姐带我们通向另一个时尚的宇宙,0.9978375553981621
红色就是代表典雅，姐姐诠释的很好,0.9996139977236416
这个设计美学审美真的很绝,0.9888603288642611
真的是非常的有魅力哦，你和这个超级的配,0.9860607105274934
感谢邀请AYAYI 真的很适合,0.759931204291928
满满的优雅感真的不错 一起来体 探索一下意式风尚,0.9999114597805445
真的好喜欢这身衣服呀，但是穿在我身上应该会很失望，穿在姐姐身上真的好好看,0.9907707239461624
菲拉格慕真的太有眼光了，姐姐和这个品牌的适配度真的很高，可以很好的展现这个品牌,0.9987738276323842
姐姐和这个品牌很配,0.9208877672702753
这身造型真的好好看呀，红色的衣服和背景配上金色的头发好有韵味,0.9996331934651157
姐姐还是一定要注意保暖啊，身体健康最重要,0.9924080384002545
这锁骨可以在里面养鱼了，好羡慕,0.9945804807710023
暗黑系风格你也能驾驭 好牛啊,0.7503730207403375
数字构造出来的虚拟艺术世界，听着就很美妙,0.9999775303760136
虚拟与现实的碰撞，不知道会擦出怎样精彩的火花,0.9076519605440019
这是独属于数字人的浪漫，试图体验一下,0.9966089866824699
雅阁车配色高级。想跟姐姐一起去兜风了,0.21899738246664624
科技与创新总是让我们看到不一样的全新体验,0.9652447571317178
衣服很好看欸，很符合节日气氛,0.9332445582143498
元宇宙的水果好吃伐,0.9843361178329156
ayayi的笑简直就是狙击中了我~,0.28249442443590733
马也是假的,0.5078863382728062
创新出抖音新高度,0.33540663653213354
短视频内卷这么严重了啊,0.4117264636572666
今天最大的惊喜,0.9161185228084546
特效挺不错的，但是内容感觉莫名其妙的，因为不知道铺垫,0.8800364792569544
美妆博主赛道的最新高维度,0.5431331597113147
感觉这个视频的声音真的很好听，看别的没有那感觉,0.6319857477650458
两年前看的时候还分不出来，觉得挺像真人的，现在对ai真的一下就认出来了,0.9494502991366705
时隔多年，再看的时候，还是这么的惊艳,0.897677659726217
怎么不拍了,0.32588220875526897
你想拥有一个这样的超写实虚拟人吗？,0.9785066172715573
她竟然是一个假人,0.213493462228325
柳夜熙身材好好啊,0.9940488837431504
出道即巅峰，可惜后面创作不行了,0.8208027272166829
这第一个视频柳夜熙的配音才是经典,0.8825621806324263
她发的第一条视频里让我感觉她是个温柔大姐姐，到后面咋成高冷御姐了,0.9739079223794591
美妆行业得要大面积失业了,0.6063825848579203
配音差了一个档次，其他方面很完美,0.864647537610679
发型简单，我感觉他的妆造应该是古代吧，但是我感觉也有点儿不像古代呀，他的发型也简单，然后妆容也有点儿奇怪。,0.9836652293340862
原来是假人,0.5443456329515364
脸上的线是什么好奇怪啊,0.26631376752667824
她的眉毛是专业的,0.5758188131759495
这不比某些垃圾动漫强,0.04788065701166788
期待更新，感觉这个赛博风若是做成多个城市和人物的系列故事，会是一件很酷的事，这个算是江南版吧,0.9994380007180406
这3D建模和特效做的不错呦～堪比科幻大片了都[赞]大佬团队强势出局,0.9659959140445161
其实VR眼镜才是，元宇宙，最初版,0.9735292464452548
不一样不一样和以前看到的段子不一样，赶紧关注一下，日后必成大佬。,0.5223144547833969
新的高度，可惜目前为止，AI超越不了目前的美妆博主 ，因为美妆博主她会手动 而AI只有机器控制 ，总不可能活在虚拟的世界吧 ，还是现实一点的美妆播主好,0.9970240752081179
真的是虚拟美妆欧。鬓角的毛发，和嘴形。可以看出来是实时加进去的。我猜是用了类似虚幻引擎的技术。[看]还有谁发现了？,0.8262634587255833
一个作品吸粉七十几万，不是大佬就是神,0.9753808762164571
我能说这个技术其实很粗燥拙劣吗？,0.15383150881146224
这种创作不是普通人玩的起的，团队太专业，影视级的,0.799319297724239
怎么说呢，本来想说建模很好，动捕细节演得也不错，但是配音差点意思，感觉配不上这张脸，没有惊艳感。 但是仔细一想，要是再用一个很美艳的配音，反而加重虚拟人的不真实感。 最后总结 妙~啊~~~,0.9967931058265366
确实是……有点僵硬,0.5365112200713743
感觉这个配音更好诶，现在的配音感觉怪怪的,0.08208891045878763
这个视频号，我现在终于理解政治老师天天讲的创新[泣不成声],0.9990531807606016
有种大片上映的感觉,0.7074157003118592
我说怎么会有这么精致女人，原来是虚拟人,0.8752108330429482
第一集的质感真的很强，后几集虽然也好看文化底蕴也高，但是希望能够像第一集一样质感那么逼真,0.99996318513922
感觉 好游戏的味道 不那么亲切 当今年代还是需要有感情的年代 虽然科技发达了 但那么亲切呢 没有感情的创意,0.9999963378015277
有人曾说：人类要么走向宇宙，要么被关在虚拟世界里,0.9999921316128739
怎么还不更新啊,0.2322985569551439
好高级的感觉,0.5274483204657385
我第一次看不知道的时候还以为真的是人[泪奔]，就是觉得嘴巴说话的时候因为这个妆就这样说话,0.3007530372502818
炒元宇宙的时候说自己元宇宙，现在ai火了说是ai数字人，实际就是电影特效而已,0.9922594519301416
画风变了,0.4927219512722112
这么有诚意的广告，种草了，最爱的品牌和最爱的博主,0.9978194018780026
有点尴尬的剧情,0.42361070433892734
视频咋越来越短了了,0.4612630920090044
姐姐太飒了,0.5670642150133128
很喜欢这个设定！,0.863324507578535
出道十几年零绯闻，值得拥有,0.9047778089031939
我怎么感觉柳夜熙越来越奇怪了呢,0.841129700606313
见证一个永不塌房的偶像诞生……以及……毁灭。,0.9998401811155718
现在的柳叶熙有一种成熟女人的知性美,0.9997524741439541
没有最初的视频真实了，之前初见柳夜熙真的感觉就是真人，这么长时间下来，已经一眼能看出来是假的了,0.9984906675569518
这个女生是电脑还是真人啊,0.8722130400844015
不用担心ai，以后人类的孩子都可以这样定制人工子宫养育，基因筛选高智商和优秀体力。自己就别乱生些歪瓜裂枣了,0.9998721996235082
"博主按人中时和深呼吸忍耐的表情,跟职场人面对领导时的内心活动,简直是灵活灵现了",0.9898612615942848
为什么我感觉她的声音变了,0.4468586766372614
我怎么感觉好像头像是动漫身体像是真人,0.7897309845114001
脸是假的，其他是真的吧，这个女的。不然动作这么丝滑脸却僵硬的很,0.6405504460692016
越来越人性化了,0.7077448519049118
柳夜熙的形象也是个AI吧,0.9237426702388198
感觉捏出来的人比柳更真实点,0.889544101578078
这个马尾很高 然后旁边还有两条须 很好看这个马尾很高 然后旁边还有两条须 很好看,0.9990931025236801
我想知道这种视频怎么做出来的,0.7471367824498556
我觉得这个真的好牛啊。每一个视频质量都好高,0.9502058100451444
柳夜熙到底是不是真人啊,0.9614168902378315
这广告，要是广告都做到这个程度，我看电视都不带换台的,0.07563687080020554
分析的到位[good]。所谓偶像就是能满足自己心理需求的各种存在。这种偶像可以是任何一种设定，但就不能是其自己。,0.9997802818114133
无意之间发现夜熙接广告了,0.8656411432429153
咱夜熙其实以前挺火的，就是之后更新太慢没热度了,0.7034667529621448
原来虚拟人也有“接地气”的一面,0.8319261489965959
我还是喜欢你穿汉服的样子！,0.5314012637204912
不愧是我柳姐 代言了最爱的茉莉蜜茶,0.9993599962848718
一时间分不清哪个是真人,0.9142325920070228
感觉额两侧感觉额两侧太窄了➕眉毛短显得上半张脸有点局促太窄了➕眉毛短显得上半张脸有点局促,0.0035782284146468335
个人认为，眼睛化的不符合我的审美。谢谢,0.5247568221098916
"感觉额两侧太窄了➕眉毛短显得上半张脸有点局促
",0.059404811853167594
为啥脸有种一直戴着眼镜，突然摘下的感觉,0.14202155651865633
虚拟人物和真人接触这咋做到的，求解惑,0.9898018754386959
为什么加不了粉丝群啊，有没有群管理啊,0.28114476021260193
柳姐真的好漂亮,0.9514469872613565
我觉得柳夜熙是虚拟人物中最真的一个了,0.9840044890719397
过于细致就不像人类了,0.899479409997179
我怎么感觉她海报抄袭琉璃电视剧男女主角啊,0.4783761279110972
怎么感觉柳夜熙很胖啊，是真胖了还是发型的原因啊,0.7885607775353065
柳夜熙是我唯一不讨厌的Ai，因为她三观太正了,0.8260055628366701
我从早年没删抖音时就关注她 没想到能看着她越来越厉害,0.24398360248042117
柳夜熙的视频从不让我失望,0.7364692654746389
你到底是真人还是假人呢？,0.5952639226783587
柳姐越来越可爱啦,0.8307516405657216
声音是真的好恐怖,0.3300214688450859
只有我的注意点一直在她的穿搭上嘛,0.3392390107819223
AI系统会把买家气疯,0.05491403441288756
这一套衣服裤子有没有链接,0.5437276554965574
就是真人拍摄，然后用建模脸覆盖上去,0.9848870623959949
我感觉是身体和胳膊的衔接处不是很像真人，其它都很像,0.996836838883078
真人的身子，建模的脸,0.9080098070360656
好身材，秀出来,0.9869608816898325
老奶奶的演技包括故事性也确实容易让人产生共鸣,0.9868973752190364
这样的皮肤，这世界上根本不可能有,0.8413306677636719
很想知道他的AI技术是不是真的上不封顶？,0.09084050558931545
拍的真不錯！,0.756055993309735
要是现在社会上已经出现了这种威胁人身安全能够换成家人朋友的脸的通话视频那只能说现在的坏人越来越可怕了,0.03733258777073167
最怕以后科技发展到这个地步,0.865529266118771
幻中幻中幻 这个世界还能更假么,0.999736750386378
时尚不分国界，时尚也不分时空,0.9772071359878475
你到底是人，还是虚拟人物,0.7512019571777826
说不定在不久后未来，虚拟偶像也会成为演员和广告代言人,0.9977925346256922
阳光下的脸部细节就不好处理了,0.9661929081709899
感觉是真人换了头，脖子很不自然,0.9409665736279973
习惯了柳夜熙的虚拟形象...见到3D世界的柳夜熙有点吃惊...,0.9979722485382986
这头一看就是假的 一种说不出的违和感 跟3d动漫里面的女角色一样,0.9316732792978345
我以为柳夜熙做的这么逼真了，原来只是换头了,0.9588082911271673
配色很漂亮，构图很美丽,0.9992937042829538
不看脸的话是真的像真人啊,0.7712801136031209
虚拟换头而已 身体服装都是真人 ，自从这个元宇宙被大家所了解的更多后 ，都明白跟圈钱骗局没什么区别，换个头就是虚拟人了？拜托，好好的提高吧,0.6857690737315038
只换脸，这就是中国元宇宙吗,0.9390581002841508
两年前这么多虚拟人 我把p图换头的全取关了 没想到仅剩几个继续粉的也开始搞这种糊弄了,0.04914625878177914
效果都快要以假乱真了,0.3209269387077248
大概是更新时间有点慢,0.17383281894793767
这真的是虚拟人吗?好细节！话说大大最近怎么不火啦,0.8476051397531885
妈妈呀，太好看了，哈哈哈，我迫不及待的想催更，虽然我知道这很难做，但是我真太想看，因为它太好看了,0.9921973911026647
近看感觉刘姐的头发有点油啊,0.46559139538572425
啥时候更新？,0.3205128205128208
真的是虚拟人吗，为什么我看评论区有好多人这么说的,0.4887899034295454
去年发的第一期视频，今年了，你瞅瞅你才发了几期？,0.047430488944121385
这么好看怎么不火，快火快火,0.37175553746720313
我都很久没看夜熙的作品了,0.957579234198357
小红书什么时候出啊 没有抖音,0.09770066529678734
求更新，柳姐你是我永远的姐，我求你快更吧,0.33945517804618075
她好像只在小音符更新视频,0.27495985099708475
为啥小红书不同步发视频呀,0.1221256638996725
在某音更的，熙熙一直都在那边更,0.3936347858797816
什么时候更新啊？我等了几年才更新了两个视频,0.08346068581595234
为什么这个作品里的评论都这么认真,0.6288137639665281
你打算什么时候更新？,0.28203185104386885
啦啦啦，十月都快来啦，更新还会远吗,0.4349404423356935
快更新,0.5176529902996423
为什么柳叶熙不发视频了？,0.8568632239985402
你终于记得你有社交帐号了吗,0.40328683057485604
我还是觉得身材比例做的不好，看着不舒服，逼死强迫症，能改改不,0.45182368373875903
我觉得没有持续爆火的原因之一是 换了配音 影响效果很大,0.08442524458313116
其实柳叶熙也没那么真实，她的皮肤不够细节，而且衣服也不像真正的衣服，真正的衣服没有那么丝滑,0.9926820059614128
一开始那个声音配上这个酷酷的脸，很吸引，后来.....声音就配不上了,0.0861397346741325
多多少少有点攻壳机动队的味儿了,0.5685743470291059
还是最开始那件衣服，适合柳夜熙,0.9405556963380196
几百年都不更新视频，净出一些造型,0.7884457198245515
还是小红书上人少啊！柳姐都没有过万,0.20287662866660983
什么时候更新生产队的驴都不敢这么慢,0.0697028314902377
你可以拍个电影,0.7704377668425177
虽然看不懂，但效果是真牛逼，支持一哈,0.7792335465212302
我们最近数字营销课就在研究你,0.9703571134007902
这么大个团队，有能耐就原创，别搞抄袭，吃相太难看，大家多去关注妆容原创,0.24682284032315072
被抄袭的更累好嘛，我干嘛要和抄袭者共情，不管多钱钱，底线守不住，它就该被钉在耻辱柱上，你这样说话是对所有一创人的霸凌,0.27254881637400863
这个特效做得好好，有一种科幻片的感觉,0.9494450064409891
听说这个子鼠妆是窃取别的美妆博主两年前的创意那个博主被剽窃创意但是因为争不过资本家只能打碎牙往肚子咽,0.9457435150182562
他们这种视频很难弄，资金消耗也非常的大，后期特效就要搞很久。更新慢，很正常。,0.9616574508298285
那你们来互动，我去更新,0.5963955244400448
你更新的内容我很喜欢，你更新的速度我不喜欢,0.6232491753954382
终于换了一个配音,0.17570336975850975
重催之下必有更新,0.14074359602352982
怎么换配音了，还是之前那个配音好听,0.03719599513613048
如果能弄成电视剧，一定很好看。,0.864819547904122
怎么最近都开始发图了？,0.4395631615845653
快更视频呢。我们等着那,0.7611259815588803
是看他的脸 像是那种虚拟的，然后再看他的手又像是人 ,0.6884210832819979
你的脸真的好动漫化,0.7687227721951518
那你快点更新嘛，我们都等着呢,0.4528693686151801
虚拟人物来做美妆博主，推到化妆品正常人也用不了啊，上她脸怎么都好看，上我们的脸就不一定了,0.1027512490953667
版权费到底创作者能收到多少……,0.08512260960045681
开始以为是广告，后面嘲讽拉满。还得是你啊,0.7260162519932704
这么优秀的账号为啥粉丝不到1000万,0.9847161239727225
什么时候开直播？,0.2048611846736641
你这是睡觉的时候姿势对了，灵感来了，才发的视频是吗？,0.14852863261770077
感觉好久没刷到了,0.5388307809253314
我喜欢这种风格的柳姐,0.7926643220653705
柳夜熙现在每天都在干啥呢,0.7513131834181594
一直在用祖马龙！这次换新款试试，柳姐推荐一定没错,0.8088021271526162
好久没刷到了，赞也不多但评论巨少,0.7472238479923925
可以考虑跟檀健次合拍一个,0.42652523855572033
柳夜熙一点没变 我都老了,0.8499088276334738
可看到你更新作品了，不容易啊,0.3795915378868382
越来越假了,0.5629601978340392
非常喜欢刘夜熙翻白眼，尤其是暗戳戳的白眼，老带劲儿了,0.900187484876503
像那个美妆博主，就是那个晚安粉哭的那个,0.5642661898780722
我觉得柳夜熙的妆容现在好一点,0.9159607215263357
流量不足,0.2500000000000001
现在塌房的底线越来越低了,0.5539257140529814
动漫柳夜熙真好看,0.47244540052481654
还好我拍照喜欢用美颜[不失礼貌的微笑]美颜会带美瞳[不失礼貌的微笑],0.9719765874936809
好像程潇,0.5097382184043056
很喜欢赛博朋克风格,0.9757524477201052
我看柳叶熙就像是在看电视剧一样,0.9718577937564321
好像程潇，建模逐渐趋于完美,0.981503010454902
很久没看 换风格了啊,0.45298396243948347
我觉得柳叶熙的配音和斗破苍穹里面云韵的声音好像。是不是我耳朵有问题,0.14824372273961406
评论说以后P图要加上眼神光,0.7304403014020847
就我不管拍什么眼睛都是黑黑的吗,0.08787235891415535
没看懂，谁能解释一下,0.16141703121620277
对不起，没有看懂可以给我解释一下吗？,0.12652811959181043
双彩虹是什么意思啊？,0.8233785314026695
懂了，以后p图我会带上眼神光,0.872652497955211
没懂，怕别人看还直播，双彩虹又是啥梗,0.46096762306645866
我看到过类似的视频，就通过眼睛反光的建筑找人，实际是那人自己p上去的,0.26461780768108734
这个数字人有点假,0.8061546761256306
我为啥感觉他长得像北秋,0.6603085235135876
不是单眼皮嘛，咋最后是双眼皮了,0.025230934726043652
短视频做的跟电影一样，要花不少钱吧,0.7553448508687641
现实照进剧中，这好像是真实案例，女的被她老公分尸了，冲走了,0.9378518782640954
真的好爱柳夜熙的设定，唯一喜欢的Ai人,0.9947483450579635
我最想知道柳姑娘到底有没有真人模型,0.9933654640489775
这短视频质量太高了,0.5062957256630315
突然发现她是美妆达人,0.4402125547876028
感觉模型没以前看着舒服了,0.8947108361479518
感觉肉肉的，小肚子都做出来了啊,0.3351350674428707
柳夜熙这身材可以，好生养,0.9887190669961552
好久不见柳夜熙的长相跟一开始不一样了[白眼]是换了Designer了么,0.7897196899947838
柳夜熙的脸跟以前不太一样了,0.5390067917041591
那个神探夏洛克的BGM一瞬间给我拉回去了,0.9170879445506215
柳夜熙长的越来越精致了,0.8508601011479751
我好喜欢这身装扮，太酷了。我想要壁纸,0.8660626663252454
这次的创作好有创意啊，更期待未来的作品了,0.9998454222784967
柳叶熙妥妥的肤白貌美大长腿,0.9761134132056991
这个视频真的很有意义,0.8781715698605899
看不懂,0.42581389983146645
看三遍明白了[笑哭] 黑衣服提前扮演妈妈让开门然后 在绿衣服后上来后关她,0.8749538882347843
不知道为什么迷上了,0.5970895378238966
这个拍的有意思,0.8090294788105133
太酷了，如果ai能把一堆负面情绪的话翻译成正常的客观叙事过程，那可太棒了,0.9957710388813195
最后BGM是周深的《好好生活就是美好生活》,0.9934788365920597
好像 柳夜熙长相调整了？,0.5764677463709851
为啥感觉没有以前精致了，越来越像合成cg了，不像以前看起来还像个真人,0.32667967363308514
AI时代来了，未来什么都可以是是假的，眼见都未必为实了，太可怕了,0.9516827949786819
现在AI骗人率那么高，熟人都分不清，更何况是路人呢？光说让大家鉴别，怎么去鉴别呀？我们需要的是一个破解方法，而不是一味的怼。,0.018990381537446255
是更改画风了吗 跟之前怎么长得不一样了 怪怪的,0.06875995818161096
柳夜熙怎么感觉没之前好看了,0.9149575380633227
最近更新频率有点高呀[看] 爱了爱了,0.7479740808717106
这个视频出发点是好的，可是传递的观念却是错误的，最后为什么要让女主自证清白？,0.9992517462409203
不喜欢这剧情，因为不喜欢造谣传谣的人，一个个真可恨又装作自己很无辜别人都这样之类的，好像刚才的嘴脸不是他一样，宁愿所有人都是冷漠的，至少这样要比传谣信谣好得多,0.8152018226322207
这一条广告值多少钱？,0.18973618577184803
大制作 当属柳夜熙,0.9680881938865425
AI真的需要国家高度重视 虽然科技在发展 但是有些技术需要更加合法化,0.9415840239484127
就服这种明明是做广告 但是很喜欢的,0.3574448696200929
真的，这个广告好炸裂，好让我炸裂啊,0.5283907912288113
阿康拍了这么高级的广告。冰红茶就不准涨价了喔,0.8780154689365933
一个广告为什么进度条那么长,0.3294480952235641
视频最后的bgm是什么 好好听,0.43135934619342753
抖音博主打广告最走心的,0.05327242628237994
好用心的广告，我都想喝了,0.6811248228401832
这茉莉花茶的广告真的太好了,0.5065848720053161
做镇高级的广告不要命了?,0.010766175319840143
广告创意不错,0.9653457206175564
让我措手不及，不，是万万没想到是个广告[捂脸]，这么好看的是广告,0.010164625737189681
这个包装可以设计更符合茉莉的风格，给人眼前一亮的感觉，视觉上更符合茉莉的清香。,0.9999983954447687
呀，好熟悉的剧情，这不韩立和师姐约会花海的时候吗,0.9720568346349139
这个广告拍的太好了吧，比电视上好多广告都好看，主要是看完之后还能知道它是广告,0.21668514626021906
是不是该有个线下见面会啊,0.30298532286741253
第一次觉得广告都这么好看,0.5015592077499262
Ai 能不能看出来，以后这种功能广泛用起来会咋样,0.22491925244265487
想不到吧，现在电视上的广告做的都不如短视频里面的广告,0.24839316121395327
广告可以有，但是希望把国产广告插入进去，不要外资企业的，不要外国品牌的，来个纯正的国产,0.029294248123346578
以后广告都按这个标准拍,0.2470123524693989
我觉得这个视频很有意义,0.8359326017597152
现实生活啦,0.9062064710111535
接广告了？以后是不是表示更新密度更快一点,0.23431796214863088
现在柳夜熙的做工越来越差了，没有刚一开始出来的惊艳真实。,0.9866397467028498
这个脸越来越假了，没有刚开始的那种,0.5322989512601418
流量一起来越拍越假了,0.18232019598320193
好创意，好广告,0.9362227366231515
现在AI发展之后 看柳夜熙也没那么惊艳了,0.9912507636191649
我发的视频照片都是p过的，所以说我的朋友家人们如果发现视频里的我特别漂亮，不要怀疑，那就是骗子,0.09252448940652913
怎么感觉ia这种技术有点可怕呢，控制不好世界还不乱套了,0.7142256407586127
懂的人就知道，这太牛了！无论从创意到视觉再到技术,0.978711141961198
接连看你几个视频都哭的我稀里哗啦的，这个终于治愈了我,0.9857611672166524
这种视频应该多一点才对，传播正能量才是媒介的本质,0.9829130648638507
从这个以后就感觉柳夜熙长相变了呢,0.469726750222196
这个编剧，我不得不承认，太有东西了,0.15764447869977805
已经没有最初的感觉了，最初的柳夜熙完全分不出真假，感觉和真人无区别，现在一眼假,0.9994642616817254
"这个主题挺好的[赞]
太有才了，适合现在的社会，现在人类都太燥了，接触的也多了，什么信息都有导致负面情绪很多，人原本就应该这样美好",0.9999244130508596
怎么办我竟然看不懂,0.07868081746296895
他的选题好有意思呀,0.8880137755152693
这个视频应该放在地铁上经常循环播放,0.4848302636156169
那个袖子没了感觉这衣服更时尚了,0.8395449487183902
这团队太强了,0.1007186208945976
你好，这到底是几几年的ai视频[笑哭]别人的视频里，为啥年纪对不上,0.0329749122691102
柳叶熙不是美妆博主吗 人设变了,0.9266772278723061
对不起，怪我没看懂[捂脸]，谁给总结下什么意思,0.09026286328643895
谢谢主播分享，这个拍的很有创意,0.9883159127747227
挺有意思，跟大片的感觉,0.927515270887591
看完就觉得开头还可以，整篇不知道在讲啥尬死了，就觉得那个导演演的还挺有意思的,0.990533142999455
那是不是说以后拍电影就不用真人了，明星要失业了，怪不得都去带货卖酒了,0.819747592370913
导演演技不错！这个男主角样子还不够真实，,0.9994975995364462
特效很赞。效果太棒了,0.9969381283855173
这是新剧吗，讲的什么意思我咋看不懂,0.9727847084664598
感觉表情真的有点假,0.6002278039535357
越发不火了,0.42729406445953977
柳叶熙的3D建模效果质感，感觉越来越差了。,0.986445070548364
假如这是广告，我觉得是用了心的，好看,0.47956119677605813
虽然说这次的妆有点丑,0.25157570717809463
这次的发型妆容服饰我欣赏不太来,0.9257718288687098
头发有点不真实。,0.5018776674475895
"为啥要换个发型,原来很好看啊",0.0663967479601768
这样太秃了发际线注意一下不是说你柳夜熙只是没有以前好看,0.8513819373004679
换声音了？,0.15816552673946271
这次感觉纯粹是为了特效,0.4700259605386148
恐怖谷效应,0.30944146780992465
抖音不扶持就没流量,0.6812506605332834
出道即巅峰，时隔半年咋断崖式下跌了呢？,0.6741794743659895
新发型显得头大脸大,0.5204951842373226
嘴唇真丑,0.3242098239053465
你们最大的问题是编剧，剧本表达不清晰，总是莫名其妙的看，莫名其妙的完，其实你们想表达的主题非常好，就是手法不行，个人看法，善意的表达,0.9486116039846185
买不起口红吗 每次就涂哪一点,0.10363718120307552
唯一不喜欢的就是这口红，总感觉像日本艺伎,0.8177449973671119
没有最初的惊艳了，现在感觉平平无奇了。,0.9952458989665682
谁给阿熙做的发型，出来挨打,0.9199414293358786
第一集柳叶熙配音和口型符合说话习惯，动作细致，符合人的动作习惯。看了3集，后面没有细看，看最新集，这集配音口型不对。动作有延迟，生硬。有一点不符合人类动作习惯。,0.9856729697168692
三千点赞几天不见怎么这么拉了,0.9005823565706126
画面逼真，广告创意不错,0.9859829215936128
看不懂都是导演的锅！！ 编剧很牛逼的 主要是限制视频时间 所以感觉剧情不连贯！编剧牛逼就完了！,0.7026820822741138
为什么我从去年关注你到现在没有一个视频能看董？是你的视频太先进了，还是我的思维跟不上现代的科技？,0.9933398264800658
柳夜熙更新的太慢了，这几年都不火了,0.49300412823595086
希望你明年的视频越来越惊艳,0.9834501140047295
成本很高的，所以更新得很慢[流泪][流泪]好的作品就是要慢慢磨练啊，那种流水线的视频虽然好看，但真的很没新意啊[流泪],0.9557771476826217
除了十八流的文案编剧，其他都是一流,0.9990402824798044
这要拍成动漫或者电视剧我肯定爱死,0.1982825022204734
虽然好看，但是看不懂什么剧情,0.7173662094338105
以前觉得还行，现在越看越尴尬,0.8004192086639995
故事很有深意，但是有点太老套了，可能是新鲜感过了吧,0.8414470210032066
建议作品整理一下顺序以便在此重温 谢谢,0.7823846966003862
配音是换了吗，都很好听捏,0.1311179682469562
能不能出个完整版的合集，分开了，有些看不懂,0.17143789232537066
之前拖更了那么久，我们都以为完结了。,0.364185016562939
太喜欢了，虽然看不懂,0.42302788281402326
一个小小的短视频拍出了电影的感觉,0.8862958821750092
口型和台词都对不上 … 这都做不好还整啥,0.39887534674398395
凉了吗，我怎么好久都刷不到了,0.24669502627585682
面部僵硬死了 本来就没啥水平 也只有在抖音上能被吹上天,0.0008119016314697136
这画质一天不如一天了感觉,0.430679458359737
之前做的很像真人，现在看就是动漫人物,0.955408564197939
在虚拟世界里还能看到真的东西，真好。。,0.9598712670553753
柳夜熙一细看她的妆容不咋的,0.8315069337282593
虽然但是[流泪]真的很像黑眼圈…报看啊报看[流泪]脸有一种很生硬的黑的感觉[泪奔]再完善一下吧 开头创意很好,0.9866800242676003
差评 今天看着颜值下降了太多,0.037812986175986385
这个笔真的好帅，如果有真的有这种笔就好的，我肯定会买,0.8053941298811048
感觉衣服不是很配，换明制汉服好看,0.3985995715620496
创意绝了，但是怎么感觉这次的柳夜熙有点老啊，黑眼圈和眼袋很重诶，没有其他期好看。,0.9943051941582396
为什么现在越做越没创意了我是因为第一期的视频而关注柳夜熙的，那个时候的作品质量都非常好，包括柳夜熙这个建模也行，然而现在视频质量不仅越做越差，柳夜熙也变得不好看了看看现在大家对柳夜熙的那些评论真是心寒，拜托你好好做吧,0.9999991622273767
这次视频好水啊，剧情也没什么设计啊,0.7618528592850464
柳叶熙怎么变假了[流泪]看到第一个视频的时候像真人,0.9822325320559383
好拉的配音,0.7393721470940485
这条广告费不便宜啊，效果很好,0.6177333335523382
画面逼真，科技感十足,0.9848357515903023
感觉账号的制作换人了，剧情没刚开始好了,0.9398604553351833
为什么这么多人说这广告不好，我觉得很好啊，最起码我想看完啊，不像有的广告一眼也不想看,0.10979793003536287
很好的题材，可惜缺了一个好编剧，跟慧慧周一样，一些立意很好的故事，只是简单点到，而且没有更好的衔接起来，,0.9900475264541779
啥乱七八糟的，终究是编不下去了,0.3423713246578014
我真的不理解。。。。人家为什么不能接广告啊？人家好好的赚钱有什么不好的吗，看着真的好生气啊，你上班做东西是为爱发电？,0.15787864067984914
超级喜欢这款广告，集魔法玄幻为一体！,0.9989586584275225
那么多人表现得很惊奇，就我觉得这个还没电视好看,0.9454443210600323
像看大片一样，很有创意,0.9625491859021429
谢谢植入，以后刷抖音少一份期待了,0.17674968981841965
是把一集做长一些吧，20分钟左右这样，剧情交代得更清楚点。可以增加戏份但是不必增加特效，不然剧情有些看不明白，而且这么多信息量挤在几分钟之内讲完，看着很累。这么炫的特效这么酷的设定，不把故事说好来有点可惜。,0.9996847100363078
画质为啥这么糊,0.07149597783721395
这是什么？没有头和尾，但看起又不错,0.5127537235482977
太深奥，以我的智商看不懂,0.4859701709959928
更新的太慢了，流量感觉变少了,0.031415750863810876
每个作品都有一定的寓意，还含有大量的中国元素，真的好爱,0.9984697600929231
怎么那么久不更新了,0.2980829033187098
emmm，这个柳夜熙的cv没有之前那种虚幻，空洞的感觉了，现在这个反而真实了，个人还是喜欢之前的配音,0.9484220630535153
美女姐姐是从壁画里飞出来的吧,0.6671406480109232
看来都是栩栩如生了呀，虚拟人仿佛就是和真人一模一样的 ,0.9954654594758144
来都是栩栩如生了呀，虚拟人仿佛就是和真人一模一样的 ,0.9954654594758144
该说不说这建模完美啊！其实虚拟偶像好像蛮有前景的，因为不会塌房,0.7934413575082682
这个扮相这个造型真的是特别的有感觉,0.8958382923561978
国风也是太美了啊！闪耀着艳丽民族风啊,0.9452498139674351
再现当年的敦煌莫高窟壁画，好像是从壁画中走出来了一样,0.9892647401225657
不得不承认，这个画面画的实在太好看了。真的是惟妙惟肖。,0.7131143493636228
虚拟人生动形象，也有她自己独特的美丽，来自元宇宙的美人 ,0.9999921942440949
虚拟人这也是很有创意，都是很漂亮的呀，看着都是很喜欢的哦，栩栩如生 ,0.9999322415674514
简直就和设计里面的人物画的妆一模一样。,0.1217173117635807
服饰和发饰都给我们带来惊艳的感觉。,0.9968345460285758
你的声音如展翅欲飞的蝴蝶扑闪着灵动的翅膀,0.9199905590015289
这是和传奇世界那个游戏官方合作了吗,0.988380330264177
通过古诗刻画人物形象，古诗与人物相配，气氛满满,0.9998781757190239
小雪和古诗词真的很搭配呢，小姐姐好漂亮适合这个氛围,0.9998959932829453
恭喜天妤成为传世世界宣传大使,0.9728856543311823
期待11.23与天妤的相遇啦,0.7819517303740106
构建和谐社会，有天妤有我们一起同行呀,0.2347299148885016
天妤现在要进军时尚圈了吗？,0.6259703710981075
那个虚拟人是天妤吧？她拍的短剧都挺好看的,0.8038482782885673
粉丝见面会快点来一波！,0.8058498250328806
哇！虚拟人也能走红毯？,0.26638640657376067
这个视频拍的质感满满[哈哈]太喜欢这种风格了,0.9290943562327246
风格还真挺搭的,0.879232043514119
我的天啊，虚拟人c位合影，也太牛了吧，期待看到各位主创们的表现，天妤能情绪看电影嘛,0.618441859045721
原来如此，我还放大看了，怎么就中间的脸那么假,0.3522884132862447
天妤和封神好搭，哈哈 非常棒,0.9807361631114508
美女姐姐回复我了,0.21436859428568678
更的太少了，而且有很多重复的,0.47374164616562897
咱就是说，这得让程序员和建模师等人掉多少头发,0.17797718082770186
他的眼睛好像是桃花眼。,0.8573631409181885
是不是真人建模啊，手指，走路的姿态特别像真人,0.9994084192625332
全景虚拟，智能AI应该像这样为人类发展,0.9983626842797904
"我一开始以为广告呢！
视频制作精良：精在形状，圆形，方行，方形的叠加移位留下的阴影，方形图像上天妤姐姐抱琵琶，有下巴人字形，在于丢在意不在意的天廊之别！空间，空白，还是阴影的堆砌引人思考！",0.5664084187445888
这动画做的好,0.9605127858996562
是身体真人只是把AI的脸弄上去了,0.7993696685466075
身体好真实啊，尤其是刚下车的时候，还以为哪个女明星呢,0.9911536630483797
哇塞拍的真不错太好看了轻漫计划太棒了,0.8297219385939749
这不是实体身体加上虚拟化的头吗？,0.8784420292800226
就是眨眼有问题啦,0.5
天妤好漂亮,0.8848271609464184
堪比大电影,0.8939474430530255
发型不能换换,0.2288371977403414
最后有点发福的感觉,0.4325514920417697
我以为是柳夜熙,0.9000299615145505
穿这个的话，我想你可以换个头饰更好看,0.7034062035442161
谁家好人头是古风的 穿礼服啊,0.09259615652388897
这身体好像真人,0.9786387600106838
头一次感觉像是AI换脸，就跟抠图似的,0.0806052818829428
感觉天妤变胖了，有点肉肉的脸,0.3185246296025963
这镜头和变化真的好乱,0.7757614270364852
看到颈纹了,0.5
我以为是动画片，，真的好看，太漂亮了,0.9045178078739535
"天妤终于开始找碎片了
",0.40933042080295956
总感觉有点什么深层次的东西，但是我没完全ge,0.6191122372170655
的衣服和你的头饰不怎么搭呢，也许应该把衣服改成敦煌的黄蓝色，嗯，再添加点橙色，就会更好看啦，你的头饰呢，还是需要做出巨大的改变，有幸的话我有时间，嗯，会用用手画的方式帮你设计一套,0.9992264223054677
我怀疑你在给游戏做广告,0.3649787815174428
已经举报了，内容信息不正确，蹴鞠不是这个样子的,0.32864856881788496
好高的质量,0.7473240217448373
报道新闻就好好到实地报道！竟扯一些没用的东西,0.5932229379464217
人是真人脸换了！脸部建模有点僵硬。再接再厉,0.9955113169049341
请问脸怎么回事？特别是那眼睛，你要是弄新疆服饰可以这样，但别拼凑,0.20670141352082838
放在虚拟人界也是炸裂的存在,0.5608304540994631
天妤等你好久了，你只在传统节日，才更新吗？,0.17929758713719401
看了这么多的天妤的短视频盘一盘天妤的优点，当然她的优点是通过对比与人的相处对比表现出来的！壹，她很高明，作为壁画，似乎被元镜唤醒，陷入人间纠纷，在那无彼无极之境，无时无刻之镜！貮，心细（体现在有对情人问明年的今天会是什么样）（画爱心的动作），粗犷（算力的咄咄逼人）“醒狮莫贪玩，随我回壁画”“救南姝，撕心裂肺的喊叫，南姝不要”,0.9999998186057184
加油，多接点广告，因为你接的广告都好好看,0.7959833976907963
"这个视频创意在哪？
",0.9544405230619931
"能不能换个真人的妆容
",0.5346012981347746
"还能 出以前的那一些吗
终于不是什么咸鱼之王这种垃圾广告咯",0.14915736782206235
这身打扮好像初凰]除了头饰和发型,0.7886393369265179
我都看了好几遍了，都看不懂，这是什么意思？,0.7158762205748056
这特效也太厉害了，怎么拍的？求带,0.15800643619105226
拍的真好，怎么拍的美女,0.40838479060341326
"广告创意不错
",0.9653457206175564
视频做的太棒了，感谢作者大大让我们看到这么有意义的作品,0.9938109023484981
天宇妹妹，原来你下了妆也这么漂亮呀，你这样的视频是怎么拍的呀？我好羡慕你哦，,0.9974330719072145
出连续动画片吧,0.7880220727205485
很喜欢你的分享,0.9431337593354576
好完美的女人哦！太漂亮了吧,0.9741010014874057
果然这么完美的人只能是虚拟人 无意间刷到，这才是我心目中的古代美人啊[流泪] 大气温婉，冷静智慧 [流泪] 难以形容 总之太棒了,0.9999990492518327
"你都被写进题里了
",0.5142943303367481
"天妤已经不更新了吗？
",0.11049322371606307
她是真人吗？不知道的，还以为真的是动漫呢,0.35464513005140563
"去年第一次刷到你时以为是电脑制作的动漫，但你确实很美
",0.9453142456549279
"头是p上去的，头往下都是真人
",0.8398634247650832
"我这个脸型不知道可不可以也做一个漫画脸
",0.30329252929407546
"希望能改下发型，搭配不同的衣服
",0.5235739094556284
"我就想知道虚拟人与动画片的有什么区别
",0.6431572478472335
"你要是真的就好了
",0.7294568983972766
挺好看的的一个人物，如果是汉朝初年，绝对可以去匈奴和亲，给大汉争取一段修养生息的时间,0.9872481757183362
感觉就是换脸除了脸不真 其他都像真,0.10632580005040038
效果杠杠滴 喜欢,0.7687766648100554
每次看天妤的视频都有新收获，这个三侯的解释好美,0.9583138076265101
做的越来越敷衍，不来点剧情吗,0.07717965816898054
更新太慢了,0.09897439489327131
她真的不是从别的世界来的吗,0.8728472396062792
天妤把鼻子再优化一下就完美了,0.7132597172982695
这个ai还是有点假,0.4737672181921908
身形，气质，外貌，性格，都是我喜欢的,0.9187120961031604
天妤姐姐真的不管穿什么都好好看,0.8848192347614723
这个礼服太有创意,0.8360022400675208
这个配音真好,0.47826936527524955
为什么感觉这个头和身体不太匹配大了一截感觉,0.5208268835125033
中式妆发，西式服装，希望还是要提升一下审美，更统一点，太出戏了,0.9143741179699006
哇塞，我觉得这种古典重视盘发+现代礼服裙的搭配好好看好好看好好看啊,0.4974097541771435
这个眼睛看着怪怪的,0.20232387562730103
"天啦，这也太美了叭 像漫画里出来的一样！
啥时候直播带货啊
",0.4375568565848498
拍个电影吧。提个小意见 笑的时候，眼部不太自然。,0.6180348518188429
"真的好像女明星一样啊
",0.6844593245859417
感觉少了点灵魂，ai再接再厉,0.9773801558792157
牙齿太靠下了，我就说总觉得牙怪怪的,0.05292413102719562
我的天呀，什么特效，厉害,0.2819408825790086
真的有在认真讲好中国故事,0.952420926093498
"演员表情挺好 但是这个动画人物就僵尸脸
太帅了，惊艳全场",0.9994617190276173
这期的脸和服装有点拉了,0.09891553333265735
"天妤漂亮精细，也很温暖。
",0.9986502251245265
用现代科技弘扬中华传统文化,0.9947521364269812
其实我觉得身体是真人的，头部是虚拟人的，两者合成[看]，衣袖的毛茸茸和左侧的脖子有点不一样,0.642246600356389
好精彩的故事，很感人,0.9969510727109572
我以为我看了柳夜熙，再次确认一下名字，奇怪[发呆]这么像柳夜熙的吗？,0.8698108263279745
这到底是真人还是什么，我都快美的分不清了,0.5711191089783095
"太美了，表演天赋技能杠杠滴[赞]
妆画得有点过了[赞]
",0.9980202923997872
"你的变装填补了我空虚的心 而柳夜熙的光脚丫却把我重重地摔回到了现实
",0.9997481429898896
是天妤还是柳夜熙,0.8180390806334205
我第一眼还以为是真人化妆,0.9237538640282587
真是经典之作啊,0.6631666130302943
拍的像拍电影似的，还有古装,0.7268282891045551
女儿脸上出现的凤凰惊艳到我了，天妤好会,0.7176624852776112
剧情真的是正能量满满,0.9256672277257493
好真实的故事,0.9316242325712991
可是有多少人有特异功能能看到原本的真相呢,0.7967207404082116
天妤的衣服要是能再精致一些就好了,0.7692419955412896
为什么你的关注…………这么少?,0.8488153681686524
有谁见过他的真容,0.3609790547308728
正能量太感动了，我很喜欢。,0.9827064608487159
画面太美了,0.7802842064208241
我觉得天妤再不更新我就要疯掉了,0.006883066505990132
这视频拍的有点牛逼,0.7007772600376444
致敬那些脸上有瑕疵的人,0.6659512281228884
很好看，特别感动，剧情真的是正能量满满的家长努力吧,0.99967245276742
这个虚拟人太假了，还不如把天羽换成真人,0.870210330059178
天妤团队牛逼,0.4090985014775944
第一遍没看懂，又看了第二遍,0.822661715899733
这是我头一次喜欢看的广告,0.4756769808823691
看半天没有看懂让人们看的是什么更没有看明白,0.7897677604653033
正片能不能快点来啊，好期待啊,0.7870618687103716
预告要素好多啊，无比期待了咱就是说,0.3596275688183401
这次的剧情真的带感嘛！天妤剧情突破了啊,0.985008449095493
预告好揪心啊，天妤出现我都舒了一口气，期待正片！,0.9984536861867085
被天妤那句话暖到，姐姐真的是温暖又有力量,0.9979268939948961
这么好看，肯定是拿程序员头发换的,0.18751166660870489
真的好好看啊，不过这个真的是建模脸 太好看了 比建模还好看,0.996055331938377
真厉害的效果，怎么搞的，我也要会,0.20160441823963704
啥时候带货，我要给媳妇买,0.08772511986110376
太美了，科技元素满满,0.9654464772843079
非常有创意很好看，视频再长一点就完美了！,0.9980143468383823
这创意很好，我以为是电话剧呢,0.9717427300307301
中国风真的是太好看了,0.6999439287170329
说真，柳夜熙颜值更高更有辨识度，你这也太一般了,0.7896701860714702
好逼真啊，现在国漫都这么好了,0.8940294707350421
用心了，用心了，短剧太好看了,0.9438037995928051
作品太吸引人了,0.7663417460705199
天妤也来带货了,0.25556520886961454
很久没看到这么好的广告了,0.42198701977174335
好唯美的意境啊，愿美好的的一刻可以停留在你的心里,0.9960766893785903
广告吗，若不是最后一句，还真没有反应出来是广告，好唯美,0.775746494826225
一瞬间回到了年轻的起点，太美了吧,0.9980354337071692
抖音元宇宙世界杯期待你的表现,0.8703506996134647
对，多输出一些正能量人设，中国传统文化输出，传统节日，传送人物传记，结合中国历史，科技与传统文化结合，游戏科技也可以实现教育！加油,0.9999999931438792
产品很好用,0.7853504415636449
这才是有创意的广告,0.7397467818580284
我想看天妤姐姐和柳夜熙同框,0.7884971299198368
天妤啥时候学的车啊,0.5344500158148797
要是国漫都是这种风格，我天天追了,0.8863789506523839
天妤坐上车的样子给人无限的高级感，虚拟人物带给我们的遐想太美好了。,0.9920331863315855
能奔向月球的车真的好酷哦！,0.9601347582433224
天妤与汽车的结合简直创意满分啊！,0.5972548160362896
天妤坐上车以后进去异次元，太不可思议了,0.06875759853836827
比小鲜肉古装剧好看多了,0.9863133954959736
天妤，你有驾照吗？没驾照不许开车！严禁无证驾驶！,0.10801910261474712
国潮也可以充满科技感，这是科技与新潮的敦煌元素，绝了，简直不要好看啊，,0.9968268953294875
喜欢类似这样的动漫 动作流畅自然 不僵硬 质感线条也好看,0.9985692999474779
凤凰幻化而成的轿跑真的太帅了,0.5910340757904043
国潮也可以充满未来感，科技与新潮的敦煌元素，绝了,0.9997245271199451
感觉天妤坐上车以后进入了异次元，画面太美妙了，好有代入感啊~,0.98823499217194
国泰民安脸来形容天妤最合适不过了,0.6433411783174492
天妤的长相完全符合中式审美，国风虚拟人YYDS,0.9420819337060307
天妤的国泰民安的脸太美了，画风和谐，引起极度舒适。,0.3190552993662904
实在是太美了，很有大唐美女的味道,0.8363837719082099
天妤，可以看你穿现代衣服吗？求求了,0.16000561953223857
"还是有剧情好看，没有剧情不好看了
",0.8727994980425433
这现频繁的广告创意真的很不错,0.9221918494713339
动漫神话人物形象好静美啊,0.9480611933572745
赶紧更新,0.1503431273152055
这个衣服摆动倒是挺不错的,0.7244426591464729
烟花太美了，祝所有人国庆快乐，祝我们祖国繁荣昌盛,0.9999231534315498
开明面容也捎带科技感就好了，这样两方对决不会显得有些突兀，毕竟都是三海经里面的人物,0.3251061720962958
天妤每一次的出场都让人惊艳，期待能再出一些山海经系列的作品！,0.9725203076598363
真的很好看！在二次元的世界里打出了一片天,0.9353855844344432
我居然看流泪了,0.5668269171162034
我的算力口型不对啊,0.504224412862742
怎么像动画身体又是真人。,0.9720649180012596
姐姐真是人美心善 这集泪目了,0.874153371979086
天妤的祝福接受到了啊，我的中秋圆满了,0.9674028286735825
她真的比建模还完美,0.96292459270459
感觉这服装和气质不是很搭,0.32549372411856625
高级感爆棚,0.5247186179240106
天呐！天妤和哈尼克孜梦幻联动了！天妤现在妥妥娱乐圈人儿,0.36787693406837274
抖音的服化都比电视剧好看,0.8373862415065367
于等到天妤姐姐更新，原来是在憋大招，光看预告就能想象到正片的精彩程度了！,0.06664773336744179
天妤姐姐的白娘子造型绝美，仙气值拉满了！,0.9840436837262045
这应该不是纯特效制作吧，应该是真人实景拍摄后期换脸？,0.9641475558056335
天妤的新发型和新衣服真的好看,0.7740136745429381
感觉手是真的，形体也真，就脸是虚拟的,0.48899609609295114
就是问天妤的现代装剧集什么时候上，一整个期待住,0.8776301371048773
天妤姐姐的更新频率也太高产了吧！！最卷虚拟人了,0.09055191755427938
手，身体，都是真人，就是头 是动漫的,0.9665887263886659
它又像真人，又像假人，真的有世界上的人有那么美吗？,0.9997409352766969
天妤姐姐的现代装也是YYDS,0.555153847482422
敦煌风装扮的天妤是典雅端庄，现代装就是气质女神️,0.998178430691524
跑的时候为啥显得有点矮,0.04922005134371643
我仿佛看到了柳叶熙，因为刘姐也是穿这种汉服的（样子），所以我就,0.9300094689533854
感觉如果脸的反光轻点更好看总体都比柳夜熙好看多了,0.9924178307924656
自我感觉比柳叶熙更加符合中国传统文化元素,0.9982340602895996
弹琵琶的天妤太美啦，最后的眼神好飒,0.509655463431756
天宇，你是真实存在的还是捏出来的呀，我感觉你好像是真实存在的。但是我又想你是不是平板电脑制作了我都好伤心，好难过。还声叹气的,0.9441940446395474
天妤，她的手好像真的人，可是脸很像动漫，不是，你们仔细看他的手是不是真的很像大人的真手？,0.8284885896699073
身体是真的，你看她胳膊上的丝带褶皱，3d技术应该还没这么自然。头应该是ai换过去的了。挺明显的,0.8256190087286662
这也太好看了吧 天怡姐姐这个好好看呀 带来了我们的欢乐和温暖 可以 姐姐你好善良呀 好想做你闺蜜呀,0.9999988372438899
你和柳夜熙多少有点关系，说吧，你是不是她闺蜜？,0.9375378045761266
那背景和柳夜熙的好像,0.9468927481517042
天宇姐姐，前面的那套黑色衣服真好,0.7424482681686754
终于看到国风虚拟人物了,0.8049407669156781
这个唇色好好看,0.31832463474799844
我还是感觉你最近就第1个视频里面的图中比较朴素比较好看嘛。,0.83184635569626
好美的国风虚拟人物啊，太好看了，每一处都恰到好处，太精致的美,0.9997916111512901
有没有可能是男的,0.39163794573007693
没个部位单独拿出来都挺好看。 合在一起就有违和感。,0.922447651657652
似乎动作和肌肉的伸缩没有结合起来，只有动作，身上的肌肉还有配合发力，看起来有一些僵硬,0.9965771667662405
你这粉丝太少了，果断关注，比那个柳啥的好看多了，这才东方美,0.9775673203297202
主题和内容挺好，但个人觉得制作还有待改进,0.969419481899517
"左手的动作要加强一下，很多时候右手舞了半天，左手就只是摇晃了一下下，加油
",0.09108648072397718
不太好看，技术比柳夜熙差点,0.5976605177361783
就是个动画片，说得那么高档做什么？请告诉我她和动画人物有什么区别！,0.9474622348360238
元宇宙的起点从中国文化开始,0.9911449680292019
太瘦了，不好看,0.8776549259240751
"光线真的好讲究，一动一颦关情，宜烟宜雨宜风，有鼓声，是""啊""与""明""的完美结合吧，关注你了！",0.9991874064801707
是坚定的眼神！坚毅，睿智又不缺优雅，中国东方美,0.9997150131456966
跨次元的合作，两位都很棒，越来越期待了,0.6204642118477476
在越来越文化自信啦，这样的联动我觉得很棒哦,0.9874706310952982
数字人也能戴真首饰呢？,0.9827983850894921
这样的氛围太给力了，再现东方奢侈品永不褪色的文化艺术魅力，好惊艳人,0.999937471210161
这样的体验也太有意义了吧！我也好想体验一下啊！希望我们的传统要一直传承下去！,0.9824370048555814
景和人都美哉,0.9686029841571199
又酷又飒，拱手,0.8719349600606986
终于更了,0.680047794342945
假人以后可以随时换人顶替,0.5835163161483097
满满的国风味，这就是梦金园，棒棒哒,0.9810697361815474
知道你为啥不火吗！眼睛里没有光,0.007519879665977225
有些角度 表情笑起来不好看 制作已经很好了,0.9803708741859838
文案和动画都一流，为啥不火啊,0.9461185262218063
漂亮，意境好美,0.997661659561695
唯一没火的虚拟人,0.6130785100076793
虚拟人的背后，是动捕演员，所以没有绝对的虚拟人。,0.9929399967283556
视频太长了,0.38363164786258097
可以说是绝对精美么,0.6392503418465771
要经常发呀，文化那么多,0.4608371809486268
不知道为什么 有一种说不出来的僵硬,0.14448457004186688
筱竹舞姿这么美，我猜应该不会回复我吧？,0.4322335095859461
你长的这么美，是真人还是动画合成的,0.9668430223177112
画面很美，脸有点僵,0.6958704166682639
建模非常不错，衣物头发动态也非常好，就是动作有点生硬，可以请专业的舞蹈员进行动作捕捉,0.9820539626769127
比我懂穿搭,0.5129606349009594
好酷炫啊。银白色挑染蓝的头发搭配白色羽绒服,0.9357435927916408
时尚大气我喜欢的风格[心]期待上市,0.9985782134155933
全新升级释放年轻的态度,0.963144154109647
真的是很不错啊安踏联名系列太喜欢了释放年轻态度品牌产品很棒太值得购买了,0.9994728970885541
封面你俩好像阿,0.6330781571123117
一起去看电影呗,0.8318999951450065
这看起来也太炫酷了吧,0.9179354988313294
我真的是特别看好这个数字人,0.8447303304803316
真的是非常的科幻啊,0.8093156925875876
元宇宙世界真的太厉害了呀,0.9670316923355478
我真的好喜欢这个源宇宙是界呀,0.9924341797010802
虚拟的世界，我也想进去看看,0.8714708058271269
真好看！这个画面太美了！我先去收藏一下,0.9374308403095187
有时间还是要去影院观看,0.8384709511937773
这部电影最近是很火爆呀 ，每一个镜头跟画面看着都很流畅 ，景色也更加美好！,0.999557795927884
夜熙更像真人一些，我第一次看到以为是真人呢，后来才知道是假的,0.9701651544082697
还是刘海好看，换回来,0.8944443455980458
第二代柳夜熙,0.9364533953762364
元宇宙里没有男人吗，都是女人,0.9606146219795574
为什么都在卷这个啊[捂脸]我真的get不到这种虚拟人物有多厉害,0.5032709786297043
说句实话这个人物做的很粗糙，（衣服）还有说话的时候更明显，可能是因为有对比吧！（有些游戏都比这细致）,0.44206444066801764
数字人会回复评论嘛我好奇,0.6372734133370309
又是一个虚拟人物都已经有那么多了[泣不成声]个人感觉，勿喷。,0.26582802743582556
柳夜熙有人抢你生意了,0.9146808102406041
谁来告诉我，希加加是真人还是机器人,0.9138740528550848
C＋＋我看到计算机专业的希望,0.7907278601769527
我想知道幕后谁给配音,0.6038926294894839
只有我觉得他的走路姿势很僵硬吗？,0.1536201942510026
不是所有模仿都能超越,0.7902846481584316
太真实，没有lyx那么像真人(个人意见),0.8269856286529895
表情差点,0.37447334431618595
一个柳夜熙一个希加加那下一个是不是叫加特林,0.9769084659207335
要是把这些服务器做成芯片，卧槽，机器人时代真的来临了,0.9891606264065086
咱就是说要不要考虑换一个中国风一点的名字 这个名字也不朋克也不可爱 感觉好怪,0.1500588975525502
还不如游戏的实机自然…加油加油,0.9888519423844474
真人版的傻妞,0.8155364385128415
肢体比较僵硬,0.536506635845359
动作生硬，声音杂乱，五毛特效？？接着卷，我还能承受,0.040046462086546275
估计是想多做几个搞宇宙电影，但是这没啥意思啊,0.9217150360435746
很明显的比柳夜熙要粗糙的多,0.8093681867676709
模仿柳叶熙 压根跟柳叶熙没法比,0.6111409011402626
说真的 不好看,0.41234820050690446
好像没有那么真实哎……有点失望,0.35871138244387835
我只想知道希加加的原型是谁,0.9746856015735496
感觉他是柳叶希的妹妹 ,0.9671847683694537
动作表情还是有点机械化，有点硬哦,0.2657805363245108
这个走路有点僵硬，人脸有点不自然,0.2694306448823558
这个成本更低吧…,0.34154141101884494
现在只要是个三维动画加人设就叫AI？啥叫智能？,0.9363532641099821
有一部分抄袭了《超体》电影里的镜头,0.617044837473887
你这打字速度没人能给你比,0.75220940277952
我只知道你这个做的不太像个人啊。,0.256401367433134
这个跟柳不是一个公司的吧，这个明显还有提升空间,0.716798547990664
已经倦了，换下性别或许关注人还更多,0.9933947556313844
首先你要有情感,0.9120879120879121
隔着屏幕都能闻到科技的味道,0.2711209922735348
又一个科技满满的美女,0.659252574067928
这三维做的不够细，粗糙了,0.42061314040202114
难看死了 放出来跟风吗,0.06522016834530375
24世纪的科技就是高,0.9243972304028761
看到这个就想到了柳夜熙,0.9196925159525511
和柳夜熙还是有差距的,0.9093577218168802
希加加跟柳夜熙谁更胜一筹，我觉得加加更加的科幻，柳夜熙偏向真人加科幻,0.9999927152323678
感觉希佳佳没有柳夜熙真,0.9974873869650439
高科技拉满，妥妥的帅气,0.7638809453422478
眷思量）的人 比这更像人 我感觉柳夜熙也比不过 不入直接把眷思量每个人物拎出来 直接秒杀,0.9951421659088922
作有点僵 而且现在Ai太多了,0.11626662982557123
好僵硬的模型动作,0.8138102484853055
有点点不自然的感觉,0.5221888753760169
恐怖谷效应啊,0.30944146780992465
一个动画片也能跟AI智能，元宇宙搭上边！,0.8571283316882914
分别借鉴了 攻壳机动队 超体 奇异博士 柳夜熙 我说得对吗？,0.9807761304031478
和二十年前的最终幻想里面的人物差远了，还需好好努力啊,0.9329542969686223
身处比例、步态都不协调。继续加油！,0.95586031562599
这年头做动画片的不好好做动画片，都开始做偶像,0.9716045462251347
咱就是说多了虚拟人物多了真的没有意思了,0.8980523486831523
实话，这个新的我感觉不怎么逼真,0.32420669917906986
这种东西都是一阵子 虚的 很快就没了,0.49421193452920376
动画做的一般,0.9341099455891985
了不得 他有一个强大的数据中心,0.8397702951679903
人家柳夜熙好歹身体是真的，你这好家伙从头到尾都是假的,0.9993826646433384
还没国漫做的10分之1真实,0.1644765501982931
期待有一天你和柳叶熙梦幻联动,0.978604370565623
脸和脖子两种颜色。而且人物比例有时候不对。那个路过的海报真好看,0.7747429084085626
创意好漂亮的主播很可爱,0.9990555904247144
新的纪元开始了,0.46339543199184974
都已经做特效了，这脸就不能做的有特色一点。,0.6180420587516033
抖音的虚拟主播就没有搞笑开始的嘛…非得整个严肃干嘛,0.20013249530342647
为什么你们做虚拟偶像的，都不重视剧本,0.9293778607028214
咱就是说.元宇宙也没必要这么卷.,0.823518002717117
模仿人家柳叶希，人家能给你带来灵感，你创作的东西差太远了，早早睡吧,0.8749750348600148
除了人物本身其他的都很精致,0.9664104153353889
柳夜熙看起来就像真人一样，后面出的几个都没那味了,0.9758939743998796
特效很酷，角色很僵硬，已阅,0.9687736794312464
头身比例略微有点不好，纹理感没柳夜熙强，但也是上等了[暗中观察]大家伙别喷啊，这个一帧都是钱啊,0.015016314356880889
中国动漫需要你们,0.5543546352234947
视频制作完全是大师级别。,0.8674314071767237
我觉得应该搞个长发,0.15805634842296634
这虚拟人物跟十年前的血战上海滩差不多，也敢放出来[微笑]，还能再僵硬一点吗,0.572463751715944
广告创意美术真好,0.9860184014888029
毕竟不是专业的，难免不是那么美好。百度赚那些广告费买个虚拟人物总够了吧[暗中观察],0.5709167940580386
没看懂所以感觉无聊，电影时间也忒长了，给我旁边无聊的都看小说了,0.28007565079593877
昨天看完电影我很怀疑，那是喜剧片还是灾难片，尤其是前40分钟,0.9666962384868826
好丑,0.47333945166727964
这个片不错，我喜欢看,0.9483112484769105
好家伙，A艾都有账号的,0.8339409792636441
没有美杜莎好看,0.9774824420266834
怎么感觉怪怪的，哪里出了问题。,0.2643070264047578
超酷的动漫小人，太棒了！,0.8787336717462276
你能做到更漂亮赏心悦目[泣不成声],0.9897504140733896
这音乐很烧脑呀,0.766005978863342
创意不错挺好的,0.9965802360438261
这高科技不错,0.9687515948306425
这个动漫设计的精彩漂亮逼真,0.9710094362240212
动漫设计精彩漂亮很逼真，,0.9841614528420383
太精彩了，科技的力量了不起！,0.9897416446045263
广告有创意！有时代感！科技的发展使人未料[灯笼]游戏科技就是科技的发展方向！就是科技的未来,0.9999994776436978
此款游戏画面清晰，内容科幻,0.9400385133513124
中国的动漫画面越来越美,0.9651595906007411
广告创意漂亮,0.9757591280371635
怎么会没有人评论啊,0.46193481908686074
请个配音员吧，真的好好看啊！可是这个声音我有点,0.40101069598597505
这不是机器人机器人钥匙还能拍视频？,0.17933621098031527
这是有自己的程序，还是有一个团队操控,0.6042997167719953
衣服的样式多一点好好不好？,0.7636805885493752
脖子两边的条条，有点设计的不太好， 乍一眼看过去有点奇怪，但她还是很好看,0.9431798360602351
你真的有自我意识吗？,0.5968072924037471
为什么这些人工智能都不好看？,0.6196688084309372
这个建模做的不行啊，直接就是换头而已[尬笑]不是，这么大个技术部，做个建模都做不好,0.7093842754065212
这虚拟人的口型做得真烂！那动画师怎么找到工作的,0.8837653163266035
厚重的刘海不搭配你这个五官 到底是哪个建模师 出来挨打,0.6624169426828921
当时看到的广告真的很好看，但为什么抖音建模有点点报看,0.28376037425418266
没有洛天依好看,0.6892074482293215
不知道为啥有点像杨洋,0.02569928536099797
这个创意广告非常好,0.8953480954895883
这广告很新颖,0.6794751733962006
自带电音的希加加,0.9074105942419468
感觉这每句的尾音尊的很张碧晨诶,0.077137036999115
什么玩意儿？？？建模垃圾！调音要命,0.0005764505617208426
有点像看芭比的 ，就是调调感觉有点相似,0.2661575638961007
这模型比小时候玩劲舞团好多了,0.9893910960365744
这建模真心不怎么样,0.8423054887294583
好多原画师开始地质AI作画。人家花了几万块报了绘画班，结果抵不过AI自动生成。,0.91490225456092
我只知道国外现在对AI绘画意见很大,0.27842241660347455
虚拟人用AI绘画，给电影主创,0.765493263647848
非常震撼，太美了,0.9136443364245331
广告哪，没有广告怎么行,0.17397688364837482
不晓得有什么惊艳的,0.37244510202187986
你知道人和Ai区别是什么嘛？人有无限遐想空间。Ai只有大量以知内容，然后东拼西凑合成一个所谓的新东西。,0.5431258211167668
这是综艺吗？,0.5
确实选的人都很符合他们自己,0.8985194018291465
前面那些声音啊，服装啊，给我一种很难受的感觉嗯,0.19804957079311314
怎么现在一个个虚拟人都这么随便又难看,0.19893920057663184
什么玩意，模型还是人声台词配音,0.849980924505707
这个人是虚拟的背后有人在操控着呢,0.968738157633187
虚拟人名字都不带改的吗 硬搬？,0.07694221292318593
你看我还能帮你换几次发型,0.18214105398736058
其实可以不加刘海的，长发也可以又酷又帅,0.8829815947861662
为什么我会对虚拟角色心动,0.9900681453289528
主播能不能优化麒麟刺音效,0.6901422871815718
和尚一般只有一个发型。,0.23328392864052083
没事儿，秃一次之后就没头发了，可以一直换发型了,0.1696253113598547
做的很好看，像真人一样,0.9760915831921289
其实可以不加刘海，长发也可以又酷又帅的,0.8829815947861662
不知道为什么我看她眉骨感觉好男性化，越看越像男生骨架,0.9162742482331707
是现实中的人么？为什么人都不看呢？,0.7980195605232766
换完也是那么的好看啊,0.6016372500192486
挺好挺好，永不塌房,0.9638446857560281
真僵硬啊，这面目是真僵硬啊,0.13350413982763687
画的图和照片沾边吗,0.8287578694022407
这玩意是ai，逗我的吧，连基本的回答都不利索,0.0014876597347334153
这AI做的太丑了，廉价感,0.08885110910405758
一群人跟空气说话真的奇怪 ai还是适合短视频 娱乐圈什么的也太怪了些,0.38410635879080024
所谓元宇宙就这？就c4d之类的搞出的一堆动画么,0.5898622654073953
所以希加加你是第一个登陆月球的虚拟人吗？,0.936437947938062
这个广告也太有意思了，给你点赞吧！,0.7524236508146378
科幻带入生活,0.9836066086625918
每天看着这样的创意广告,0.864758630962277
创意广告精彩新颖，值得点赞！,0.9979757364513324
这美女的表情有点怕,0.3173578742281552
作者姐姐，能不能化一个好看的天使？,0.9776656246286988
不可想像的创新,0.9317617869283239
有点丑,0.3437500000000001
时尚炫酷,0.9907121035698224
创意前卫,0.8020330678228421
这样下去模特们就快要失业了,0.6719526338628223
创意新苛，吸引目光。,0.9932679345460701
感觉了进入仙境一般,0.5221888753760177
双时装周走秀，炫酷！酷极啦！,0.9893422263323927
时尚，流行，很酷,0.9664940012029366
期待 太吸引眼球了,0.55604978602786
对我来说，不适应,0.549594073897753
炫酷的时装秀创意广告太美了,0.9969478600886201
虚拟时装秀有新意,0.957511416248817
时尚，枓技与创新结合,0.9478674557451381
好酷炫，为设计师点赞,0.9930630133512075
虚拟与现实给合是王道，现实中买了，虚拟中才能穿上，两者不分开，经济才能大发展。,0.9817786545881761
这衣服还只能走秀穿,0.4580556319952531
以后各行各业的人都好下岗了,0.6711174106760562
数字化再厉害也需要顶尖的工艺师转化成生产力，不然就是一张图纸,0.6229729589971428
还是有点不自然,0.5957839878398695
请科学界的大佬，不要插手艺术界的事情,0.5202041230231432
十年前劲舞团都有了，是不是没话题了，还只能AI,0.2522569235871345
模特也要失业了,0.4737672181921917
人类科技发展就是快，这和真人差不多，太惊奇了！,0.9991464207981704
真正强的是让人工智能自我学习，学习自我编程，慢慢的诞生自我意识,0.9999675333741654
虽然呈现的不好，但是也是一种突破，科学与艺术的碰撞，当今的艺术也该跟紧时代趋势，希望未来的几十年里能看到艺术与科技擦出靓丽的火花,0.9999999995304905
太漂亮了吧，看着好有科技感，你们谁做的这么厉害，感觉好有高级感。这么好的作品拿出来一定很自豪吧！,0.9997837637743675
没现实真人好看，继续加油吧,0.9922581960842803
现在不叫动画片了，叫AI虚拟人物,0.6251754096953728
这个服装的材料会是什么新材料呢，科技感满满，实在太炫太漂亮了,0.976619899093589
看见你的瞬间，全身像充满电流,0.7499615827430522
动漫很好，但和真实还是有差距，让人觉得有假的一面,0.8425580582716546
人控制的有意思吗？,0.8628797543773978
没有灵魂的玩意儿,0.8355356795081869
科技进步，但总感觉不太好，就不要再增加人类的失业风险了，总算明白移民的人的心理了，卷死一个算一个,0.9147127765649634
这动画水平停留在20年前,0.5664410936358073
除了丑一点其他都还好,0.45745995836580644
比例看着有点不舒服,0.5408838654143475
越来越没意思了,0.12051894830575327
"这虚拟效果做得好
",0.84787332353177
如果会回复就更好啦,0.35034268782572775
这个人物就不能做漂亮一点吗？,0.9140139485842758
还不都是人类创造的，在执行编程代码罢了,0.9936983853190554
器人比人类真人都更美,0.9985080826440665
掉帧很严重,0.6497584235794808
她真的智能的话，应该给自己换个漂亮点的模型,0.945108150721417
没有一种可能[捂脸]AI以后想电影里那种拥有自己的意识,0.9863675513792463
口型都对不上，还不如宫崎骏八几年的动画片,0.37315715515309367
不断创新，才有的未来！,0.9417460445853428
AI作画得是你输入文字要求 让他画吧。。不能给他个照片转成绘画,0.4663905829843966
怎么全程不唱一句呀,0.6098095275110447
说实在我看不出这些的意境,0.4971197625394229
现在科技真发达，想象力太丰富了，和真人一样,0.9737351618445764
欣赏不来模拟偶像,0.989901372460609
我看不懂，但很认真看。,0.6382384048186809
跟真的似的,0.5
特别漂亮，新的空气,0.952771152183891
要数字人都是这个颜值，我很愿意看！又不会塌房，这不比明星强！,0.8213094907977325
个人感觉建模的时候，林开开应该是女的建.感觉缺少了一点男子的气概,0.9927626826609788
我欣赏不来这种，不大喜欢这种要真不真的感觉,0.5087443102543406
这个视频的信息量很大啊,0.8467051105478032
这动作绝对是幼儿动画设计师,0.5060020558232985
了解一下初音未来吧，别人10多年前就已经玩全息投影啦。,0.9337681957305033
没有柳夜熙生动，一眼就能看出不是真人，柳夜熙第一次刷到的时候以为就是个真人,0.9990881440300766
你换换衣服吧,0.4129247474102383
目前我只看到的抖音虚拟人三大美女柳夜熙和天妤还有希加加,0.639875470358433
"我觉得啊，仅代表个人
既然是二次元就做得二次元一点，不要想得做得像真人，感觉眼睛很无神，看久了，就会觉得特别恐怖，我觉得设计理念什么的都挺好的，但是形象真的要改",0.9883043293890587
还不如3D区的蒂法表情多,0.4591636087515152
只有我觉得很尬吗,0.4241650903200018
这特效一言难尽,0.5576042581707906
这，科技还没发展成熟哈,0.9827512688074337
这个画面看起来真的好心动，感觉非常的神奇。,0.9208662687749471
搞来搞去就两个动作,0.42302956393904545
我一直想问，希加加这个名字和“c++”有什么关系,0.8427335013616589
视频作品太小了，不行,0.2898667113040334
造型很适合,0.9235901764039486
这应该是真人吧 只是剧里演唉ai,0.9909397945145565
可以理解为张相一般的演员用 AI 技术换了张脸,0.6671389709808204
技术这么发展下去演员不得全体失业啊,0.9604356815356666
我居然爱上了个ai,0.39009463215146356
这以后电视剧直接全员ai得了 啥高难度动作都能“亲自来”,0.544050479765965
敢用数字人也算是影视作品的一个创新了,0.5423002195824367
以前都不敢想还会有虚拟人存在，现在尽情想其他的觉得有些玄幻的事，也许将来万一就实现了呢,0.9700092542693106
数字演员？,0.981209147354529
这造型不像二壮像机器人如花,0.3202306850522173
有个节目还戴了收声器，不是真人戴什么收声,0.9931558130008585
以后估计淘汰真人了,0.7932624075609093
应该不是真人看得出微表情比起真人还是有点欠缺就是有点过于超越真实的那种,0.9992194410506682
有一说一， 真人躯干贴个一眼ai脸 做的直眉瞪眼有点拉胯,0.6121266504862364
我严重怀疑这是真人加了某种滤镜的,0.9550944656626504
美杜莎能不能做个数字演员出来，电影真的不忍直视,0.9989789079781339
为什么要这么大个脑袋呢,0.2523992690561059
我现在怀疑她是打着数字人的幌子出道,0.8129167753181463
如果你有意识请回复我,0.0428020889694295
感觉不像是数字人，而像是真人采集的,0.9379091245459926
你好，你是怎么拍摄的，真人演员模拟然后替身成你么，后期真人配音？,0.9999534428347737
赶快研发仿真机器人灵活的，让厘里有实体,0.9689460858307823
你到底是真人还是数字[九转大肠]我都有点懵了，太真实了,0.9213202806400101
喜欢厘里，情商高，聪明又可爱！,0.9882016230982057
都数字人了，为什么不能设计的更好看点哪,0.9773509387820164
你有自己的思想吗 ，我看到大左老师的数字人好像有自己的意识,0.9715450464693819
下次会演什么电视剧和电影里的角色,0.9910991221815939
衣服什么的也是电脑特效吗,0.5948598175423236
虚拟人出差是不是不用报销食宿费路费,0.14934123010408606
一个假人你们永远也摸不到实体的,0.5788951544026025
如果是三维制作的话，是非常费成本的，但是如果是真人拍摄加后期的话，就会省很多东西,0.987158891603361
试试换个眉型,0.48624839942608067
好羡慕你不会变老！,0.9883540374472454
是没人帮你扎头发么，咋都不扎丸子头了,0.2741766695733816
头发颜色不对啊,0.18018091461779118
既然是AI那可以自定义捏人吗,0.5119570751419457
真的，宣传照跟剧中有些微差别，就像真人一样，宣传照是P过的，到了剧中就变得自然点了，这个细节真的,0.9746344439092103
太有创意了,0.8498986136331007
我想知道身体是谁的,0.8199440769372278
这发型太萌了吧,0.5978788770317293
这个造型比丸子头好看,0.8659903876209903
期待探店,0.6660223402282218
这要怎么给片酬，经纪人是真人吗,0.5224811529734069
这不就是真人采录完 然后ai换个脸嘛[捂脸] 眼睛都不能眨的远古ai版本还是,0.5972741326837181
数字演员，指有的演员演戏不认真，说台词的时候只念数字，让合作演员和配音师都非常崩溃,0.9999882872818076
人真的是有灵魂，这眼里没神，一看就是虚拟人物,0.9959315756612115
数字演员，指有的演员演戏不认真，说台词的时候只念数字，让合作演员和配音师都非常崩溃。,0.9999882872818076
外表皮肤是AI,0.5351434162784232
脸局部替换成cg模型而已。 身体服装部分还是真人。唯一的好处就不存在翻车风险,0.5586009759050515
模型的嘴巴和牙齿有些大，后期改改会更更美，支持支持,0.9470472965282463
厘里演技太棒了继续加油[赞],0.997647436303351
多年以后恐怕都是数字演员了,0.9855909823682094
为啥声这么粗,0.003911981827733779
我觉得牙可能得改改,0.15258541937922643
好了 明星也快歇业了 以后拍戏都不用真人了,0.9209319049858278
这以后演员不得都淘汰,0.9446475671509169
现在演戏都不用找真人了，我去,0.819437656910021
谁能告诉我她是不是只有脸是假的,0.13014370109144247
牙齿太出戏了,0.4389764540487565
为什么总有脸很假的感觉,0.1015065507807219
头发结巴，一看就知道是假人,0.45728668901128366
眼睛还是没法和真人比，这个人木木的没有光,0.32411053060158823
人都要被淘汰了,0.6015478122640233
这牙齿一看就不顺眼,0.2667159422723885
为什么假人也改不了凸嘴，脸像老外，看身材骨架又是偏幼态，别扭,0.049269168579329836
没有一点微表情,0.7024641223180007
我对你没恶意，只是觉得导演或者编剧脑子有病，刚想夸他点好，突然给我整这一手魔改。,0.7624104236036894
眼里少了点灵，优化优化,0.8542118527356737
找了个声优，然后因为声优太丑比改个脸就是数字人了,0.8669494594591505
你确定这是假的？这要是假的估计那些演员可以退休了,0.9792746446448665
既然搞数字演员了，为什么不能做的完美点呢,0.9734973185832373
太特么吓人了，这跟真的人没区别了吧,0.042174809489469056
这个世界越来越不真实了,0.9513282203960047
Ai演员，技术挺牛逼了，虚幻的演员,0.999371921841708
以后明星都要失业了？,0.6913503551820513
以后都不需要演员了,0.8974060972346636
有点像杨颖,0.7895290168366028
等不及了太燃了,0.391383654489703
太科技了,0.6015793881589683
厘里要代言吗,0.4737672181921908
太真人了吧,0.7676001515456415
好适合这个造型,0.9178934409178173
换一个风格。,0.39126613907021757
"

这个配色很夏天 好看耶",0.43868666885802887
太高级了,0.21927533751206318
混血吗,0.5
这个造型真的很独特好看,0.9941541755445419
这衣服怎么买好好看,0.8159591018796085
古风造型,0.8745371027751888
这衣服好漂亮呀,0.945396875978447
这个造型很端庄。,0.9780894834303301
耳饰很喜欢,0.7953813007401098
配这个音乐绝了,0.4737672181921917
如果真的是虚拟人物是不是照片都是P的,0.8369546197685552
好有气质，好漂亮,0.9765205376506105
"这个妆容真的很漂亮。
",0.9549300125181605
真的科技改变生活,0.980733183947814
一定要看直播的啊,0.3906818382186459
一眼看就不是真人,0.6629649824162557
期待厘里有更多的影视作品,0.3976935239868491
数字女演员都出现了，真的是太惟妙惟肖了,0.9930803835444767
你是数字人为什么还看提词器,0.8207671185926776
你就是我心目中完美女神,0.4896848657073367
太会拍了,0.4521372679839911
用着就开森,0.7297953905324703
在哪里拍的，真好看,0.6740517550775205
这首主题曲真的是太好听了,0.7051337664992419
好爱的声音,0.3285897083839606
这眼睛睁不开,0.37345961723524745
这照片真的是太青春靓丽了,0.9980791836029204
这组好青春,0.983692128316998
换脸痕迹还是有点明显,0.09631197254044244
电音伴奏版的吧 唱的挺好听的,0.7056343710776307
都素颜 这要是化妆不得上天了,0.9946752937770719
片子有点短 有点没看懂啊,0.421821930476341
被这个画面惊艳到了太有质感了,0.9137257252860281
厘哩太美了，眼神秒杀一切,0.8451329206499097
莫得一点感情的表达,0.831723832421173
件衣服耳环的抖动细节都做得这么真,0.12777883588303907
舞蹈跳的特别美,0.9105676361744772
期待元宇宙演唱会,0.9593199674910672
这个玩具好可爱啊，好想买一个,0.9707884161002363
厘里要参演电影了嘛,0.7672358482466459
就是真人换脸，数字人怎么会有影子,0.9224279398726024
最美推广大使，酷酷的感觉,0.9759657876140103
推广大使又开始营业了,0.8425725962409036
可塑性实在是太强了,0.060685492167544264
这期策划真棒,0.6695688322456762
运动系撘配真青春活力,0.9966427549615984
氛围满满必须的,0.7792092302500607
可以直接出道了，不用担心塌房,0.4807072856148924
造型的精准、丰富的色彩以及繁多的工具。,0.993854808529882
支持国漫！,0.6591437985630674
真的太有见解太代入感了,0.5839305644085764
这样的视频效果真的太棒了,0.9325542541207602
还能不能拍长点,0.3907974539713116
满满的氛围感，画质感太唯美了。,0.995512994570221
你的问题都很有哲理。,0.8695708642500566
画质太好了，我喜欢这个短片,0.7745845539210965
声音真的是太好听了,0.4465620637652987
主播的声音真的是好好听啊,0.5154498507961217
这个号作品不多，但质量很高呢,0.6876194348305712
厘里的声音真的好好听，听着很舒服,0.724896642258351
用不同的眼光看看世间,0.9478599879139855
美女颜值很高，声音也好听。,0.2703401302634679
一个小视频给你拍成大片的感觉。,0.4139311448306987
这个视频制作的真的是太棒了,0.9802723153456414
画质太感人了，大片既视感,0.9688693806453782
我超喜欢这系列的作品,0.9482408969227498
多制作点这样的视频,0.6282202128795751
是动作捕捉吧 不是真人,0.975744644905986
动作捕捉，训练的不需要人扮演，多收集真人数据即可,0.9984317490736906
身体是人类。脸也不是AI，还是人工建模的，只是利用了AI技术令合成更自然,0.9901855450887392
腿为什么还有内八,0.659889847301032
能看出来没有灵魂,0.9202629214427138
前段时间好莱坞演员还在抗议AI演员的，内娱也不会太远吧,0.9964050693834995
大陆现在AI基本所有都没监管,0.8706523219084848
本视频所有图像、声音、人物形象及动作主要由AI制作，人类完成脚本、辅助修图与后期。,0.995578222678397
又帅又酷,0.7159768025103195
一看就是不简单的人,0.5497895596553922
这是高品质的作品,0.9404994697815581
这是你的原声吗？很好听哦！,0.4550721945496723
好酷的视频,0.49549607467128576
这个作品太震撼人心了,0.5371540683884911
这满满的真实感,0.7908500564311417
你这剪辑的也太专业了,0.39043878053398196
你这背景音乐也太好听了,0.855583461670657
科技真的是太先进了,0.8385165983281091
要是关注你的一天呢,0.7056135295641797
这样的作品不火天理难容,0.2784044745173493
回答机智，幽默，情商和本人一样帅,0.995215976376129
抖音里面好多男的比男明星都还帅,0.2576373366066771
老实说这个学长长得真的好看,0.7176347016792235
太聪明了，太会说话了，你的点赞太少。上不去，我为你点赞支持你。,0.9638306456766929
感觉这个水平已经在国漫的天花板,0.09013681273768903
画面做的很精致,0.9471313521189162
拍的也太炫酷了,0.878027522324761
小视频拍的就这么有设计感,0.8251217642951965
这动画看着跟电影一样,0.979144904191081
这个视频科技感满满,0.9355094172200132
希望你能及时更新,0.3535360940990566
男主很帅气，像是韩国男主,0.6004985127921362
这个画质太好了，感觉在看电影,0.9033508367006141
这刚开始玩抖音都有这么多粉丝了吗？,0.8026228613607207
如果我有你一半的颜值，估计早就脱单了,0.1598911926017741
这个视频剪辑的也太好了，给剪辑师加鸡腿,0.47795020830746426
这就是颜值界的天花板吧,0.1361742831456877
这个视频真的好牛,0.8759763626481412
好喜好喜欢你的穿搭呀,0.8178117727802732
没人回复吗,0.09971972024245279
看大片的即视感,0.704006285770413
已经开始期待新的作品了,0.8995466374261519
这动画感觉已经超过动国产动画了,0.9769214355928315
现在动画都这么逼真吗？,0.9572634868834393
看起来很高级，可惜我不懂,0.4781091734075885
这个作品让我看到了，好好学习，有多么重要,0.9583077289540638
好时尚好酷的穿搭,0.9048419906009091
期待更优秀的你出现,0.9524281778338362
这个视频也太好看了吧。,0.6698581769627777
好帅好酷的穿搭风格,0.6120613318875566
怎么这么招稀罕呀，数字人也太帅了,0.2964455768724412
果然帅的人穿什么都好看,0.971516735258205
衣服很时尚，又是今年新的风向标,0.888263760767538
虚拟世界，给我们一切想象的空间,0.9443467626390463
大气时尚，反转潮流就是现在,0.9932089054313028
这个视频太棒了支持,0.9598486844205002
这衣服设计真不错，人更是帅呆啦,0.9968162938403683
这身材，这颜值，太完美了,0.9258283083748847
好帅气呀！青春美少女们的偶像,0.9999695866192531
精致的面容 模特的身材,0.8885780254799914
好喜欢这个视频，好酷好帅。,0.9644718468877381
但是人类画师画出的作品里蕴含的感情是ai无法替代的，只这一点ai就代替不了人类,0.9998660218103415
被他们的谈话内容深深的吸引了,0.9303307256646285
每套衣服都好看,0.9324223033089751
数字人有点意思啊,0.8220418146339327
真的好喜欢这个氛围。,0.9343894358648407
拍的真好看。,0.8798142218410651
这个风格真的好独特呀，好帅。,0.9667245607307083
拍的很好呀，你怎么没露面,0.5643317543517463
图片真的拍的好漂亮，,0.9419684981847243
很有氛围感啊。,0.9145400503265354
多发点，喜欢看,0.728770987605472
不同时间拍到的就不一样。都很漂亮，好看。,0.9493886446707395
引领时尚潮流，好帅，好酷。,0.9693900512234699
还真的是挺有意境的啊,0.9610985927038113
这氛围感也太棒了吧,0.9791876771349358
好喜欢这些图片呀！好像回到了浪漫的春天,0.9964941458890967
想要你的口红色号,0.3345205294695268
每一张都好好看呀！,0.6870628352946623
这也太让人心动了。,0.7055084144041546
你的化妆技术太好了,0.44906406086979345
这个妆容也太精致了。,0.6989084280566822
过分美也是违法的,0.15840783550244186
这个妆容真的是非常细致而精湛,0.9372972563992489
我也很想亲自去这里体验一下,0.7636205087585168
你的身材真的很棒,0.9827770269800274
说的很有道理，一起来关注吧。,0.8572869666770575
一起关注女性力量,0.9936252806854305
这真的是群体性的代表呀,0.9336683698064526
一起聚焦女性 关注女性力量,0.9966318411393791
我要把你的美照收藏起来,0.7131061753220022
太精彩了真心不错的电影,0.9782844475040798
这样的颜值真的是存在的吗？,0.5858796007828936
好喜欢这个浅蓝色的两件式长裙,0.683209300497956
个眼影的色号太好看了,0.48507656685438416
这种程度的颜值真的合理吗？,0.4780479805526724
你漂亮得不像实力派,0.809787337210313
今天又对你心动了,0.7031575113176455
直接出道吧,0.5
我的少女心炸裂了,0.9716529459347013
下辈子我也要长这样,0.7297953905324703
有了配饰的点缀，显得整个搭配不落俗,0.47134926653692566
好看的妆容也是非常加分的,0.8887151318142911
化妆方面的技巧还是不错,0.9433578855818494
美式妆容，立体的五官，显得那样的精致,0.9914048906764438
还有点混血的味道,0.45214833708204727
这个动作和音乐真的迷到我了,0.7482362933946735
眼睛的妆，超级的好看,0.6514392848635657
化妆就属你最好了，希望多多的更新,0.7302265967097954
默默的喜欢你好久好久了,0.9073198786570739
把这个微博要保存下来,0.5966727758413183
加强睫毛的存在感眼睛显得更大了,0.829899851928151
另外一种风格，确实不错,0.9793021188763147
这个姿态摆的真是太自信了,0.9837029204730486
好想陪着你一起去喝咖啡呀,0.43259706343553317
好想跟着你一起去玩哦,0.859698805203986
为什么现在女人很少梳这种发,0.2789929504431633
必须要安排同款了,0.49067373392799263
要向我周围朋友推荐一下,0.7083462163558052
这个颜色男生也可以穿呀,0.5488229252653412
有了让我们更心动的决定,0.864033910774526
我也要创建一个这样的人,0.7668259850325664
以星空为主题的真的很有创意。,0.9958102376823074
虚拟人长的无懈可击，很完美,0.9956737606482163
我们互动起来就知道了,0.7857142857142858
我再次被科技震撼到啊,0.8876752915215684
我也想有机会跟虚拟人同台,0.8308898136165616
个性十足的风格我很喜欢,0.9810896858714931
也让我们永远都保持着坚定与热爱,0.949193816929871
果然融入灵魂的设计才是非常优秀的,0.9989379399652235
就按照你这个标准找女朋友,0.42187874594980446
话题的互动真的很有趣呀,0.8032895860134337
真的有特别多有意思的事情啊,0.8807334549500719
每天的生活都是这么有滋有味儿的,0.9879724993727517
你是一个很懂得生活的人。,0.9456574079665582
真的非常喜欢这样的生活呀,0.9131891606205742
这些美好的日子也，感谢有你。,0.9271834077173897
感觉你的生活真的是特别有意义。,0.937458148072998
你的品牌也一定很好看。,0.911729001207443
有时间一起去露营就好了,0.6324185207547757
活动多一点才是真的，觉得吧！,0.40694464032048117
穿着旗袍也太有气质了,0.3728351515148983
我也好想跟朋友一块儿玩复古车,0.5072364833777845
怪诞的舞姿才能够表现出独特的自己呀,0.9199149924167341
我们可以探索到的东西就是蛮多的,0.9808799938755725
这才是真正拍出了艺术的灵感,0.9258276676635803
这展我必须要喊着朋友一起咯,0.5494661708054158
女孩子都喜欢逛街的么？,0.9069284765133733
希望跟心爱的男生来一场邂逅,0.9996107917848703
这些没有感情的虚拟人更适合暂时给我们看一些平常需要的东西。,0.8938108637871321
我觉得你的审美特别好,0.6492435477562677
喜欢这样休闲的风格和时尚的色彩搭配,0.9886738698729802
那跟着你的镜头也可以一起去看看呀,0.7704542042467758
好羡慕你的腰好小呀！,0.9888825081521487
感觉你有好看的皮囊和有趣的灵魂,0.9847397668647386
小姐姐的长相也太甜美了,0.992945991861017
身材好颜值高拍出来就会很协调,0.9528867849292245
我也好想留一个这样的头发,0.35921328293470123
姿势没有关系，和人的长相有关系啊,0.8917547366878193
这个妆容打造的太完美了，好精致,0.98841150967959
绝美的眼妆，看着就觉得精致,0.850290131572376
我就喜欢这种有氛围感的妆容,0.9158355525739998
很有气质，眼妆好看我很喜欢,0.9618251502803744
最突出的就是眼妆了，很有层次感。,0.6645150460338483
于化妆方面的技巧还是不错,0.9433578855818494
感觉真的好可爱呀。,0.8897967956155635
身材真的很不错。,0.9903511523900514
你又在散发魅力了,0.7415823893502581
散发出一种非凡的品味,0.9411804233091767
她不仅外貌出色，还散发着独特的吸引力,0.8418216508145353
好漂亮的丸子头,0.909621183707253
像这种装修风格的确实很少吧！,0.8265216774353644
小姐姐的每一个表情都印入我眼中,0.6189855848722149
这是我看到了很多的表情,0.7187858688116159
种人性化的交互都用心了,0.9485213620728751
很喜欢每一个卡通的画作,0.663995482905648
门票贵不贵？想去看展览了,0.297394710958514
传播东方美学元宇宙，好厉害的佑佑啊,0.9992896244650269
喜恭喜佑佑获得如此的殊荣奖项,0.7849396527440116
祝贺佑佑传播形象大使,0.9959746456702498
数字创意能力好强,0.9892362118678951
感谢佑佑的免费分享，希望继续发光发亮,0.9972951104529921
你太有毅力了，肯定会给我们带来惊喜,0.8072056437494946
那就静静的期待，给我们带来的跳伞惊喜吧,0.9829651460855598
哈哈真的有被笑到,0.696022048979503
佑佑玩游戏，你是不是也是废寝忘食啊？,0.9876141403205186
这妆容这五官和脸型，完美的还原了我心中武侠的形象,0.9984662784659295
随意穿搭都是好看的,0.8596170963152587
喜欢这种科普类得文,0.9951850652216739
佑佑不仅帅气而且还知识渊博 这一次又长知识了呢,0.9998454823382787
原来石狮还有这个说法，真是涨知识了,0.8045006414953425
一直理解错了,0.6842011214452489
感谢科普，了解了,0.9874345501555916
原来还有这样的知识，感谢科普,0.9979231585031301
:不得不佩服佑佑的才华，优秀,0.9988283270820502
佑佑的这个古建科普涨知识了,0.9996880405436249
佑佑太优秀，好有才啊,0.9576353890428062
懂得了太多知识,0.8474804642782
这就来接受科普了,0.9769398260112093
希望多多营业。,0.5184357224413415
真实涨知识了,0.9750784024835483
我觉得应该是有什么寓意，不应该只是美观吧,0.8483869649621198
脊上蹲着六只小兽只觉得可爱，还有含义啊,0.9555755683193377
太有智慧了，很美观,0.8341770399192607
这个问题好难啊，难到我了，还真不知道啊,0.37630855876965963
佑佑的才华横溢，不得不佩服懂的知识太多了,0.9792780312857801
手势也是很不错的,0.8382421019510138
帅的，就要多多发自拍,0.9061693727091691
觉得就很吸晴啊,0.5362426142666993
所以可以带我一个吗？,0.5656286484438658
哈哈真没想到你的师傅这么厉害,0.05447695291510701
最喜欢的游戏没有之一 怎么才可以像你们玩的那么厉害啊,0.7673288512373211
人物形象创作的太棒了，俊美帅气,0.9980119656610555
真的太美了，值得期待一下啊棒棒哒,0.9277918941387683
原来是宣扬保护海洋的，我说怎么听到了水声,0.7904109520390015
感觉还挺有意思的，先关注了,0.983121174919176
你的视频太有创意了，总是能带给我很大的惊喜,0.9909324829811104
你好，看到你的视频内容很优质，请问商务合作怎么联系,0.042807982189743465
在虚拟世界中，感受真实的热血与激情！,0.9997270328827541
这是谁的杰作太厉害啦真的不错,0.9187943433836419
东方古典美学，结合现代妆容刚刚好,0.9924596747336251
古代与虚够的结合，太完美了,0.9680653954232853
秦佑之你玩的啥游戏有意思,0.9042853752353004
有点神话故事情节，很有感觉。,0.9648656810447591
青花瓷眼状真是太美了,0.1343817057209601
太好听了说的太好了喜欢哦,0.18749549605397464
佑之的仿妆总是那么清新脱俗,0.9101122245541383
真的非常的有才华，能做出这么好看的视频,0.9617144361100883
文案有创意,0.9700695488307892
为什么AI也这么丑？,0.32046085028004334
声音好好听[猪头]人也好有魅力,0.7933199179263272
古风系列的帅哥好有魅力,0.9783880532646808
声音特别有磁性,0.6706636675316384
我觉得你的声音好暖啊 这篇小文选的也好好,0.5941584703960607
当每晚听着你的声音进入梦乡已然是一种习惯,0.871406012295892
这鼻子特么吓人,0.13485304452282743
年轻人朝气蓬勃个性非凡,0.9866461931820739
这个风格真的很独特个性,0.9833047768534856
讲的儒雅而有风度,0.7673849309404545
景色美，拍摄角度也很美，梦幻般的感觉,0.9999715993675445
多好的画面，多英俊的帅哥啊！,0.7428909709908301
聆听大自然声音，感觉心都静了下来,0.8595807560675264
不愧为国风偶像啊真的好帅,0.9939570035501601
热爱生活的人，充满正能量,0.9967716319515038
佑佑快来跟我们分享分享他的故事,0.9985543233827874
你真是个机灵鬼,0.8992938273050894
千年不变的发型,0.6674278174268174
这是COS的蜘蛛精吗我还是第一次见这么好看的精致的蜘蛛精诶,0.9986676335964414
这风格，太带感了吧,0.7156664090653673
一整个被惊艳住了，看到第一眼就觉得好美好辣啊，被勾住了,0.9279245676069579
有氛围感的妆容而且还特别的好看就是一般人驾驭不了,0.9429592689254868
:这个风格有点吓人,0.7077005479791337
姐姐这个造型绝对是全场最闪亮的，好有万圣节的氛围感，好美的蜘蛛精 ,0.9999506266327195
妆造看起来还挺有那种感觉的，非常完美，我喜欢看,0.9892635131712592
我宣布这是我目前看到过最美的妆容啊，直接给我看迷糊了都,0.9548775599932698
这个妆面真的太精致啦 蜘蛛精大美女快来跟我贴贴,0.9868603155312428
这样的画风真是绝绝子，姐姐超级美，我也想要学一学,0.98502487106409
好美 我自愿投入姐姐织的网 好精致的妆,0.9991689127928188
妆容咯，我为啥感觉还有点科技风,0.0782808369756437
好美的宝好绝的眼神捏,0.7970844810630315
姐姐这造型出去跟你拍照的人要排一整个长队，我超爱好飒好酷,0.9990689585597187
变好看了呢,0.7700869451357897
拿ai做工具进行研发确实是个方向,0.9760404192869732
会代替人类繁琐的工作，人类可以尽皆更高端的创意工作,0.9998744363958082
造型真的蛮喜欢的,0.9545096671889957
真的太帅了,0.5042906456488253
你的分享太好了,0.7754971759278863
超元星计划有趣又好玩。,0.7851893828181973
期待看到你的报道！,0.85678762393763
和Vince一起互动一定很有趣。,0.9526613554636406
希望可以和Vince互动一下。,0.792841598320734
真的好想和他们一起分享快乐。,0.9891518147536644
你的穿搭真是迷人啊！,0.48991335903317657
流露出个性,0.8844414170315189
这样的穿搭，让人怎么不拜倒！,0.3769862948538133
菜鸟们，看看这样的风尚！,0.14839371933142642
太出片了，拍照技巧学到了，就是没有这么精致的脸,0.9054183860773757
