评论内容,fenci
酒店设施非常完善 ，卫生干净 ，周围包括里面环境也很好 ，隔音效果也非常好 ，重点是最最好的是服务，基本上都是有答必应（能帮助到我们的），求助了工作人员 非常有耐心的帮忙 很感谢！,酒店设施 完善 卫生 干净 包括 环境 隔音 效果 重点 有答 求助 工作人员 耐心 帮忙 感谢
卫生：打扫很到位，看着很舒服，就像小家一样，很温馨。 服务：密码发送很及时，有问必答。 位置：楼下夜宵摊能开到凌晨两点钟，很晚饿了都能下楼找东西吃，很便捷。 装修：装修的细节能看出房东花了很多心思，很细节了。 设施：智能马桶，戴森吹风机，4投影,卫生 打扫 到位 看着 舒服 小家 密码发送 位置 摊能 开到 下楼 便捷 装修 装修 细节 房东 心思 细节 设施 智能 马桶 吹风机 投影
很好的一家店，环境很好哦，非常干净。店内复古风格我很喜欢，非常不错的一次出行体验。离五一广场很近，附近有很多可以逛的店铺，下次来还会选择这里哦！,很好 环境 干净 风格 喜欢 不错 出行 体验 店铺 选择
跟对象来长沙旅游，很高兴入住那么舒适的民宿，服务特别的亲切周到，真真切切是我想象中民宿的体验感了，所有东西都安排妥当了，设施也很齐全，入住过程也是非常的顺利，尊的很不差！,对象 入住 舒适 民宿 亲切 周到 想象 民宿 体验 安排 妥当 设施 入住 过程 顺利
地理位置很优越，周边吃饭很方便，离景点也很近，去五一、、解放西走路就到了，楼下就是咖啡店，环境特别漂亮。房间很干净，住得也很舒心，各种 设施一应俱全，布置得特别温譽漂亮，对女孩子来说简直是梦中情房！下次来长沙还要住家民宿！,地理位置 优越 吃饭 景点 解放 走路 咖啡店 环境 漂亮 房间 干净 舒心 设施 布置 温譽 漂亮 女孩子 情房 住家 民宿
性价比极高！非常干净舒适，这周过来长沙很冷，暖气非常的足不用担心冷。房间设施配备齐全，吹风筒还是戴森的，这点太赞了！,性价比 干净 舒适 暖气 不用 担心 房间 设施 配备 吹风
设施：复古的英式风格，一楼是咖啡厅，二楼和三楼是住宿房间，房间是密码的，电动马桶，戴森吹风机，洗漱用品齐全卫生：房间很干净，床品也舒服，就是床板有些硬,设施 风格 一楼 咖啡厅 二楼 住宿 房间 房间 密码 电动 马桶 吹风机 洗漱 用品 卫生 房间 干净 床品 舒服 床板
很开心最近淡季来长沙旅游，不仅仅住到这么高性价比的房间，也有很好的体验，各个方面的设施很好。不知道是不是最近客人比较少，民宿管家的服务质量也特别高，回复消息也很快，入住当天天气也很好，太惬意了！,开心 淡季 房间 很好 体验 设施 客人 民宿 管家 服务质量 回复 消息 入住 天气 惬意
很庆幸自己选择了这家民宿，性价比很高，不仅设施设备好，主要是服务态度非常好，包括打扫卫生的阿姨都会跟我们打招呼，环境也很好，很满意下次放假再来！,庆幸 选择 民宿 性价比 设施 服务态度 包括 打招呼 环境 满意 放假
一家很有温度的民宿，房间特别是干净，连厕所都非常哇塞，很喜欢这种干湿分离的房型。房间设施也是非常齐全。服务很很周到，给我们搬行李，房间在三楼就一个房间，很安静，早上醒来真的很温暖！下次一定还来！,温度 民宿 房间 干净 厕所 喜欢 干湿 分离 房型 房间 设施 周到 行李 房间 房间 醒来 温暖
这家民宿挺干净舒适的，也考虑的很周到细节，民宿装修也很有格调！房间的装修风格让人心旷神怡！最舒服的就是床，能躺一天！个人感觉还是性价比蛮高的！,民宿 干净 舒适 周到 细节 民宿 装修 格调 房间 装修 风格 个人感觉 性价比 蛮高
楼下咖啡店楼上民宿别太爱，下午喝个下午茶阳光透过玻璃打进来超出片，二楼还有一个花窗，好多明星网红都打卡过！房间也特别温馨舒适！下次还来！,咖啡店 民宿 下午茶 透过 玻璃 超出 二楼 花窗 打卡 房间 舒适
干净整洁 风格也是我喜欢的类型 躺床上就不想起来了🤪位置也很好找 晚上还可以在附近逛逛 附近啥都有 也有很多好卡的地方 超出片！😍,干净 整洁 风格 喜欢 类型 床上 不想 位置 好找 逛逛 地方 超出
位置优越，交通便利，位置很好，出行方便。前台服务热情，效率高，周到。房间采光好，明亮，舒适，卫生很干净，周到。非常好，强力推荐！,位置 优越 交通 便利 位置 出行 前台 热情 效率高 周到 房间 采光 明亮 舒适 卫生 干净 周到 强力 推荐
装修很喜欢，设施也很好用，周边都很方便，管家服务不错，唯一的问题，就是雨果太小了，两个人施展不开，适合一个人或者两个人特种兵旅游，如果预算高换个大房间更好了。,装修 喜欢 设施 好用 管家 不错 雨果 太小 适合 特种兵 预算 房间
非常满意这次的住宿环境 很爱这种欧式风格 位置也好找 附近都是好玩的好吃的 店内还有下午茶可以进行拍照打卡,满意 住宿 环境 欧式 风格 位置 好玩 好吃 下午茶 拍照 打卡
这次旅行最大的收获，就是我在外玩来到本店就像回到了家一样的，服务热情. 干净卫生，还有24个小时的管家服务，,收获 在外 来到 本店 回到 热情 干净 卫生 小时 管家
房间很整洁，环境也很漂亮，拍照特别特别出片，推荐！,房间 整洁 环境 很漂亮 拍照 出片 推荐
好看！喜欢！特别好！,好看 喜欢
太漂亮了，非常有品位的一家民宿，法式的松弛感，床品的品质也非常好，还会再来。,品位 民宿 法式 松弛 床品 品质
很推荐 很漂亮 服务也很好,推荐 很漂亮
很美！来长沙打卡的宝子们都来这里拍照,打卡 宝子 拍照
房间很干净 舒心！！,房间 干净 舒心
唔错，下次会再选择哩度,选择
房间环境很好，客服态度也非常好，一楼有一个大沙发，还有投影仪 可以看电影，二楼有我最爱的4，玩了一晚上双人成行，真的太适合周末度假了！！民宿旁边吃吃喝喝的店超级多，还临地铁口，出门就可以到处玩，地段也很完美,房间 环境 客服 态度 一楼 投影仪 电影 二楼 最爱 双人 成行 适合 度假 民宿 还临 地铁口 出门 地段 完美
第二次入住啦……电梯及入户都很干净……楼下就是广场，交通便利…离地铁口也就几百米，晚上很多小吃。选择多多….房间布置温馨…很有家的感觉….后面两天住的麻将房，很适合朋友一起玩乐，喝个小酒….很不错的入住体验…下次来还住这里…..,入住 电梯 入户 干净 广场 交通 便利 地铁口 小吃 选择 房间 布置 感觉 麻将 适合 朋友 玩乐 不错 入住 体验
很不错，非常的好，设施齐全舒适，卫生干净，环境很好，服务也不错，值得推荐！绝对不会踩雷的！,不错 设施 舒适 卫生 干净 环境 不错 值得 推荐
写字楼下周围吃的很丰富，交通很方便，离马场地铁口10分钟的距离。两张床，房间够大。一家老小住很合适。,写字楼 交通 马场 地铁口 距离 两张床 房间 合适
满意 房间干净 被子也舒服 个人觉得住的比酒店舒服 护发素也是那种比较好的 房间拍照也挺出片的 推荐推荐,满意 房间 干净 被子 舒服 酒店 舒服 护发素 房间 拍照 推荐 推荐
非常喜欢梦 每次出门都是预定梦 坏境好价格优惠,喜欢 出门 预定 价格
环境特别好 住在里面特别温馨卫生也特别安静,环境 卫生
第二次，还是只隔了一个星期，又来体验了一下这家店的其他房间，依然很满意，我还是觉得很好，他们家每天有不同的特价房间，大家可以根据需求预定自己喜欢的样子，情侣啊，长辈啊，亲子的都很赞的。楼下夜宵，长沙特色小吃也都蛮全的。还是很赞。出行方便。赞赞赞图片这次没拍，跟店家宣传的一模一样，没差我这里还是想提了一小小的建议，冰箱里可以放点需要购买的水品和饮料吗？有时候太晚真不想自己带水啦😂😂，还不想下楼，年轻人有点累啊😆,体验 房间 满意 特价 房间 需求 预定 喜欢 样子 情侣 长辈 亲子 特色小吃 出行 赞赞 图片 没拍 店家 没差 建议 冰箱 购买 水品 饮料 不想 带水 不想 下楼 年轻人 有点累
满意满意满意满意满意满意满意满意满意满意满意满意满意满意满意满意满意满意满意满意满意满意满意满意满意满意满意满意,满意 满意 满意 满意 满意 满意 满意 满意 满意 满意 满意 满意 满意 满意 满意 满意 满意 满意 满意 满意 满意 满意 满意 满意 满意 满意 满意 满意
住的感觉非常好，投影和游戏机的体验感也很棒，和商家沟通起来非常轻松有问题也能及时解决！赞！,感觉 投影 游戏机 体验 很棒 商家 沟通 轻松 解决
这次出差住到了梦名宿，屋子很大，环境不错，也很干净，会推荐给朋友，价格也很友好,出差 名宿 屋子 很大 环境 不错 干净 推荐 朋友 价格 友好
跟照片一模一样！体验感超级好！房间真的很干净！！超级干净！,照片 体验 房间 干净 干净
房间设施齐全，服务很好，卫生很干净住着很舒适，交通便利,房间 设施 卫生 干净 舒适 交通 便利
环境特别好服务也很到位，空调也非常给劲空间也很大,环境 到位 空调 空间 很大
入住舒适 下次继续订这家,入住 舒适
床铺柔软舒适，推荐！,床铺 柔软 舒适 推荐
床垫太硬了～,床垫
复式民宿，空间很大，房间跟客厅都有暖气，单面采光，24小时热水很赞，出差来住宿，一层可临时办公，住两晚，管家第二天也有主动问需不需要打扫添置物资，很赞,复式 民宿 空间 很大 房间 客厅 暖气 单面 采光 小时 热水 出差 住宿 办公 管家 需不需要 打扫 添置 物资
床垫很硬，有的人不适应，卫生很好，每天有人打扫。景色的话，窗户还是太小了，哈哈,床垫 卫生 打扫 景色 窗户 太小
酒店地理位置好，离市中心五一广场大概十几分钟的步行距离，户型很满意，设施看着挺新的，配备了一次性用品,酒店 地理位置 市中心 步行 距离 户型 满意 设施 看着 配备 用品
非常漂亮的房间(上下2层)，干净整洁，闹中取静，特别感谢房东，友善，多次沟通都十分顺畅，长沙之行完美🌹🌹🌹,漂亮 房间 干净 整洁 房东 友善 沟通 顺畅 完美
挺好的，离地铁挺近的，周边很繁华 屋内干净，层高安静，先是定了一晚，第二天续住了～ 投影还有视频会员，天天看剧看到凌晨哈哈哈,地铁 繁华 干净 层高 续住 投影 视频 会员 看剧
整体比较不错，有什么问题会及时响应解决。,整体 不错 响应 解决
带孩子一家三口，公寓位置在芙蓉广场站附近，客服人员热情，交通便利，环境卫生安全，下次过来还会继续预定,孩子 公寓 位置 芙蓉 广场 客服 人员 热情 交通 便利 环境卫生 预定
真的特别满意，卫生很好，地理位置也很好，环境大赞！让拥挤的国庆长沙之旅极其舒适🌹,满意 卫生 地理位置 环境 拥挤 舒适
房间挺好的 很干净 位置也比较方便 就是鞋子不太防滑,房间 干净 位置 鞋子 防滑
房间很不错，很干净，位置很好，晚上楼下都是夜排挡，交通方便。,房间 不错 干净 位置 排挡 交通
服务好，细心推送，干净舒适，交通方便,细心 推送 干净 舒适 交通
性价比还是很高的，位置也很不错，步行十分钟左右可以到五一广场。卫生条件也不错，房间和照片是相符的，晚上也很安静。民宿小姐姐服务很好很贴心，有任何问题和需求都会很快的帮忙解决，总体是很满意的，如果再来长沙玩还是会订这里的。,性价比 很高 位置 不错 步行 卫生条件 不错 房间 照片 相符 民宿 贴心 需求 帮忙 解决 总体 满意 会订
很舒服，投影仪效果很好,舒服 投影仪 效果
这个价格可以订到这样的民宿还是挺不错的 还是比较好找的 距离市中心很近 环境还是挺不错的 可能隔音有一点点差 但是不影响  个人觉得床有一点点硬 不过还是希望能配个幕布吧 没有幕布画面看着还是有些模糊的 总体还是很满意的,价格 民宿 好找 距离 市中心 环境 隔音 希望 幕布 幕布 画面 看着 模糊 总体 满意
实际只有两张床与介绍不相符 押金退款不及时 电梯等待时间过长 最让人无语的是临走时我们一行人带两个行李箱排队等电梯等好久 结果打扫卫生的服务员推着推车不按秩序就挤进去了  一个推车直接占满电梯,两张床 介绍 相符 押金 退款 电梯 等待时间 过长 最让人 人带 行李箱 排队 电梯 服务员 推车 秩序 挤进去 推车 电梯
住房还是可以的，卫生搞的很干净，离五一广场也蛮近的，每天玩完都腿儿着回去哈哈哈，民宿客服小姐姐也很好，很热情，吹风机口坏了，立马表示要给我们换一个嘿嘿嘿，奈斯~,住房 卫生 干净 玩完 回去 民宿 客服 热情 吹风机
位置很方便，去景点都很近，有地铁出门也方便，卫生干净，空间也宽敞，住了几天还有洗衣机方便很多，值得推荐下次还会来,位置 景点 地铁 出门 卫生 干净 空间 宽敞 洗衣机 值得 推荐
整体都不错但是选择的这个户型不是自己喜欢的 看了店家其他房型都非常好看呢 下次来一定换一个房型呀😁,整体 不错 选择 户型 喜欢 店家 房型 好看 房型
不错的环境，挺大的，就是不太好找，而且装修比较新的感觉，屋内布局上有点空空的,不错 环境 挺大 不太好 装修 感觉 布局 空空
房间比较宽敞，适合家庭带娃出行，地理位置优越，遛街都比较方便。,房间 宽敞 适合 家庭 出行 地理位置 优越
地理位置不错，停车也方便，卫生满意，设施和价格匹配，有其他要求也会尽量应对满足,地理位置 不错 停车 卫生 满意 设施 价格 匹配 应对
图片还行，其他一般般，卫生间花洒还是坏的，只能说一分价钱一分货,图片 卫生间 只能 价钱 一分货
房间和图片一样 卫生也可以 和朋友一起出来玩可以选择这里,房间 图片 卫生 朋友 选择
可以 环境：还可以 服务：可以 设施：可以 卫生：：可以,环境 设施 卫生
服务：环境非常舒适，离景点也特别近，交通方便，下次还会再来,环境 舒适 景点 交通
给力给力给力 不是托不是托 真的很好 很有家的感觉,力给力 感觉
房间很不错，位置好，很方便，也很干净卫生，推荐推荐,房间 不错 位置 干净 卫生 推荐 推荐
房间很干净，出行便利，性价比高，下次来还住,房间 干净 出行 便利 性价比
非常非常满意 很有家的感觉 而且很划算,满意 感觉 划算
各方面条件还可以，卫生不够彻底,条件 卫生
挺好的，自助入住，离五一挺近,自助 入住
离市区近，出行方便，房间满足入住需求,市区 出行 房间 入住 需求
环境不错就是卫生间有点太小了,环境 不错 卫生间 太小
房间很干净也挺安静的，位置挺好找的,房间 干净 位置 好找
非常 很温馨的小屋,小屋
价格还好，可以住下很多人,价格 还好
很实惠，交通方便,交通
满意..值得推荐朋友,满意 值得 推荐 朋友
和朋友出来玩住很不错,朋友 玩住 不错
房间非常满意,房间 满意
很不错👍👍,不错
体验还不错,体验 不错
非常满意！,满意
很舒服很新,舒服
交通确实很方便，周围可以逛街的地方很多，甚至步行去湘江边都不远，美食也很多，小巷外面的主路边可以停车，晚上免费，白天最好停到旁边的停车场，便宜些，房间不大，但很舒适，以后要是再来长沙还会定这一家,交通 确实 逛街 地方 步行 美食 小巷 停车 停车场 便宜 房间 舒适
工作日房价便宜得不敢相信，价格实在！卫生也满意个别角落有小毛发，建议开大吸尘机功率，民宿为独栋旧楼改建，榻榻米房型白色墙为基本调色，明亮简洁，面积目测约3乘4米，如住两天以上还是建议住面积大的房型。卫生间由于受限面积稍微小，洗澡要注意小心转身，避免撞到。不足之处厕盘为蹲厕，对腿脚不利索或长者影响大。独栋民宿楼下大门是常开，有疑问咨询店家，店家反馈放心治安好，退房为免查房自助式体现店家与住客的默契与信任度！位置离地铁站步行约10-15分钟，住处临街很多特色餐饮和小酒馆。,工作日 房价 便宜 价格 实在 卫生 满意 角落 建议 吸尘机 功率 民宿 旧楼 改建 榻榻米 房型 白色 调色 明亮 简洁 面积 目测 建议 面积 房型 卫生间 受限 面积 洗澡 小心 转身 厕盘 腿脚 利索 长者 民宿 大门 疑问 店家 店家 反馈 放心 退房 查房 体现 店家 住客 信任度 位置 地铁站 步行 住处 特色 餐饮 小酒馆
很不错的一家民宿，距离坡子街那边也不远，楼下有小酒吧，吃饭的店，很方便，而且还有一只猫咪🐈白白胖胖的！好可爱！民宿还有洗衣机和烘干机，值得一住！,不错 民宿 距离 坡子 酒吧 吃饭 猫咪 可爱 民宿 洗衣机 烘干机 值得
环境很好，很干净，安静 房间也很干净，舒适 外面的巷子适合晚上逛吃 民宿老板也很亲切贴心 来长沙玩的很开心，下次还来,环境 干净 房间 干净 舒适 巷子 适合 民宿 老板 亲切 贴心 开心
卫生：干净整洁 设施：智能家居 服务：老板人特别热情，有问题咨询立马处理。总体来说体验感受很好,卫生 干净 整洁 设施 老板 热情 总体 体验 感受
想夸夸酒店的老板，他真的非常好。尽管我们因为个人原因很晚才到达，但他依然花时间帮助我们办理入住，态度很好很温柔，而且这家酒店的氛围和环境也很好，房间干净，设施也很齐全。浴室设施和其他配套设施都显示出酒店的用心和投入，让人感到非常舒适和放心。装修比较简约，是很标准的酒店哈哈,夸夸 酒店 老板 原因 到达 时间 办理 入住 态度 温柔 酒店 氛围 环境 房间 干净 设施 浴室 设施 配套 设施 显示 酒店 用心 投入 感到 舒适 放心 装修 标准 酒店
房间设施都很新，有语音控制很方便。前台小姐姐非常热情，给我们免费升了房。酒店出行很方便，10分钟不到就到地铁，附近有很多音乐酒吧也很好玩。下次来长沙还住这儿！,房间 设施 语音 控制 前台 热情 酒店 出行 不到 地铁 音乐 酒吧 好玩
真的坑！极差，一开始我们过去上楼的时候发现楼梯特别窄。这都不说啥，床上掀开被子有好多毛发。然后叫那个老板过来换床单，换完床单，我们发现那个洗漱台那个是堵的。然后我又打电话叫他处理那个洗漱台。他这时已经脸上有点挂不住了。然后还一直问我们明天要不要续房，说给我们优惠。都这种了！他还好意思啊~续房！然后墙面特别脏！我住的时候还是300多！妈的！真的死坑死坑。原本还有照片的，后来我手机掉了没了,极差 发现 楼梯 床上 掀开 被子 老板 床单 床单 发现 洗漱 洗漱 挂不住 续房 续房 墙面 原本 照片 手机 没了
体验感很好!榻榻米房间很温馨~前台小姐姐也特别好，特别耐心，是服务特别好的一家店，下次来长沙首选这家🌻出门逛街也很方便,体验 榻榻米 房间 前台 耐心 首选 出门 逛街
不错，很喜欢，主要是和我的期待相符合,不错 喜欢 期待
真的很不错，住的很舒服！房东人也很好哦,不错 舒服 房东
入住体验很好，前台小姐姐服务很周到,入住 体验 前台 周到
楼梯有点陡，其他还行吧,楼梯 还行
今年去了两次空空客厅了，第一次知道他们家是看到白敬亭，孟子义去打卡了！！！强烈建议小姐姐们去那里打卡啊，外面有一个环形楼梯，很出片～～～然后他们家有很多不同的房型，各有特色，我住的是一个带浴缸的房间，我觉得很舒服耶，冬天看看电影，泡泡澡，真的是相当巴适了！！！,空空 客厅 打卡 打卡 环形 楼梯 房型 浴缸 房间 舒服 电影 泡澡
每月都来长沙出差，第一次住这种网红酒店，看到评分高才办的入住。说实话惊喜不断: 除了快捷的入住方式，最打动人心的还是她们的服务细节: 前台很热心的带我去房间，介绍所有的服务，早餐推荐去吃，密码，免费咖啡奶茶等。。 入住后发现房间是欧式简约风格，很温馨，卫生间是加热马桶，灯光设置很人性化，房间很安静，一觉睡到天亮。 真的是太赞了。下个月出差还会来,出差 网红 酒店 评分 入住 惊喜 快捷 入住 方式 打动 人心 细节 前台 热心 带我去 房间 介绍 早餐 推荐 密码 咖啡 奶茶 入住 发现 房间 欧式 风格 卫生间 加热 马桶 灯光 人性化 房间 睡到 出差
环境和服务特别好！管家小哥哥特别热情～ 拍照出片，床单和房屋都非常干净，晚上小巷子很安静，适合休息，楼下是咖啡厅，可以和朋友们喝喝茶拍拍照^ ^,环境 管家 热情 拍照 出片 床单 房屋 干净 适合 休息 咖啡厅 朋友 喝茶 拍拍
空空客厅藏身于潮宗街的一条很有氛围感的小巷子里，纯白色的外观设计让人感觉内心舒心宁静，客服小哥哥服务热心周到，体验感很不错，有到长沙旅游的朋友们推荐都来感受一下空空客厅的独特魅力。,空空 客厅 藏身 氛围 纯白色 外观设计 感觉 内心 舒心 客服 热心 周到 体验 不错 朋友 推荐 空空 客厅 独特 魅力
位置很好找 而且就在潮宗街里面 逛起来不要太方便～去长沙市中心的任何景点走路就可以！ 民宿设计感超好 前台小哥哥帮忙拿行李 每天定时询问整理和清洁 环境超级容易出大片,位置 好找 宗街 逛起来 中心 景点 走路 民宿 超好 前台 帮忙 行李 询问 整理 清洁 环境 大片
干净整洁，风格简单舒适，小红书看到很多明星来拍过照，是网红民宿了。关键是性价比很高了。太喜欢院子里的那颗树了，落地窗看向外面视觉效果拉满。,干净 整洁 风格 简单 舒适 民宿 关键 性价比 喜欢 院子 落地窗 视觉效果
住的很舒服，环境非常优美！下次去长沙一定还会再去！,舒服 环境 优美
太喜欢雯雯家这个空空客厅民宿，我的朋友们，来长沙强烈推荐住这里，位置在五一广场潮宗古街。,喜欢 空空 客厅 民宿 朋友 位置
还是一如既往的好出片，店里已经挂上了圣诞装饰,店里 挂上 装饰
非常不错的入住体验哦，图片跟房间一致，布置非常精美，绝绝子,不错 入住 体验 图片 房间 布置 精美
很满意，位置也是非常方便，拍照很出片，爱了爱了，下次还来,满意 位置 拍照
位置好，吃喝方便的老巷中。 简约的风格，干净，整洁。,位置 吃喝 老巷 风格 干净 整洁
房间整洁，布局很不错,房间 整洁 布局 不错
雯雯的表弟每天都会微信询问是否整理房间，口气倒像是朋友，不像民宿主人。来空空也是慕名而来，白色的房子本身就让人赏心悦目，内部布置也好看，周围交通便利，旁边就是潮宗街和五一广场。办理入住，离店也很方便。,表弟 询问 整理 房间 口气 倒像 朋友 民宿 主人 空空 白色 房子 就让 布置 好看 交通 便利 办理 入住 离店
老板主动帮我们免费升级了套房，房间内无论纸品，卫浴都是用的大品牌，非常棒，住着舒心！空气很好！下次去长沙会再来。,老板 套房 房间内 纸品 是用 品牌 舒心 空气
民宿整体风格一眼爱上，每个房间都很漂亮。周边有很多有意思的小店及布置，属于网红打卡点；离民宿不远就是“培元桥”站，出行很方便；民宿属闹中取静，晚上超级安静，可以很好的休息入睡。“雯雯的可爱表弟”全程微笑服务，态度超级好，入住前电话沟通，给发了线路图，到店帮忙提行李…,民宿 整体 风格 房间 很漂亮 小店 布置 网红 打卡 民宿 培元 出行 民宿 很好 休息 入睡 可爱 表弟 全程 态度 入住 电话 沟通 给发 线路图 帮忙 行李
入住体验非常棒！管家也挺贴心，卫生也很到位,入住 体验 管家 贴心 卫生 到位
在潮宗古街里的一间民宿 环境不错 出行也方便,潮宗 民宿 环境 不错 出行
总体还是挺好的，潮宗街认真逛都能断腿,总体 断腿
很舒服的民宿有点世外桃源的感觉,舒服 民宿 世外桃源 感觉
环境很好，有意境,环境 意境
环境：独栋纯白简约的民宿，还带个花园，真的很舒服呀设计感很强，怎么拍都像杂志大片也太好看了服务：楼下就是咖啡店 可以送到房间；24小时管家服务，会主动推荐周边游玩攻略、餐厅，很贴心，都不用带脑子来旅行设施：房间里的桌椅特别够！！还带有化妆镜，真的很贴心很适合居住啊啊啊！！连衣架都是管够的，特别喜欢这家店的配套产品卫生：很干净，到处都香香的太喜欢啦周边就是 街，就在五一广场附近，去哪都很方便淡季过来舒适度拉满了,环境 纯白 民宿 花园 舒服 杂志 大片 好看 咖啡店 送到 房间 小时 管家 推荐 游玩 攻略 餐厅 贴心 不用 脑子 设施 房间 桌椅 带有 化妆镜 贴心 适合 居住 衣架 管够 喜欢 配套 产品 卫生 干净 喜欢 淡季 舒适度 拉满
订的时候看平台上放的房型图片就很期待到了之后开门就哇哇哇哇声不断(是有点没有见过世面的样子哈哈哈)真的觉得两张一米八的大床(而且分别在单独房间)十麻将桌十大沙发十投影这个价格性价比真的超高了! !而且卫生间还有准备卸妆水、洗面奶和棉签，真的很贴心哈哈哈哈还有一把梳子大木梳子朋友爱到差点控制不住要顺走。,平台 上放 房型 图片 期待 开门 样子 大床 房间 麻将桌 投影 价格 性价比 超高 卫生间 棉签 贴心 梳子 大木 梳子 朋友 差点 控制 不住
大晚上临时帮家人订的酒店，因为也有老人，生怕没有选好。没想到大家都非常满意，老人家自己也能根据小姐姐的图找到地址。交通非常的方便，环境卫生都非常好，完全超出这个价位的预期！特别感谢小姐姐免费给我们升级了房型，三个房间三张床，私密性也很好，让大家睡得更舒服！绝对不是托哈～推荐,家人 酒店 老人 生怕 满意 老人家 找到 地址 交通 环境卫生 超出 价位 房型 房间 私密性 舒服 推荐
酒店环境不错，卫生条件非常好。饮食方便，离太平街，坡子街蛮近，打车1起步价可以，楼下就是地铁口，2块钱可以去大橘子洲。客服小姐姐很热情，推荐了我们在长沙游玩的景点和路线，整体非常满意，下次还会来。,酒店 环境 不错 卫生条件 饮食 坡子 打车 起步价 地铁口 块钱 客服 热情 推荐 游玩 景点 路线 整体 满意
定的三室一厅，客厅感觉有点小，5 个人活动有些局促，周围吃的不少，最爱楼下的李记，还有很多水果店可以随时补充食物。门口有 6 号线，不过我们都是打车出门，去到热门景点大概 4-5 公里，但离博物馆很近，对面就是鼎鼎大名湘雅医院，房间设施还不错，满意热水器，5 人洗澡水热的很快没有掉链子，客服回复也很快，喜欢这样的无接触入住，方便也安心，另外打扫卫生是需要加些费用，也可接受，窗外有湖景，目测应该是烈士公园,客厅 感觉 局促 水果店 补充 食物 号线 打车 出门 热门 景点 博物馆 对面 房间 设施 不错 满意 热水器 链子 客服 回复 喜欢 接触 入住 安心 费用 接受 湖景 目测 烈士 公园
大落地窗看夜景很美!地理位置真太方便了，楼下就是地铁站，对面省博物馆。茶颜旁边就有，去哪都方便。环境卫生非常好，干净整洁住着很舒服，管家随时在线也很贴心。下次再和朋友来!推荐!,落地窗 夜景 地理位置 地铁站 对面 博物馆 环境卫生 干净 整洁 舒服 管家 贴心 朋友 推荐
非常棒的民宿！非常新，景色也美，我住的房间可以看到烈士公园。三张床可以住6个人！！！性价比巨高。入住便捷，停车方便！离五一也不远 设施：齐全完好，且非常新卫生：特别干净！无异味！服务：特别好！,民宿 景色 房间 烈士 公园 性价比 巨高 入住 便捷 停车 设施 完好 卫生 干净 异味
房间卫生干净，物品都整整齐齐的放好，感觉就像住在自己家一样舒服。楼下地铁站去景点很方便。长沙的旅行因为这个房子变得超级愉快，而且，管家人很好，长沙之旅很不错,房间 卫生 干净 物品 放好 感觉 舒服 地铁站 景点 房子 变得 愉快 不错
"这个位置最好的酒店，服务好很多，价格不贵,环境也不错，房间干净，极力推荐，附近很多著名景点，服务特别好，客服态度巨好我可喜欢了，我住这里比住家里还舒服，都不想走了",位置 酒店 价格 环境 不错 房间 干净 著名景点 客服 态度 巨好 喜欢 比住 舒服 不想
房间和图片一模- -样，装修风格很喜欢，晚上长沙城的夜景很美住宿环境卫生干净，一家人过来入住特别放心，民宿楼下就是地铁口，旅游交通出行方便，而且隔音很不错，周围不会很嘈杂，一整晚都睡的很安稳。还有就是长沙的口味菜很不错，小吃很多民宿楼下附近就有三家茶颜悦色，点外卖很方便，真的很开心住在这里，如果下次再来长沙我还是会选择这家民宿! !非常推荐! ！,房间 图片 装修 风格 喜欢 夜景 住宿 环境卫生 干净 一家人 入住 放心 民宿 地铁口 交通 出行 隔音 不错 嘈杂 安稳 口味 不错 小吃 民宿 外卖 开心 选择 民宿 推荐
真的很不错啊，这个地方楼下就是地铁站，超级无敌方便，而且非常干净环境还特别好，跟姐妹朋友们来还能一起打麻将!床也非常舒服!真的特别好!在某书会看到很多民宿踩雷，但是这家真的没得说，很温馨很干净很舒服!下次去还要去这里!,不错 地方 地铁站 无敌 干净 环境 姐妹 朋友 打麻将 舒服 民宿 干净 舒服
哇！这家民宿简直是完美无缺！和朋友住得超开心，房间干净整洁，窗外景色真是一绝！最棒的是小管家，热情周到到爆炸！她还给我介绍了超多有关长沙的美食！！简直像个活地图！太棒了！ 长沙太好吃了！一点不想离开这里了！,民宿 朋友 开心 房间 干净 整洁 景色 管家 爆炸 还给 介绍 美食 好吃 不想 离开
"超级满意的一次体验，离地铁口超近，去各个景点都可以坐地铁，6号线直达机场，博物馆也可以走着去，楼下米粉也特别好吃，房东小姐姐非常热情，人超好，给我们推荐了许多好吃的，好玩的,有问题随时给解决!洗澡热水也特别充足!房间特别干净，窗外景色也好，床和枕头也超级舒服，收到了朋友们的一致好评，真的超级推荐!",满意 体验 地铁口 超近 景点 号线 直达 机场 博物馆 好吃 房东 热情 超好 推荐 好吃 好玩 解决 洗澡 热水 充足 房间 干净 景色 枕头 舒服 收到 朋友 好评 推荐
房间环境不错，床也比较舒服，水提供了很多很多很多瓶，我和我的小伙伴们都非常满意，我的耳机掉了客服还非常乐意地帮忙寻找，很开心的旅程！,房间 环境 不错 舒服 提供 小伙伴 满意 耳机 客服 乐意 帮忙 寻找 开心 旅程
"在这里度过了超开心的周末~民宿整体环境很好,干净整洁，有麻将桌有厨房，自己外卖点了个小锅和碗煮火鸡面吃，别太幸福。每天醒来就和朋友们一起打麻将点吃的，长沙的外卖真的太太快了!附近什么都有，楼下有很多路边小吃，走两步就有茶颜悦色。离五一广场也很近，很适合不爱去景点的懒人们管家人也很好，。推荐推荐! ! !",度过 开心 民宿 整体 环境 干净 整洁 麻将桌 厨房 卖点 小锅 火鸡 幸福 醒来 朋友 打麻将 外卖 太太 小吃 适合 景点 推荐 推荐
地理位置很不错，距离五一广场几个地铁站，下楼就是湘雅医院地铁口，很方便，房间和图片一样干净卫生，很贴心有卸妆物品，很推荐大家去住，对面就是富兴时代广场吃喝都有很方便，楼下也很多小吃。民宿就在湖南博物馆附近，步行就能到。去谢子龙美术馆滴滴大概半小时就能到,地理位置 不错 距离 地铁站 下楼 地铁口 房间 图片 干净 卫生 贴心 卸妆 物品 推荐 对面 富兴 时代广场 吃喝 小吃 民宿 博物馆 步行 滴滴
超赞的一次入住体验!如果来长沙旅游纠结去哪里选择问宿就完了!非常满意的一个房间，房间和图片一样温馨，和朋友来长沙玩在这里住了四天，整个入住过程都是愉快且放心的，房间的布局很有格调、各类设施齐全、卫生细致，值得一提的是小管家热情周到，非常满意的一次入住体验!值得推荐,超赞 入住 体验 纠结 选择 问宿 满意 房间 房间 图片 朋友 入住 过程 愉快 放心 房间 布局 格调 设施 卫生 细致 管家 满意 入住 体验 值得 推荐
确实挺喜欢这个房间的。窗外景色视野非常棒，从窗外看下去不远处就是省博~楼下就是地铁口，楼下早餐店，水果店也很全。装修风格也是我们喜欢的，舒适干净。,确实 喜欢 房间 景色 视野 地铁口 早餐 水果店 装修 风格 喜欢 舒适 干净
交通特别方便，机场到民宿地铁直接到达，出行也很方便，去哪里都很近，干净卫生，服务也特别好，有事及时回复，五星好评，下次来我还会选择这家,交通 机场 民宿 地铁 到达 出行 干净 卫生 回复 好评 选择
房间没话说，好的不行，风景也相当的好，美中不足就是空调不热，一晚上冷死，睡在被子里也没事，老年人受不了就是……,房间 不行 风景 空调 被子 没事 老年人
超超超棒的民宿，设计感很强，找也特别容易，车到停车场.上来就直接到了。来的这天正好也是晴天，随便拍都好看喔，大落地窗非常惬意!物品也非常齐全，房间特别干净卫生，下 次还来呀。,民宿 停车场 正好 好看 落地窗 惬意 物品 房间 干净 卫生
入住体验很棒，卫生干净，房间位置很好，距离五一厂场也近，楼下有茶颜悦色超级棒，房间的装修风格喜欢，房间视野超级棒，管家也非常好，很哇塞。,入住 体验 很棒 卫生 干净 房间 位置 距离 厂场 房间 装修 风格 喜欢 房间 视野 管家
交通:楼下就是6号楼地铁口，去机场很方便，很多博主推荐的餐饮店都离的不远，打车也很好打。 入住:入住直接扫码办理，输入密码就可以了。还有免费寄存行李的地方，特别方便。 房间:风格是当下流行的，晚上开灯很有气氛，楼上左右各一间房，通风稍差些，其他都很方便，沙发特别好坐。有厨房还有麻将桌。楼上靠窗这间不要从旁边进出，容易磕到头。 服务:小姐姐好像是24小时在线一样，服务非常好，有求必应，讲的清清楚楚的，长沙是个好地方，人占第一。,交通 地铁口 机场 博主 推荐 餐饮店 打车 入住 入住 扫码 办理 输入 密码 寄存 行李 地方 房间 风格 流行 开灯 气氛 通风 稍差 厨房 麻将桌 靠窗 进出 好像 小时 地方
可能因为是淡季，民宿这边免费给我们升级了房型，设施跟描述相符，干净卫生、装修风格简单大方，投屏也很方便，可惜没能凑齐四个人打麻将。,淡季 民宿 房型 设施 描述 相符 干净 卫生 装修 风格 简单 大方 投屏 可惜 凑齐 打麻将
住了两晚，酒店装修很新，入住体验很好，床垫睡的特别舒服，还特地看了床垫品牌，生产日期还是2023年6月份，推荐！！,酒店 装修 入住 体验 床垫 舒服 特地 床垫 品牌 生产日期 月份 推荐
民宿干净卫生，环境舒适，和图片没有差别。出门就是地铁对于带孩子的妈妈来说是最方便的。来长沙选择问宿很不错。,民宿 干净 卫生 环境 舒适 图片 出门 地铁 孩子 妈妈 选择 问宿 不错
很愉快的入住体验，酒店装修得非常别致，宽敞舒适，干净整洁，很有设计感，各种设施设备一应俱全，入住非常舒适便捷。下次有机会，还会再来,愉快 入住 体验 酒店 装修 别致 宽敞 舒适 干净 整洁 设施 入住 舒适 便捷 机会
在问宿度过了一个美好的假期。首先，房间的干净整洁程度超出了我的预期，每个角落都一尘不染，让我感到十分舒适。湖景很漂亮，站在大大的落地窗边欣赏让人心旷神怡。出行也非常方便，周边交通便捷此外，民宿周边还有很多值得一去的景点，湖南省博物馆很好逛很好看，距离非常近，周边的美食好吃茶颜悦色名不虚传，嘿嘿，长沙有名的夜市也去了氛围感很好，小管家的在当地做的旅游吃喝玩乐推荐都非常好 总之，这家民宿的优点非常多，无论是硬件设施还是周边环境都让人感到非常满意，一趟完美的长沙之旅，强烈推荐给计划来长沙旅游的朋友们。,问宿 度过 美好 房间 干净 整洁 程度 超出 角落 感到 舒适 湖景 很漂亮 落地窗 欣赏 出行 交通 便捷 民宿 值得 景点 博物馆 好看 距离 美食 好吃 有名 夜市 氛围 管家 推荐 民宿 优点 硬件 设施 感到 满意 完美 计划 朋友
空调给力但是有点脏，细节有待改进，整体不错，特别是床，客服热心,空调 细节 有待 改进 整体 不错 客服 热心
装修不错 配套设施完善 服务也很周到细致 楼层高风景很好 很不错的一次选择,装修 不错 配套 设施 完善 周到 细致 楼层 风景 不错 选择
房间挺不错的，离地铁口很近，楼下也有很多吃的很方便,房间 地铁口
"极其优秀的入住体验，卫生干净，环境也很好，事先问了管家小姐姐好多杂七杂八的问题,都及时高效的回复了，甚至问周边的设施之类的，也很有耐心的在帮着查询，性价比极高!推荐大家，而且住的地方就在地铁口，去哪都很方便，楼下巨多好吃的小吃，很方便! ! ! !大家玩的都很开心!",优秀 入住 体验 卫生 干净 环境 管家 高效 回复 设施 耐心 查询 性价比 推荐 地方 地铁口 好吃 小吃 开心
服务体验很好也干净卫生,体验 干净 卫生
房间宽敞明亮，干净整洁~设施齐全~ 入住前一天房东主动加了微信，发来了入住指南~内容清晰，入住很顺利~ 这套民宿主打就是交通便利，楼下就是地铁口，，周围还有潮宗街，省博物馆，~离橘子洲和岳麓山也不远，坐地铁都能到~非常不错，强烈推荐!,房间 干净 整洁 设施 入住 房东 发来 入住 指南 内容 清晰 入住 顺利 套民 宿主 交通 便利 地铁口 博物馆 不错
"住过很多民宿酒店，还是第一 次，格局挺好，装修有风格，房间干净，还提供冰箱。楼下苍蝇馆子味道不错，地道的湖南菜,路对面就有大型商场，美食很多，很美味。楼下有地铁,超近。总之,方便，超赞,让人心情愉悦。",民宿 酒店 格局 装修 风格 房间 干净 提供 冰箱 苍蝇 馆子 味道 不错 地道 湖南菜 对面 大型商场 美食 地铁 超近 超赞 心情 愉悦
这个民宿真的太棒了！超级干净整洁，一进门就感觉让人家开心，房间布局温馨又舒适，感觉像回到了家里一样，地理位置也超赞，出门就是地铁站，吃喝玩乐应有尽有， 强烈推荐大家来这里住宿，绝对不会失望的！,民宿 干净 整洁 进门 感觉 开心 房间 布局 舒适 感觉 回到 地理位置 超赞 出门 地铁站 住宿 失望
房间卫生干净，物品都整整齐齐的放好，感觉就像住在自己家一样舒服。长沙的旅行因为这个房子变得超级愉快！而且，房东小姐姐人很好，长沙之旅很开心！ (灬º‿º灬)♡,房间 卫生 干净 物品 放好 感觉 舒服 房子 变得 愉快 房东 开心
酒店位置优越，楼下就是地铁站出行非常方便，环境和装修也很高级，适合出片拍照，客服管家也非常贴心，服务很好，推荐入住。,酒店 位置 优越 地铁站 出行 环境 装修 适合 出片 拍照 客服 管家 贴心 推荐 入住
十分满意！很适合朋友出行一起住，房间布局也不错，楼层很高环境不错！民宿小姐姐也很！值得推荐！！！！！,适合 朋友 出行 房间 布局 不错 楼层 环境 不错 民宿 值得 推荐
非常好的民宿，干净视野好，空调效果不错的，下次来还会选择的地方，楼下就非常多美食离地铁站也非常近,民宿 干净 视野 空调 效果 不错 选择 地方 美食 地铁站
不错。。。。。。。。。。。。。。。。。。。。。。不错。。。。。。。。。。。。。。。。。。。。。。。。,不错 不错
非常好的体验，地点便利出行方便，床品很舒适， 小姐姐很热情服务很好，下次来长沙还会入住,体验 地点 便利 出行 床品 舒适 入住
帮朋友订的，环境很不错，房间很新，交通方便。管家小姐姐很细心，一直很耐心的回答各种问题,朋友 环境 不错 房间 交通 管家 细心 耐心 回答
位于6号线地铁口旁边，出行非常便利。房间收拾的特别干净，投影、冰箱、热水器、洗衣机等家电设备都有，还有麻将机，体验感很好。楼层很高，可以看到很棒的江景房间安静，对浅眠者很友好。管家服务周到，提供的入住指南非常详细，信息回复及时。,位于 号线 地铁口 出行 便利 房间 收拾 干净 投影 冰箱 热水器 洗衣机 体验 楼层 很棒 江景 房间 浅眠者 友好 管家 提供 入住 指南 详细 信息 回复
在湖南省博物馆附近，楼下就是地铁站，出行便利 缺点是卫生环境一般，不能细看,博物馆 地铁站 出行 便利 缺点 卫生 环境 细看
非常好的夜景，交通方便，适合朋友一起，整点烧烤小酒，很舒适,夜景 交通 适合 朋友 整点 烧烤 舒适
房间风景视野好，管家随时在线，服务热情周到！,房间 风景 视野 管家
楼下就是地铁站去哪里都非常方便，环境也非常好！,地铁站 环境
很喜欢这种设计 也挺干净的 住着也舒服 服务好,喜欢 干净 舒服
非常好，交通方便，房间整洁，客服热情。,交通 房间 整洁 客服 热情
好评！小姐姐人很好，房子也很好看,好评 房子 好看
服务态度可以 环境也挺好的,服务态度 环境 挺好
房间挺不错服务也挺好,房间
非常好！态度相当好！,态度
房东特别好 强力推荐,房东 强力 推荐
位置方便，挺好的,位置
整体感觉还不错的,整体 感觉 不错
非常干净舒服,干净 舒服
停车卷30一张 不管停多久。进门就收30,停车 进门
与朋友在闲逛潮宗街，无意中发现的一家闹中取静的民宿，整个小院给人的感觉实在是太舒服太惬意了，民宿房间里的用具也很有质感，推荐给去长沙旅游的朋友们，下次再往长沙还会选择蜗牛院子。,朋友 闲逛 无意 发现 民宿 小院 感觉 实在 舒服 惬意 民宿 房间 用具 质感 推荐 朋友 选择 蜗牛 院子
装修很好的 老板特别温柔 楼下是咖啡店 可以打卡 出门也很方便 晚上也很安静,装修 很好 老板 温柔 咖啡店 打卡 出门
环境很好，小院子很舒服，房间里面也比较宽敞,环境 院子 舒服 房间 宽敞
潮宗街内，非常方便，咖啡好喝，边上有个小停车场,咖啡 好喝 停车场
非常喜欢，文艺范。下次再来。,喜欢 文艺
房间布局很合理，地方很宽敞，六个人入住（三家）刚刚好，尤其是客厅，看着投影，大家小酌一杯，轻松惬意，完美；洗澡也舒服，热水充足，六个人轮流洗澡一点也不影响；就是来的三天长沙雾霾比较严重，看不到湘江的夜景。总结说：房间空间完全能够满足一家出行，设施齐全，景色优美，五星推荐。,房间 布局 地方 宽敞 入住 客厅 看着 投影 轻松 惬意 完美 洗澡 舒服 热水 充足 轮流 洗澡 比较严重 看不到 夜景 房间 空间 出行 设施 景色 优美 推荐
地理位置特别好，环境卫生特别干净，投影也特别清晰，出门就有吃的有特产，去哪里都很方便。是我住过的特别推荐的一家，随便周围是商业街但是晚上不会特别的吵，很安静，隔音效果不错。老板还给我们升级了房间，下次再来长沙还会住这里,地理位置 环境卫生 干净 投影 清晰 出门 特产 推荐 商业街 隔音 效果 不错 老板 还给 房间
房间明亮，设计独特，奶油奶油的，灯光和设计融合的非常温馨，又具有现代化，店家暖心的准备了耳塞式眼罩，临走还赠送了帆布袋，实用。我是带小孩子去住的，但是特别特别适合情侣，哈哈哈，悬空浴缸好浪漫啊，店家也准备了一次性淋浴袋。去长沙旅游的更合适了，解放西路，国金，步行街，太平街……都很近很方便。服务没话说，一个群为你服务，吃喝玩乐都给你攻略。很好的感受。,房间 明亮 独特 奶油 奶油 灯光 店家 耳塞式 眼罩 临走 赠送 帆布袋 实用 小孩子 适合 情侣 悬空 浴缸 浪漫 店家 淋浴 合适 解放 国金 步行街 攻略 很好 感受
尊嘟很喜欢！！！住着特别舒服床特别大特别好睡！我们躺下直接秒睡 非常方便点茶颜基本20多分钟就能送到了，外卖啥的都很多附近也很多打卡的店铺，！！对面就是（长沙公社）在民宿里都能拍大片！我太懒了！大家后面去长沙记得多穿点太冷了！！ 服务特别特别好！！！,喜欢 舒服 送到 外卖 打卡 店铺 对面 公社 民宿 大片 太懒 记得
第一次评价！！献给无宿民宿！真的住的太舒服了！！浴缸非常有质感！老板太有品味了！水也超大超热哈哈哈哈 整个房间都透着高级和好看，退房还赠送一个托特包。真的觉得这家民宿很用心，布局什么的有一种在家的归属感，住的蛮舒服的，本来想续房！都没房间了！,评价 献给 无宿 民宿 舒服 浴缸 质感 老板 品味 超大 超热 房间 好看 退房 赠送 民宿 用心 布局 归属感 舒服 想续 房间
在湘江边，太平老街对面，地理位置得天独厚。隔音：酒店这一栋特别新，靠近窗户的床在早上稍微有点声音，上铺的床很安静。设施：设计很有趣，奶油色的风格很干净，浴室厕所绝对是一大亮点，性价比很高。卫生：干净整洁，打扫及时,老街 对面 地理位置 隔音 酒店 靠近 窗户 声音 设施 有趣 奶油色 风格 干净 浴室 厕所 一大 亮点 性价比 卫生 干净 整洁 打扫
房间很不错，投影仪也很清晰，卫生也挺好，地理位置很好，出行还是比较方便，距离景区和步行街啥的都比较近。房间内还可以看到一点点江面，景色还是不错的。楼下就是停车场，停车位挺多的，唯一的遗憾就是中途出去不包停车费，哈哈哈~希望老板剩余越来越红火,房间 不错 投影仪 清晰 卫生 地理位置 出行 距离 景区 步行街 房间内 江面 景色 不错 停车场 停车位 遗憾 停车费 希望 老板 剩余 红火
这个民宿设计感满满，进门就感觉房间很高级，管家小姐姐也很有亲切感！我选的是随机户型，但是也分配的很合适，一进门就能感觉到阳光穿透进来，有一个超有氛围感的壁炉，坐在沙发上跟女朋友买点吃的放上面，很有那个感觉，投影仪很也棒,民宿 满满 进门 感觉 房间 管家 亲切感 户型 合适 进门 感觉 穿透 超有 氛围 壁炉 坐在 女朋友 买点 感觉 投影仪
房间装修很原木风，简单又不失文雅，我和老公都很喜欢，立刻续住两晚，在长沙的第二个民宿就这么满意，省的再换地方了。服务也很贴心，每天阿姨来收拾房间前都会微信问我们方便不方便，不会打扰我们。,房间 装修 原木 简单 不失 喜欢 续住 民宿 满意 再换 地方 贴心 收拾 房间 打扰
来长沙就来这里入住吧，必须好评，管家小姐姐非常得热心，房间干净整洁，还有股香香得味道，一点也不潮湿，作为外地人得我还是比较挑剔得，但是这家民宿必须好评，还有个原因，我的退房时间是12管家得小姐姐延迟了2个小时，行李还可以寄存到前台，窗户又能看见江景，服务又好，房间又干净，还主动给我们拉行李箱，搬行李，感谢。还有地段好，出门就可以觅食，吃用都非常方便,入住 好评 管家 热心 房间 干净 整洁 味道 潮湿 外地人 挑剔 民宿 好评 原因 退房 时间 管家 延迟 小时 行李 寄存 前台 窗户 江景 房间 干净 行李箱 行李 感谢 地段 出门 觅食 吃用
卫生：地板拖的非常干净！！！和姐妹光脚走都能感受到无尘的舒适！ 环境：靠近和海信，本次就是来长沙买东西的，还是非常方便 设施：齐全，白墙和投影仪最搭，和姐妹晚上又刷了好多集陈情令，超级开心 服务：满分！小姐姐超级热情超级有爱哦！还送了两杯茶颜，刚好准备点外卖的。就是这么适配！ 真的超级推荐姐妹们来呢。本来是来长沙专门去买肖战的周边的。住这里真的好方便，逛逛吃吃节省时间。,卫生 地板 干净 姐妹 光脚 感受 无尘 舒适 环境 靠近 设施 白墙 投影仪 姐妹 情令 开心 热情 外卖 适配 推荐 姐妹 逛逛 节省时间
宠物友好！楼下就是五一广场好热闹，交通便利，最主要的是，店主服务态度好好哦！很 ，值得入住，价格实惠，环境很好，也很干净 蒸汽眼罩、耳塞:都有，很全,宠物 友好 热闹 交通 便利 店主 服务态度 值得 入住 价格 环境 干净 蒸汽 眼罩 耳塞
位置在五一广场坡子街，靠近江边，在这里住了一天，实在是相当给力，价格不会太高，性价比，我们住的是个双床房，卫生做的很干净，环境也很新，房间空间不算小，可以看到夜景，管家服务很好，楼下有停车场，离地铁站也很近，可以到超级文和友打卡,位置 坡子 靠近 实在 价格 性价比 双床 卫生 干净 环境 房间 空间 不算 夜景 管家 停车场 地铁站 文和友 打卡
图片都是实拍无滤镜，每一张都是手机拍摄，直接原图上的，颜值好比明星生图抗打，房间风格很多，视野超好，蓝天白云。可以听周杰伦还可以投屏看电影 楼下500米就是地铁站，步行五分钟就到国金，下楼就是太平街，坡子街，到橘子洲景区，岳麓山风景区都真的方便！管家小姐姐很温柔，还免费升级了房间。寄存行李也很贴心 ，下次来长沙的首选,图片 实拍 手机 拍摄 原图 颜值 好比 生图 房间 风格 视野 超好 投屏 电影 地铁站 步行 国金 下楼 坡子 景区 风景区 管家 温柔 房间 寄存 行李 贴心 首选
"民宿那个房间都有投影仪，屏幕很大，看的很爽，房间落地窗很大，干净卫生,吃喝玩乐都很方便，管家们也会推荐一些好吃好玩的，非常贴心。为我们这些第一次来长沙的客人攻略做的很好，值得点赞",民宿 房间 投影仪 屏幕 很大 很爽 房间 落地窗 很大 干净 卫生 管家 推荐 好吃 好玩 贴心 客人 攻略 很好 值得
房间干净舒适，地理位置很好。楼下就是太平街，旁边就是文和友，过江就是岳麓山，都可以步行到达，非常方便,房间 干净 舒适 地理位置 文和友 步行 到达
房价是奶油色的特别高，游大大的落地窗，阳光明媚！位置很棒位于市中心，周边全是网红打点，可以看到湘江，晚上可以欣赏长沙最闪耀的霓虹灯！太棒了,房价 奶油色 落地窗 位置 很棒 位于 市中心 打点 欣赏 闪耀 霓虹灯
管家接上楼，干净卫生，房型好，直接俯瞰江景！最重要的是交通无敌方便！！！坡子街、太平老街、文和友、国金。。统统下楼走5分钟！浴缸特别有感觉，超级漂亮，下楼就是茶颜悦色，环境很棒！,管家 干净 卫生 房型 俯瞰 江景 交通 无敌 坡子 老街 文和友 国金 统统 下楼 浴缸 感觉 漂亮 下楼 环境 很棒
开始订一天觉得很不错，又连续住了两天，位置特好，四通八达，房间干净利落，服务很不错，很随和亲切。江景房，很值得推荐，挺好的，旅游出差的好选择,不错 连续 位置 房间 干净利落 不错 随和 亲切 江景 值得 推荐 出差 选择
这个房间环境很好，躺在床上就能看投影，很惬意，卫生很好，客房姐姐也很和蔼，管家小姐姐就更不用说了，相当 。果断推荐给朋友了，如果再去还会选择你家，五分好评都不够，十分好评,房间 环境 床上 投影 惬意 卫生 客房 姐姐 管家 推荐 朋友 选择 好评 好评
卫生：每个东西上都有一层灰， 设施：当天最后才跟我们说大的浴霸头坏了， 环境：环境临近各种景点挺近的，比如太平街，国金中心，坡子街，这些都在一个地方，很近，当然那样隔音效果就不用说了，给准备了耳塞，睡觉轻的就不要考虑了， 服务：还好吧，全程手机对话，无接触，可以免费寄存行李，但是去了超市寄存，,卫生 设施 环境 环境 临近 景点 国金 中心 坡子 地方 隔音 效果 耳塞 睡觉 还好 全程 手机 对话 接触 寄存 行李 超市 寄存
民宿地理位置非常好，走哪都很方便，对面就是太平街，旁边就是解放路，文和友（海信店），太方便了。小姐姐团队服务也很好，房间很干净，很多小细节都很贴心。下次朋友来还推荐这家。,民宿 地理位置 对面 文和友 团队 房间 干净 细节 贴心 朋友 推荐
房间满意服务也很好、交通便利去橘子洲也很近、小孩子特别喜欢爬这个楼梯、周边吃东西也很方便。值得推荐。,房间 满意 交通 便利 小孩子 喜欢 楼梯 值得 推荐
房间位置很好，下楼就是解放西和太平街，里面很干净，洗手间空间很大，智能马桶浴缸吹风机是戴森的，床头备了眼罩和耳塞很贴心，行李寄存也很方便，老板很热心会来楼下接你帮你寄存行李,房间 位置 下楼 解放 干净 洗手间 空间 很大 智能 马桶 浴缸 吹风机 床头 眼罩 耳塞 贴心 行李 寄存 老板 热心 寄存 行李
强烈推荐，性价比超高，还能看到江景。风格是风，大气简约，江景落地窗。很适合拍照，距离地铁站只有不到五百米，下来就是太平街。设施设备齐全~,性价比 超高 江景 风格 大气 江景 落地窗 适合 拍照 距离 地铁站 不到 设施
房间很漂亮，很温馨，在市中心位置很方便，房间配了耳塞和眼罩。贴心服务真的没话说，小姐姐一直很热情的回答所有问题。必须好评满分,房间 很漂亮 市中心 位置 房间 耳塞 眼罩 贴心 热情 回答 好评
房间设计很高级也很干净 所在大楼也非常安全！管家人也非常奈斯很问题！很贴心的给我们发攻略！江景也很棒，房间灯光超好拍照很出片,房间 干净 大楼 贴心 攻略 江景 很棒 房间 灯光 超好 拍照
早上一睁开眼睛就是江，很惊喜，楼层也很高！超棒！房间是，卫生间在下面，床在2楼，屋内干净整洁！下次继续住这边,睁开眼睛 惊喜 楼层 超棒 房间 卫生间 干净 整洁
无宿的房间真的从来没有让我失望过，因为经常去住所以管家给我升级了房间，一整个诧寂风奶白色调，油画般的奶真的软到心里。房间有60，来个小趴也没问题，有两张床，可以住四人，日用品齐全且干净！  !,无宿 房间 失望 管家 房间 诧寂 奶白 色调 油画 房间 两张床 日用品 干净
房间有超大的落地窗户 窗外就是整个长沙市中心，醒来睁开眼睛就是蓝蓝的天空，简直完美。与各大网红民宿相比，入住体验感是真的非常舒服,房间 超大 落地 窗户 中心 醒来 睁开眼睛 天空 完美 民宿 相比 入住 体验 舒服
服务暖心的一家民宿，房间大小合适，露台江景色很美，能看岳麓山和湘江。床垫特别舒服，性价比很高，保洁也很到位。,民宿 房间 合适 露台 景色 床垫 舒服 性价比 保洁 到位
咱就是说这个房间太高级了，拍照风格明显，绝对的独一无二，强烈推荐！！！,房间 拍照 风格
房间很漂亮 晚上可以躺在浴缸看城景 白天阳光真的太好了！！一定要拉窗帘！不让阳光晒到床上暖洋洋的 太幸福！！,房间 很漂亮 浴缸 城景 窗帘 不让 床上 幸福
地理位置挺好的，和地铁很近，江边也不远，能看到江景，房间干净卫生，老板热情，下次来长沙还考虑这里,地理位置 地铁 江景 房间 干净 卫生 老板 热情
房间干净卫生，拍照也很好看。位置很好，距离五一广场步行都能到达。楼下小吃也很多，晚上夜宵很多！,房间 干净 卫生 拍照 好看 位置 距离 步行 到达 小吃
太喜欢这个风格了，拍照真的很出片，装修和设施都很有质感，真的有老长沙的风格，窗户外还能看到停泊的船只，推荐推荐！,喜欢 风格 拍照 装修 设施 质感 风格 窗户 停泊 船只 推荐 推荐
临江高层可以看到整个五一商圈！出行也很方便！屋内陈设非常温馨，漱口水洗脸巾细节满满，灯光让人感觉很舒适！！好评,高层 商圈 出行 漱口水 洗脸 细节 满满 灯光 感觉 舒适 好评
阳光下午真的很好 能看到江面波光粼粼 太美啦 房间很舒服 床垫问了一下是什么牌子 太舒服啦,江面 房间 舒服 床垫 牌子 舒服
酒店地理位置不错，在长沙确实有点异国风情，房间也挺大，很整洁，干净比较适合女孩子，管家小姐姐服务热情，贴心，也很温和，值得推荐,酒店 地理位置 不错 确实 异国 风情 房间 整洁 干净 适合 女孩子 管家 热情 贴心 温和 值得 推荐
风景可以，窗外直接就是湘江，价格不算贵，很干净，服务很好！,风景 价格 不算 干净
设施：很熟服 卫生：很干净 环境：楼下就是坡子街，大平老街 服务：管家服务跟踪特别到位！ 下次过来还会选择这里,设施 很熟 卫生 干净 环境 坡子 大平 老街 管家 跟踪 到位 选择
超级棒的一次民宿体验，房间设计不错，卫生也非常到位！地理位置好到爆，楼下就是坡子街太平街，打车费都省了哈哈哈哈哈！管家小姐姐人也超好！楼里电梯要换层，刚到的时候有点迷，管家小姐姐马上来接了，很负责。,民宿 体验 房间 不错 卫生 到位 地理位置 坡子 车费 管家 超好 电梯 管家 来接 负责
很好服务也很热情 还专门提供了延迟退房的房间给我们休息 楼下很多吃的很方便 总之很好啦,热情 提供 延迟 退房 房间 休息
挺好的，服务贴心，会很告诉你吃喝玩乐 民宿很美很有特色，值得来体验一次,贴心 告诉 民宿 很美 特色 值得 体验
碰上了两天阴雨绵绵的天气，很喜欢这家店即使下雨也可以在房间看到湘江，太平街。设施设备齐全老板也很很热心,碰上 阴雨 天气 喜欢 下雨 房间 设施 老板 热心
这家民宿的管家很好，很热情。实拍和拍摄的房间一模一样。浴缸可以泡澡，还配了戴森的吹风机，房间灯光什么的都很有特色，可以看电影，泡澡，看夜景，很满意的一次住宿,民宿 管家 热情 实拍 拍摄 房间 浴缸 泡澡 吹风机 房间 灯光 特色 电影 泡澡 夜景 满意 住宿
房间很漂亮 洞穴设计 简单舒适 下午阳光真的超级好 也能看到江景 很方便出行,房间 很漂亮 洞穴 简单 舒适 江景 出行
非常棒的入住体验，环境出乎意料的好，极具性价比。房间明亮整洁，无异味，设施一应俱全，温馨，舒适，暖心。房子地理位置也很好，交通方便，管家美女也是非常有耐心的直爽人，为我们一一解答，还给我们提供游玩攻略。总之，必来，我下次还来住,入住 体验 环境 极具 性价比 房间 明亮 整洁 异味 设施 舒适 房子 地理位置 交通 管家 美女 耐心 直爽 解答 还给 提供 游玩 攻略
房间很漂亮 能看见江景 和朋友在房间拍了很多好看的照片！泡澡也很舒服啰！！,房间 很漂亮 江景 朋友 房间 好看 照片 泡澡 舒服
房间很漂亮拍照很好看 浴缸泡着很舒服 投影也是可以想投哪里投哪里看着很舒服,房间 很漂亮 拍照 好看 浴缸 舒服 投影 看着 舒服
适合闺蜜情侣出游，还可以买个沐浴球球泡澡。周边超级多吃的，配套设施齐全，民宿管家也很贴心,适合 闺蜜 情侣 沐浴 球球 泡澡 配套 设施 民宿 管家 贴心
房间干净卫生，视野很好，2房一厅还挺舒服，楼下很多好吃的，地理位置特别好啊！下次还要再来长沙玩,房间 干净 卫生 视野 好吃 地理位置
性价比真的很高！无论从服务、安全性、干净程度来说，真的很适合出行的人群！我认为单从性价比这个角度来说真的游打动到我！服务态度很好，工作专业，办理速度快，服务热情，房间卫生干净，位置方便，这个价格超值，给个大大的赞上推荐，祝店家生意兴隆！,性价比 干净 程度 适合 出行 人群 性价比 角度 打动 服务态度 专业 办理 速度 热情 房间 卫生 干净 位置 价格 超值 赞上 推荐 店家
房间很舒服 位置绝佳 楼下夜宵很多吃的玩的都很近 推荐长沙住宿住这,房间 舒服 位置 推荐 住宿
卫生干净，店家服务态度好，住的地方离周边景点都不远，吃喝玩乐都很方便，下次还会光顾。,卫生 干净 店家 服务态度 地方 景点 光顾
壁炉设计感十足，临江高层可以看到整个五一商圈。卫生干净，设施齐全，推荐～,壁炉 高层 商圈 卫生 干净 设施 推荐
进门就是扑面而来木香，有温暖的壁炉，坐在沙发上能看到江景，细致入微的服务，满意的旅程,进门 温暖 壁炉 坐在 上能 江景 满意 旅程
房间挺好的，主要地理位置相当好，去哪都好近！晚上和闺蜜畅聊！住在一起太方便！,房间 地理位置 闺蜜 畅聊 住在一起
太棒了!拍照非常出片，性价比超高，感谢管家的指引和照顾~~推荐,拍照 出片 性价比 超高 感谢 管家 指引 照顾 推荐
环境很好服务热情 特别有特色 交通也方便,环境 热情 特色 交通
这次行程最满意的一站就是这个民宿了，服务超级好，无敌城景加江景，太太太喜欢了～,行程 满意 民宿 无敌 城景 江景 太太 喜欢
环境：干净 整洁 服务：贴心,环境 干净 整洁 贴心
泡澡可以，景色可以，投影直接照上墙，再有个桌子就好了,泡澡 景色 投影 桌子
干净温馨漂亮，很出片 就在市中心，出行方便,干净 漂亮 市中心 出行
这家酒店是朋友介绍的 因为今天回长沙来找女朋友了 住宿也要安排一下，就在市中心，确实很方便 晚上睡觉也不吵，管家小姐姐的服务态度很好，安全性也很高，楼下一直有保安值班。房间里面安静 温馨 灯光也很棒，好几个灯光 可以自己调节 投影很适合我们年轻人，看个电影也很浪漫。还有浴室的洗发水沐浴露也得夸夸，味道好闻不说，品质也很不错，洗手液的味道可好闻了 ，还有洗衣液，退房的时候还赠送了一个包包。太棒了，这家酒店会继续推荐给朋友们！！！,酒店 朋友 介绍 女朋友 住宿 安排 市中心 确实 睡觉 管家 服务态度 值班 房间 灯光 很棒 灯光 投影 适合 年轻人 电影 浪漫 浴室 夸夸 味道 好闻 品质 不错 味道 好闻 洗衣 退房 赠送 包包 酒店 推荐 朋友
地理位置非常好，离几个网红夜市和玩的地点都很近，对面就是太平老街，到国金广场走路只用十几分钟，老板也很热情，回家的时候不愿意带的东西，民宿都会帮忙寄回来。而且推荐了很多吃喝玩乐的地方，下次来还住这里。,地理位置 网红 夜市 地点 对面 老街 国金 广场 走路 只用 老板 热情 回家 民宿 帮忙 回来 推荐 地方
房间干净卫生，是极简风得装修风格，订得是奶油风得白苔大床房，窗户很宽敞视野开阔很适合观景，江景也不错，地理位置很好，就在湘江边上，楼下公交车站地铁站都很近，还可以在这直接看到太平街。离五一广场，坡子街，文和友，海信广场都挺近得，走路就能到，吃喝玩乐集一体,房间 干净 卫生 简风 装修 风格 订得 奶油 床房 窗户 宽敞 视野 开阔 适合 观景 江景 不错 地理位置 公交车站 地铁站 坡子 文和友 广场 走路 一体
整个风格非常舒服，房间偏奶油色系，轻奢风，很有档次。比我之前预定的酒店感觉好多了。房间也特别大，设施真没的说，很享受，每个房型都有投影仪，房间非常干净，灯光亮度颜色也很舒服，拍照巨好看，床也很软很舒服，晚上睡觉特别踏实。非常的方便，去橘子洲，岳麓山也很近。很不错的一次入住体验。强烈推荐给各位,风格 舒服 房间 奶油色 档次 预定 酒店 感觉 房间 设施 享受 房型 投影仪 房间 干净 灯光 亮度 颜色 舒服 拍照 好看 很软 舒服 睡觉 踏实 不错 入住 体验
看电影很给力！位置很方便下楼就是五一广场，去哪里都很方便，虽然是市中心但是睡觉很安静，一点都听不到外面的嘈杂声，房间量配备的用品也很齐全，尤其是洗护用品非常好用，在外面吃小龙虾衣服搞脏了，半夜回来直接用房间的洗衣机清洗了，房间很干净，风景，采光很好，房间还能看到湘江美景和星城的夜景，躺在床上看着大屏幕超高清电影吹着空调也很舒服的！楼下就有茶颜悦色，超赞！这里性价比高，不光是房间超值，这里的有温度的热情服务更超值！什么问题都可以及时找管家解决,电影 位置 下楼 市中心 睡觉 不到 房间 配备 用品 洗护 用品 衣服 搞脏 回来 房间 洗衣机 清洗 房间 干净 风景 采光 房间 美景 夜景 床上 看着 超高 电影 空调 舒服 超赞 性价比 房间 超值 温度 超值 管家 解决
长沙市区“1”的民宿酒店，真的非常喜欢的民宿酒店。入住是真的给了我很大的惊喜 装修风格：室内装修诧寂复古却很温馨，即使在房间都能玩一天，拍照也非常出片。如果不是赶行程，真的很想再回来住上几天 房间设施：床上用品干净整洁，而且细节拉满，有漱口水，牙刷是软毛的，材质也不错，一看就是老板用心挑选的，床尾巾都和风格很契合 服务：管家小姐姐服务也超好，提前和我电话沟通，告知酒店定位，还细心的给了酒店入口照片。我们到达后，很快的就下来迎接我们，随机密码单独发送至手机，安全又方便，附近有地铁站，公交，打车也很方便。 周边环境:楼下就是商业街，走路十几分钟就能到南门口，本地人都爱去的小吃一条街，各种各地的美食，应有尽有。走的时候，还送了我们一个托特包，下次去一定会在入住他家，感受一下其它房间的魅力,民宿 酒店 喜欢 民宿 酒店 入住 很大 惊喜 装修 风格 装修 诧寂 房间 拍照 出片 行程 回来 房间 设施 床上用品 干净 整洁 细节 漱口水 软毛 材质 不错 老板 用心 挑选 床尾 风格 契合 管家 超好 提前 电话 沟通 告知 酒店 定位 细心 酒店 照片 到达 迎接 密码 手机 地铁站 公交 打车 商业街 走路 本地人 小吃 一条街 美食 入住 房间 魅力
民宿环境很好，服务态度很好，房间设施设备齐全，卫生间也干净，视觉感也好，江边游轮都可以看到。出入就是中心街，很方便。希望下次还能遇到，价格实惠入住，停车方便,民宿 环境 服务态度 房间 设施 卫生间 干净 视觉 游轮 出入 中心 希望 价格 入住 停车
酒店下楼就是坡子街，附近好吃的很多。房间有洗烘一体机，外卖可以送到门口，房间整体还是很舒服，管家服务也很热情，最后退房的时间我们把行李放在前台，还会贴心的给我们送水和托特包~整体感觉还不错，投影调整一下就更好了,酒店 下楼 坡子 好吃 房间 外卖 送到 房间 整体 舒服 管家 热情 退房 时间 行李 放在 前台 贴心 送水 整体 感觉 不错 投影
风景很好，可以看到湘江，服务也不错，房间视野好也很暖。晚上不用开空调睡的也很舒服，我们去的时候应该是长沙最冷的时候了，楼下就是坡子街，去哪里都超级方便,风景 不错 房间 视野 不用 空调 舒服 最冷 坡子
傍晚临时订的房间，没想到成为了到长沙的意外之喜。刚预定就给我电话联系告知了酒店地址询问了我几点到店，特别细致的服务，性价比超高。抽到了晨雾的房间，隔天起床阳光洒在身上真是太舒服了！,房间 了到 意外 预定 电话 告知 酒店 地址 询问 细致 性价比 超高 抽到 晨雾 房间 起床 舒服
交通：五一广场附近，就近美食打卡、地标打卡、酒吧公社打卡基本步行解决非常方便省事，适合极限旅游赶时间的特种兵们 房间：全新装修，风格漂亮干净舒服，和朋友住都很开心 环境：非常干净!提供的毛巾床单都是软软的香香的 服务：管家非常热情贴心，很多小事都提醒了，还推荐好的，有什么问题回复都很及时，人超好,交通 美食 打卡 地标 打卡 酒吧 公社 打卡 步行 解决 省事 适合 极限 特种兵 房间 装修 风格 漂亮 干净 舒服 朋友 开心 环境 干净 提供 床单 软软 管家 热情 贴心 小事 提醒 推荐 回复 超好
民宿在市中心，前有太平街，后有坡子街，离地铁站、、杜甫江阁都很近，而且店里小姐姐非常热情，对游玩和美食都推荐了，避免入坑，下次来还选择这里。,民宿 市中心 坡子 地铁站 店里 热情 游玩 美食 推荐 选择
酒店安静，服务及时到位，还贴心的发了长沙的吃喝玩乐攻略，最后一天有事需要用电脑，还提供了员工个人电脑给我们使用，确实是能满足的都尽量满足了，很好的入住体验,酒店 到位 贴心 攻略 电脑 提供 员工 个人电脑 确实 很好 入住 体验
位置绝佳，房间挺好的，主要是服务态度超级好，全程都十分热心，也能及时帮我们解决问题，最后走的时候还送了个环保手提袋，下次来长沙还会选择这家民宿的。,位置 房间 服务态度 全程 热心 解决问题 手提袋 选择 民宿
作为民宿来说是很不错了，洗漱用品齐全，卫生特别干净，房间内的香氛味道也很好闻~一大亮点就是窗边的景色很美~尤其是白天！下次还要来体验一下其它的房间！！,民宿 不错 洗漱 用品 卫生 干净 房间内 香氛 味道 好闻 一大 亮点 景色 体验 房间
位置方便，住宿环境可以，房间设施也很完善，非周末时间性价比挺高的，房间里还有很多镜子，很适合女孩子居住，还可以看到江景和，和图片也相符,位置 住宿 环境 房间 设施 完善 时间 性价比 房间 镜子 适合 女孩子 居住 江景 图片 相符
地理位置非常好，硬件设备也都不错，我们一行7个人，住的还是很舒服的。服务很好，有24小时的客服跟进，小事也会及时帮我们处理，推荐。,地理位置 硬件 不错 舒服 小时 客服 跟进 小事 推荐
晚上泡着浴缸看夜景真的好安逸~关上灯看投影电视睡觉氛围好绝。位置就在文和友和太平街中间，去哪都方便，附近吃喝玩乐超方便,浴缸 夜景 关上灯 投影 电视 睡觉 氛围 位置 文和友
浴缸将氛围感直接拉满从喧闹的市区逃离回房间来个浪漫的双人浴和男友一起真的太浪漫啦！房间整体奶油色的设计风格，时尚又温馨巨幕投影清晰度真的绝一订酒店就有管家电话联系，告知位置，介绍周边游玩，简直不要太细心。到楼下还有管家专程接待上楼，临走会赠送一个托特包！真的有被很用心的对待如果有机会再去长沙的话我还会选择这家酒店,浴缸 氛围 喧闹 市区 逃离 房间 浪漫 双人 男友 浪漫 房间 整体 奶油色 风格 时尚 巨幕 投影 清晰度 酒店 管家 电话 告知 位置 介绍 游玩 细心 管家 专程 接待 临走 赠送 用心 机会 选择 酒店
民宿的小伙伴都很尽责，帮了我们好多忙，都有点不好意思。房间在高层，看到江景，楼下就是坡子街，非常方便，闹中取静。以后来长沙还会选择这里！谢谢大家！,民宿 小伙伴 尽责 不好意思 房间 高层 江景 坡子 选择
管家很热心，房间配置品质很高，因为是平日客人不多店家还给升级了大床房，房间的的建筑风格简直太棒了，晚上从窗户往外面看能看到长沙的绝美夜景，简直不要太好看！！,管家 热心 房间 配置 品质 客人 店家 还给 床房 房间 建筑风格 窗户 往外面 看能 绝美 夜景 好看
房间设计舒适温馨没想到这么便宜的价格还能住到这么棒的民宿！服务没的说，房间干净整洁！客房大姐真的辛苦了！卫生！品质对得起这个价格！性价比很高！房间很干净没有异味，通风很好，很干净，很方便。入住办理快，出行方便，打车方便，餐饮店超级多，价格实惠。体验感很好很开心,房间 舒适 便宜 价格 民宿 房间 干净 整洁 客房 大姐 辛苦 卫生 品质 对得起 价格 性价比 房间 干净 异味 通风 干净 入住 办理 出行 打车 餐饮店 价格 体验 开心
房间非常棒，很照片完全一样，入住流程简单，中间不小心遗失卡包 被负责的管家小姐姐捡到并保存，避免了损失，大大的点赞，下次还会选择入住,房间 照片 入住 流程 简单 小心 遗失 负责 管家 保存 损失 选择 入住
很满意的一次住宿，有家的感觉，店家知道我们订的房间上面在装修，提出给我们升级房间，真的感觉到很贴心,满意 住宿 感觉 店家 房间 装修 提出 房间 感觉 贴心
环境良好，空气很清新，床很软很舒适，厕所和地板卫生搞得很干净，隔音也还可以的，服务很到位，位置也很好，旁边就是商业区。,环境 空气 清新 舒适 厕所 地板 卫生 干净 隔音 到位 位置 商业区
第一次见这种悬浮浴缸，城景绝了！窗外就是烟雨蒙蒙的橘子洲头，就算不开灯，也氛围感十足，下雨天待在房间也舒服,悬浮 浴缸 城景 烟雨 开灯 氛围 下雨天 房间 舒服
环境：和预想中的房间环境一样特别温馨 服务：接待小姐姐非常热情 总体来说体验满分！,环境 预想 房间 环境 接待 热情 总体 体验
环境非常好，管家小姐姐特别贴心，这边夜景也很棒投影体验很强，床也很暖和会推荐身边的人到这里住的,环境 管家 贴心 夜景 很棒 投影 体验 暖和 推荐
房间非常舒适，还带浴缸，投影看电影也很舒服，地理位置也特别好，网红打卡点都非常方便哦！,房间 舒适 浴缸 投影 电影 舒服 地理位置 网红 打卡
非常好的民宿，设施设备齐全，能看到湘江，层高在21楼非常值得入住。接待人员特别热情，加分,民宿 设施 层高 值得 入住 接待 人员 热情
民宿的环境装修风格非常特别，法式复古风，拍照非常出片，房间也挺大，床很软很舒服，还有洗烘一体机，房间也很干净，管家态度非常热情，会下楼迎接，总之一次很不错的体验！,民宿 环境 装修 风格 法式 拍照 出片 房间 舒服 房间 干净 管家 态度 热情 下楼 迎接 不错 体验
很满意送了眼罩 服务也很周到 地理位置超方便 文和友国金都在边上,满意 眼罩 周到 地理位置 文和友 国金
冬天房间有壁炉超级暖和，升温很快 房间配品齐全 推荐,房间 壁炉 暖和 升温 房间 配品 推荐
位置很不错，到周边的景点非常方便。下来就可以到处去吃,位置 不错 景点
装修有中式复古的感觉却一点也不老气，是我超级喜欢的风格，位置也比较好找，这个民宿真的挺不错的，收拾的也非常干净，房间有浴缸可以泡澡，并且有投影设备，看电视方便，壁炉氛围感拉满，适合情侣约会。管家小姐姐也是服务非常好，给我安排的明明白白的,装修 中式 感觉 老气 喜欢 风格 位置 好找 民宿 收拾 干净 房间 浴缸 泡澡 投影设备 看电视 壁炉 氛围 适合 情侣 约会 管家 安排
服务超级好 下次还会选择入住的 还免费升级了房间,选择 入住 房间
房间的卫生非常好，很干净，值得下次来再次入住，强烈推荐。,房间 卫生 干净 值得 入住
酒店位置不错，房间设施也很齐全 服务管家很贴心提供出行攻略,酒店 位置 不错 房间 设施 管家 贴心 提供 出行 攻略
房间非常好，干净卫生，服务也很好，挺满意的,房间 干净 卫生 满意
设施：满意 卫生：满意 环境：满意 服务：满意,设施 满意 卫生 满意 环境 满意 满意
房间很不错 服务也很好 下次还会选择这里的～,房间 不错 选择
民宿管家服务很棒，躺在浴缸看湘江简直太绝了,民宿 管家 很棒 浴缸
强烈推荐又见长沙这个房间，很舒服，进门感觉就很棒，光线很好，风格独特，反正我是觉得性价比很高，房间非常干净，还有一股木质的清香。管家小姐姐更是细心，特贴！强烈推荐，搞哒就是滴,房间 舒服 进门 感觉 很棒 光线 风格 独特 性价比 房间 干净 木质 管家 细心 特贴
干净清爽舒适，出行方便，楼下都是饭店,干净 清爽 舒适 出行 饭店
首先地理位置非常的优越，离五一广场~黄兴步行街~太平街等步行五分钟都不要，距离2号地铁站~公交车站也是真的很近，出行方便。房间布局很是简约高雅，各类设施齐全，订的随机房体验感也是超赞。房间的隔音也好，我那么浅水的人都可以睡得非常舒服。管家小姐姐也是非常的热情，整个入住过程愉快且放心，有什么问题给民宿管家发信息，她们也是很快速的处理你的问题，办事效率高，非常满意。下次还来你们家住，真心推荐,地理位置 优越 步行街 步行 距离 地铁站 公交车站 出行 房间 布局 设施 体验 超赞 房间 隔音 浅水 舒服 管家 热情 入住 过程 愉快 放心 民宿 管家 信息 办事效率 满意 家住 推荐
一言难尽，深夜入住，赶紧换地方吧,入住 地方
卫生：干净 服务：热情 很友好,卫生 干净 热情 友好
服务很好，会给住客带来便利。,住客 带来 便利
地理位置好出行很方便，服务特别好,地理位置 出行
地点出行方便，房间干净卫生,地点 出行 房间 干净 卫生
很适合大家庭住，楼下有吃有逛。,适合
我们选了很多家，最后选到了这家民宿，管家很热情，房间很干净，让人感觉很舒服，床上也很整洁，性价比很高的，网速不错，投屏看电视听歌很不错，很爽哦！我们订得是晨雾，江景房景色绝了，特别是夜景，真是特别特别的美，而且价格很划算。位置靠近五一广场，出行都很方便,选到 民宿 管家 热情 房间 干净 感觉 舒服 床上 整洁 性价比 很高 网速 不错 投屏 看电视 听歌 不错 很爽 订得 晨雾 江景 景色 夜景 价格 划算 位置 靠近 出行
地理位置很好服务很贴心,地理位置 贴心
服务周到，位置也好,位置
选了这个悬浮浴缸的房间，楼层很高，视野特别好。房间投影可以投屏，管家然很好，有求必应的那种。最主要是房间风格很好，各处卫生也很干净，而且下面就是步行街，基本上是处在最繁华的地段，想去哪玩都可以,悬浮 浴缸 房间 楼层 视野 房间 投影 投屏 管家 房间 风格 卫生 干净 步行街 繁华 地段
体验非常棒！,体验
其它方面都很满意！餐桌看上去是还行，但是感觉不太实用，东西放上去会晃来晃去的，担心大力少少把张枱弄坏了，但是总体来说还是很满意的,满意 餐桌 还行 感觉 实用 放上去 担心 总体 满意
环境舒适，洁净，也很时尚,环境 舒适 时尚
对于吃和购物来说，地点十分方便，对面就是太平老街，楼下走两步就是玻子街 因为没有前台，到步后要致电员工带路。员工服务也非常到位。 床很舒适，用品很整全。 房间缺点是投影机没有电视功能和大门隔音不好。,购物 地点 对面 老街 玻子 前台 致电 员工 带路 员工 到位 舒适 用品 很整 房间 缺点 投影机 电视 功能 大门 隔音
位置十分好，近五一广场，美食街 干净 服务好,位置 干净
非常好，干净，和相片一样,干净 相片
是一个五层的独栋别墅 顶楼有一个露天的小花园 种了许多的植物，躺在椅子上懒懒的晒太阳真的好舒服，民宿有一只很可爱的小狗特别治愈，老板娘是一个特别健谈又友善的人，让我在异地感受到了属于长沙的温暖。和朋友定了一个套房 装修真的很特别 是撞色的摩洛哥风格～又带了一点旧时光的味道 我们拿起了相机 随意的拍下了一组写真 这个民宿拍照真的太出片了,别墅 顶楼 露天 花园 植物 椅子 懒懒 晒太阳 舒服 民宿 可爱 治愈 老板娘 健谈 友善 异地 感受 温暖 朋友 套房 装修 风格 时光 味道 拿起 拍下 写真 民宿 拍照 出片
地段去哪都很方便，房间都很有格调，也非常舒服…虽然不太好找但是跟着导航附近不行进入小巷子就可以找到，老板沟通很有耐心…店铺附近很多小吃店，离步行街也不太远…总之旅行的话选择它非常适合…,地段 房间 格调 舒服 不太好 跟着 导航 不行 找到 老板 沟通 耐心 店铺 小吃店 步行街 选择
地理位置超方便，出门便是网红街区，走路十分钟到地铁站。民宿门口正好有家狗趴……雨中的日子…… 房间处处是细节……年轻的老板娘确实下了功夫……来的都是客……笑笑嘻嘻的老板娘，各种贴心…… 来吧，保证让你旅行体验甜爽,地理位置 出门 便是 网红 走路 地铁站 民宿 正好 日子 房间 细节 年轻 老板娘 确实 功夫 老板娘 贴心 保证 体验 甜爽
很用心的老板和老板娘，亲切的像回到家，各种细节都帮我们考虑到了，很舒心。整个布置完全长在我的审美上，马歇尔的音响真的爱惨了。还贴心的准备了泡澡袋，听着音乐泡着澡，太惬意了，赞赞赞,用心 老板 老板娘 亲切 回到 细节 舒心 布置 音响 爱惨 贴心 泡澡 音乐 惬意 赞赞
房间装修风格很有特色，干净整洁，处处细节透露出民宿主人的用心；故旧里洗手间很大，而且有浴霸（这点必须好评），马桶如果能改为智能马桶就完美了。榻榻米房因为有浴缸，配个抽湿机就更好了。位置闹中取静，后栋比前栋安静。从民宿到离最近的培元桥地铁站（1号线）步行约14分钟。,房间 装修 风格 特色 干净 整洁 细节 透露 民宿 主人 用心 洗手间 很大 好评 马桶 改为 智能 马桶 完美 榻榻米 浴缸 位置 民宿 培元 地铁站 号线 步行
房间卫生很干净.空间也大.一家三口住完全足够啦.还有个可以看街景的阳台.长沙两天时间还是比较匆忙的.还有很多好吃的没打卡呢.后来才知道他们家还有一个大露台.下次有机会一定再来.有什么需求只要给老板发个信息就好！服务挺好.,房间 卫生 干净 空间 足够 街景 阳台 时间 好吃 打卡 露台 机会 需求 老板 信息
首先店家的服务态度是相当好的，名宿很漂亮，对得起这三四百元一天的价格，没有早餐，这点比较遗憾，位置很不错，去各个景点都比较近，缺点是离地铁口远，所以还得考虑打车才好一些,店家 服务态度 名宿 很漂亮 对得起 价格 早餐 遗憾 位置 不错 景点 缺点 地铁口 打车
环境特别好 干净舒适 房间也和图片没有差别 很喜欢床边的这个桌子 晚上开小灯写东西非常舒服 民宿的位置出门就能吃吃喝喝 房东人也很好 一开始找不到路还出来接下次出行或者朋友去长沙一定会推荐,环境 干净 舒适 房间 图片 喜欢 床边 桌子 舒服 民宿 位置 出门 房东 不到 出行 朋友 推荐
准备长沙行时，看了一圈的酒店和民宿，最终选了烟霞里，最开始是被零差评所吸引，真正入住后终于理解了～因为真的太好住了。 民宿在潮宗街后面的北正街的巷子里，第一次不好找，可以打电话给民宿小姐姐来接，了解后就会发现这地段超级棒，所有来长沙必打卡的热门的，小众的景点都有地铁直达，最多转一次地铁（比如省博，加上转乘一共也就两站）；茶颜悦色，光脑壳饭店，鲁哥饭店，附近就有。 民宿隔壁虽然有店面但是营业晚，闭门早，特别是前栋的“里”，推荐给睡觉喜欢安静的；房间宽敞，舒适，洗护用品都是常见的牌子，电吹风小巧风力贼大；边上有不少清吧，喝得微醺，走个一两分钟就能回民宿，非常惬意。 入住后，民宿小姐姐会加你微信好友，然后把门的密码，一些注意事项，周边景点美食推荐发送给你，有什么需要都可以微信告知。因为住得太舒服，去长沙南站也方便，退了原本为了回程方便订在南站附近的酒店，又续住了一晚，还被民宿小姐姐投喂了茶颜悦色。 总之，来长沙玩要住民宿的推荐烟霞里，民宿内布置，拍照也很出片。,行时 酒店 民宿 烟霞 零差 评所 吸引 入住 理解 民宿 宗街 正街 巷子 民宿 发现 地段 打卡 热门 小众 景点 地铁 直达 地铁 转乘 脑壳 饭店 饭店 民宿 店面 营业 闭门 推荐 睡觉 喜欢 房间 宽敞 舒适 洗护 用品 常见 牌子 电吹风 小巧 风力 回民 惬意 入住 民宿 微信 好友 把门 密码 注意事项 景点 美食 推荐 发送给 告知 舒服 原本 回程 酒店 民宿 民宿 推荐 烟霞 民宿 布置 拍照
房间和图片一致 肉眼看上去感觉比图片更好一些 房间干净 配套齐全，挺不错的，寄存行李也方便 ，老板娘是超可爱的小姐姐，会给到周边的美食和景点指南以及温馨，贴贴～,房间 图片 肉眼 感觉 图片 房间 干净 配套 寄存 行李 老板娘 可爱 给到 美食 景点 指南 贴贴
小姐姐非常热情，房间也是我喜欢的，可以投屏，还有浴缸，很干净，晚上很安静，门口就是咖啡屋，周边美食很多，就在潮宗街，很文艺范的一条街，打卡了茶颜悦色和黑色经典臭豆腐，愉快的旅行！,热情 房间 喜欢 投屏 浴缸 干净 咖啡屋 美食 宗街 文艺 一条街 打卡 黑色 经典 臭豆腐 愉快
房间很惊喜，干净卫生！也很大，女儿一进去就非常喜欢！住了两个阳台房 感觉都很不错！位置好 下楼就可以打车，地铁走个几分钟 老板服务也到位！住的很舒服。,房间 惊喜 干净 卫生 很大 女儿 喜欢 阳台 感觉 不错 位置 下楼 打车 地铁 老板 到位 舒服
房子非常不错，就是厅地板会响，热水不够热，还有阳台露台不是独家的，是公用的，地理位置非常不错，去哪里都非常方便，整体来说还是可以,房子 不错 地板 热水 阳台 露台 独家 公用 地理位置 不错 整体
住了一个晚上，房间很好卡，没有什么味道，摆设布置很不错，洗漱用品也可以，晚上挺安静的，不吵，老板娘人很好,房间 味道 摆设 布置 不错 洗漱 用品 老板娘
长沙最近的天气真的太舒服了～这个民宿房间很大又干净，一早起来房间暖暖的阳光真的舒服～位置也非常方便 离地铁站也近～,天气 舒服 民宿 房间 很大 干净 房间 舒服 位置 地铁站
民宿细节感满满，非常干净，交通也比较方便，老板小姑娘人很好，帮我们提行李，推荐的小吃特别是米粉店很好吃！,民宿 细节 满满 干净 交通 老板 行李 推荐 小吃 米粉店 好吃
国庆后去了长沙一趟，选择了这家民宿，位置便利，去各大商圈都近，出门不远就有地铁站。装修风格深得我心，住的很惬意。老板娘也很热情，总体来说十分满意！,选择 民宿 位置 便利 商圈 出门 地铁站 装修 风格 惬意 老板娘 热情 总体
房间设施齐全，干净卫生，店主推荐的餐厅很不错，民宿前后都有很多小吃店，离地铁站几分钟路程，出入很方便,房间 设施 干净 卫生 店主 推荐 餐厅 不错 民宿 小吃店 地铁站 路程 出入
小姐姐人很不错，主动联系我，还帮我拎行李，房间很干净 整体布局合理，阳台视野很赞！夜晚可以小酌一杯，看看长沙热闹的街市。下次来还会住,不错 行李 房间 干净 整体 布局合理 阳台 视野 热闹 街市
民宿离网红潮宗街打卡地非常非常近，吃的也很多，点外卖很方便，总体来说还可以！,民宿 离网 宗街 打卡 外卖 总体
环境位置都非常好 离潮宗街打卡很近，两分钟就走到啦 房间干净。,环境 位置 离潮 宗街 打卡 房间 干净
整体环境很好很喜欢，阳光很好，会想要再次预定，有问题找老板回复也很及时解决问题，,整体 环境 喜欢 想要 预定 老板 回复 解决问题
环境很好呢，服务也超好的,环境 超好
周边有很多好吃的店铺，地理位置很好，房子干净,好吃 店铺 地理位置 房子 干净
这家民宿就在巷子里，离步行老街很近，各方面都挺好。 老板人也热情,民宿 巷子 步行 老街 老板 热情
房间干净，有个小露台，朋友聊天很舒服。,房间 干净 露台 朋友 舒服
房间设计的小清新，面积很大，住的很舒服，提供的相关物品也很齐全。地理位置优越，在潮宗街附近，出门有很多好吃的，和老公住了三天，每天早上去周边嗦粉，还有家天天排长队的清泉阁包子铺。到五一广场很近，坐地铁方便。,房间 清新 面积 很大 舒服 提供 相关 物品 地理位置 优越 宗街 出门 好吃 排长队 包子铺
装修很棒，氛围拉满，天台很舒服，还可以看月亮看星星！缺点就是民居周围隔音比较差，周围的居民早上就开始活动拉东西比较吵，晚上房间里面都能听到隔壁酒吧唱的歌……还有枕头……过于高了。床吱吱响。但是不影响对这里的好评。依然会下次入住……,装修 很棒 氛围 天台 舒服 月亮 缺点 民居 隔音 居民 房间 听到 酒吧 唱的歌 枕头 吱吱响 好评 入住
位置乘地铁很方便，闹中取静，推荐住,位置 地铁 推荐
真的很喜欢，强烈推荐！,喜欢
都挺好的 但是房间特别冷 空调吹的热风一会吹一会停 声音超大 拖拉机一样  一晚上没热过  没有电梯 行李提上提下不方便  建议冬天还是别选择住这了 尤其北方人受不了这温度 还是酒店吧 中央空调至少不会冷,挺好 房间 空调 热风 声音 超大 拖拉机 没热 电梯 行李 提上 提下 建议 选择 温度 酒店 中央空调
宝藏民宿！特别满意的一次入住体验，住了三天，因为皮肤很敏感灰尘过敏容易起疹子所以入住前一直有点担心，反复和民宿沟通卫生问题，直到入住的当天终于放下心来，房间打扫的干净到什么程度呢，我一个强迫症患者连床头和阳台的地都用手抹了一遍，没有一点灰，卫生间没有一点异味，毫不夸张，震惊！惊喜！ 房间和图片一模一样甚至身临其境觉得更好看了！枕头和床垫都是乳胶的很舒服，用品超过很多某季那样的连锁酒店，纸巾全是洁柔，洗手间熏香是花王，洗发水是潘婷，沐浴露资生堂，连酒精都给住客备好了，特别细心而且很亲切很周到 店家小姐姐还很负责任，入住第二天晚上半夜突然有男性一直敲门把我们吓醒了，我给小姐姐发了消息之后她一醒看到就立刻帮我查监控，确认了是外卖员送错了房间才告知我，很感动 唯一的缺点是因为在潮宗街上，我们住的是前栋，半夜偶尔会有卖唱的网红音响开的特别大声一直唱到一两点，虽然房间玻璃和阳台玻璃已经很隔音了，但还是有点太吵了（这个看运气，我们只有第二天晚上才碰到这种情况 总之是很完美的，下次去长时间还会去！,民宿 满意 入住 体验 皮肤 敏感 灰尘 疹子 入住 担心 反复 民宿 沟通 卫生 入住 放下 心来 房间 打扫 干净 程度 强迫症 患者 床头 阳台 地都 卫生间 异味 夸张 震惊 惊喜 房间 图片 枕头 床垫 乳胶 舒服 用品 超过 酒店 纸巾 洁柔 洗手间 资生堂 酒精 住客 备好 细心 亲切 周到 店家 负责 入住 男性 敲门 吓醒 消息 一醒 确认 外卖 送错 房间 告知 感动 缺点 潮宗 卖唱 网红 音响 房间 玻璃 阳台 玻璃 隔音 看运气 碰到 情况 完美
老板娘很热情，床品比较好，睡着比较舒服，民宿位置就在潮宗街上 唯一的缺点就是不太好停车，自驾的朋友一定要提前联系老板娘，老板娘推荐的是30封顶，我们自己去停的60封顶,老板娘 热情 床品 睡着 舒服 民宿 位置 潮宗 缺点 不太好 停车 自驾 朋友 提前 老板娘 老板娘 推荐 封顶 封顶
长沙烟霞里民宿位置优越，下楼就是潮宗街，非常方便。民宿老板夫妇装修很用心，房间干净且有品位，服务响应迅速及时，价格优惠，是长沙旅游出差首选，已推荐给朋友们,烟霞 民宿 位置 优越 下楼 民宿 老板 夫妇 装修 用心 房间 干净 品位 响应 价格 出差 首选 推荐 朋友
自驾过来的，民宿后面就有停车场 很方便，订的房间是一楼的榻榻米，和图片一没有区别。很干净。用品都比较新。这次出行时间比较紧张，以后有机会还会再去的,自驾 民宿 停车场 房间 一楼 榻榻米 图片 区别 干净 用品 出行 时间 紧张 机会
很好看的房间 和图片上是一样的设施齐全 卫生也非常好重要的是露台真的很哇塞 姐妹聚在一起就很赞 愉快的假期,好看 房间 图片 设施 卫生 露台 姐妹 愉快
老板娘人很好的 地理位置也不错 潮宗街就很休闲 下次还考虑住这里 床很软很舒服 还有小阳台 总之性价比很高 可以冲,老板娘 地理位置 不错 休闲 舒服 阳台 性价比
订了三间房，位置方便房间也很干净。主要是后栋有个露台 大家一起聊天喝酒，非常开心。,三间房 位置 房间 干净 露台 喝酒 开心
前栋春风里，挺好的，有个阳台小朋友很喜欢，光线充足，卫生也可，总体很好的,春风 阳台 小朋友 喜欢 光线 充足 卫生 总体 很好
老板非常热情，民宿卫生环境很好，面积很大，周边环境很安静，就在潮宗街里面，游玩也很方便！,老板 热情 民宿 卫生 环境 面积 很大 宗街 游玩
房间很不错，干净舒适宽敞，小阳台很棒，老板人很好，提前给我们办理的入住，很完美,房间 不错 干净 舒适 宽敞 阳台 很棒 老板 提前 办理 入住 完美
不错的民宿，离五一路很近，老板很热情，推荐的几个小饭店口感很好，值得推荐,不错 民宿 老板 热情 推荐 饭店 口感 值得 推荐
美女老板热情周到……服务质量没得说，房间干净整洁又舒服……大赞,美女 老板 服务质量 房间 干净 整洁 舒服
房间很棒隔音很好 浴缸挺大的 民宿在潮宗街 强烈推荐,房间 很棒 隔音 浴缸 挺大 民宿 宗街
位置离周边商圈近，所在的潮宗街文化街区也是很值得走一走。,位置 商圈 宗街 文化 值得
服务到位地理位置优，步行十分钟到商圈,服务到位 地理位置 步行 商圈
环境卫生地理位置都挺好的、就是床有声音,环境卫生 地理位置 挺好 声音
民宿位置很好，就在潮宗街里面。,民宿 位置 宗街
房间很好，干净明亮，去哪里都很方便。,房间 干净 明亮
十分满意，下次还会选择。,选择
不错，很干净,不错 干净
住宿环境很赞,住宿 环境
很好的入住体验！房间装修很有特色，跟照片拍的一致，而且还有私人露台。房间卫生干净舒适，牙刷毛巾风筒发夹都有提供。民宿的位置大概走15分钟至五一广场，可是附近也有很多吃的。唯一就是没有升降机，不过民宿老板有帮忙搬行李，而且服务态度相当好。推荐推荐,很好 入住 体验 房间 装修 特色 照片 私人 露台 房间 卫生 干净 舒适 风筒 发夹 提供 民宿 位置 升降机 民宿 老板 帮忙 行李 服务态度 推荐 推荐
好舒适的房间，周围也不怕嘈吵！！！晚上在天台吹吹水，好写意！,舒适 房间 天台 吹水 写意
"房间大,布局合理，卫生也很干净，小阳台也很赞哦",房间 布局合理 卫生 干净 阳台
运气很好，定了房间有免费升级房型的权益，管家给我换了一个很不错的房间，太大了，据说订的房型只有36平方，只够一张床，这房间太完美了，那个罗汉床还可以变个床出来，虽然只是短暂的停留，但住的很舒服，还能欣赏到湘江和橘子洲的美景，房间的色调给人暖暖的感觉，很适合冬天，外面只有1度，但里面因为暖气，太暖和了，好评赞。有机会会再来。,运气 房间 房型 权益 管家 不错 房间 房型 房间 完美 短暂 停留 舒服 欣赏 美景 房间 色调 感觉 适合 暖气 暖和 好评 机会
住过几次了，很熟了，只是第一次体验这个百米高的云霄房间贼大，层高很也高，一点都不压抑。可能是我拍照一般，没有房子的亮点，看平台照片也一样，因为一毛一样。那个江景爽歪歪呀，看夕阳是绝绝子。 那个壁炉牛叉，原以为是个装饰，还真的可以出热风，整个房间暖哄哄的。 位置也没得说，楼下就是网红天宝兄弟，对面也小吃街 房间就能看到橘子州和岳麓山。 要是老板能把早餐配齐就好了，实在是起不来啊。,很熟 体验 房间 层高 压抑 拍照 房子 亮点 平台 照片 江景 是绝 绝子 壁炉 装饰 热风 房间 哄哄 位置 网红 兄弟 对面 小吃街 房间 橘子 老板 早餐 配齐 实在 起不来
没有想到这个民宿房间这么大，看上去像个套房，客厅和卧室分开了，还有一个比我家还大的厨房，那个吧台很奶思，和女朋友在上面喝点小酒很浪漫，房间就能看到江，江面正驶过亮丽的游船，房间的灯光很有氛围，其实比照片还漂亮，女朋友很喜欢,想到 民宿 房间 套房 客厅 卧室 分开 厨房 吧台 奶思 女朋友 浪漫 房间 江面 驶过 亮丽 游船 房间 灯光 氛围 照片 漂亮 女朋友 喜欢
和照片基本没有区别，庆幸没有订错 五星商用公寓中的宝藏民宿，卫生挺干净的 来的时候看到保洁正在打扫房间，沙发清洁 马桶拖鞋消毒，很细致。毛巾浴巾也洗得很柔顺 他们家的床品、洗漱用品都不错，用着舒服， 老板是花了心思。配备了洗手液、洗衣液、一次 性马桶垫，细节考虑得到位。两个独立房间对于我们 几个朋友出行很棒，晚上可以在客厅看着电影喝着小酒 还能看到一线江景，美美的。,照片 区别 庆幸 订错 商用 公寓 民宿 卫生 干净 保洁 打扫 房间 清洁 马桶 拖鞋 细致 浴巾 柔顺 床品 洗漱 用品 不错 舒服 老板 心思 配备 洗衣 马桶 细节 独立 房间 朋友 出行 很棒 客厅 看着 电影 小酒 江景
公寓内的宝藏民宿，要管家安排一个安静的房间，还真是隐藏在一个角落，找了两遍差点没找到房间，隐私性太棒了，房间无比宽敞，沙发卡座区还有地台品茶区，下午还能晒到太阳，江景也不错，就是还高一点就好了，管家说有百米的房间，下次来体验体验，这个国风感觉很治愈，爱了,公寓 民宿 管家 安排 房间 隐藏 角落 差点 找到 房间 房间 无比 宽敞 地台 品茶 江景 不错 管家 房间 体验 体验 国风 感觉 治愈
天气很好，阳光很棒，可以照进房间，整面落地窗，地台上喝茶，这样的冬天不光暖身还暖心，楼下就是网红餐厅天宝兄弟，最近不排队，马路对面也有宵夜一条街，很适合我这样的吃货，这里可以多住几天，太舒服,天气 很棒 照进 房间 落地窗 喝茶 网红 餐厅 兄弟 排队 马路 对面 宵夜 一条街 适合 吃货 舒服
位置挺不错的，离文和友，五一广场等都可以走路到～还走了半个多小时溜达去了橘子洲，悠哉悠哉游挺好 酒店环境还可以，设备略微有点旧，对住宿条件要求不高的可以推荐～,位置 离文 走路 小时 溜达 酒店 环境 住宿 条件 不高 推荐
民宿装备太齐全了，应有尽有，啥都不缺，那个地台太适合我们广东人的口味，能喝上一口茶，还能欣赏绚丽的湘江夜景，和照片看，没有区别，这家店没有骗人，有机会会常住。,民宿 装备 地台 适合 口味 欣赏 绚丽 夜景 照片 区别 骗人 机会 常住
单位旁边的公寓民宿，为了图方便，就近选了这家。房间很舒适，虽然是公寓，但设计上区分了客厅卧室，还有吧台厨房，设施齐全，对出差人士很友好，洗衣机洗衣液都配备，再用空调吹一晚就可以干。虽然楼层不高，但也能看到部分湘江和橘子洲，夕阳落下岳麓山前，在江面洒下的橙光，不要太迷人。,单位 公寓 民宿 房间 舒适 公寓 区分 客厅 卧室 吧台 厨房 设施 出差 人士 友好 洗衣机 洗衣 配备 空调 楼层 落下 江面 洒下 橙光 迷人
预订的时候看图片期待值很高，但是入住后很失望。说是百米江景，其实都看不了，被旁边的大楼挡住了。就一商业住宿两用的写字楼里的一个房间。这房型还是最贵那一档，没想到房间门对着就是这层写字楼的男厕所，膈应。。更吓人的是，一进门就三只蟑螂迎接我们。有一说一，看似光鲜亮丽，打造一个现代风氛围感，其实沙发蛮脏的。枕头又高又硬，有一个房间的门还是有问题的，开门关门都发出巨大声音。不推荐。。。,预订 图片 期待值 入住 失望 江景 大楼 挡住 商业 住宿 两用 写字楼 房间 房型 最贵 房间 写字楼 男厕所 吓人 进门 蟑螂 迎接 看似 打造 氛围 蛮脏 枕头 房间 开门 关门 发出 声音 推荐
设计非常有特色，是我喜欢的诧寂风，拍照很出片，让人感觉很温馨，泡澡还能看城市夜景，真是没有选错，小哥哥的服务也很棒，给我们准备了一次性泡澡袋，很贴心，宝子们，可以冲，和照片没区别！,特色 喜欢 诧寂 拍照 感觉 泡澡 夜景 选错 很棒 泡澡 贴心 宝子 照片 区别
每次出差都住这边，没有别的，就是方便，发密码就可以入住，醒了就离店，特别便捷，江景也不错，正是橘子洲这一段，据说在房间就能看到烟花，只是不知道哪次出差能碰上！,出差 密码 入住 便捷 江景 不错 房间 烟花 出差 碰上
房间挺好看的 位置也很方便离各个景点都很近 服务态度也很好 房间卫生也挺干净有洗衣机和冰箱 设施完善 住宿体验感不错,房间 好看 位置 景点 服务态度 房间 卫生 干净 洗衣机 冰箱 设施 完善 住宿 体验 不错
跟朋友过来长沙玩，在五一附近订了这家，店员很热情，房间布置装修都很用心，环境很悠闲安逸，卫生整洁，体验拉满，个人极力推荐,朋友 店员 热情 房间 布置 装修 用心 环境 卫生 整洁 体验
酒店位置好找方便，办理入住退房都方便快捷，服务很及时效率，房间安静舒适，窗外风景不错，挺满意的,酒店 位置 好找 办理 入住 退房 效率 房间 舒适 风景 不错 满意
很喜欢房间的布置，有点中式元素，灯光又很现代，坐在罗汉床上还能看到江，投影特别清晰，没有选错值得再来,喜欢 房间 布置 中式 元素 灯光 坐在 投影 清晰 选错 值得
酒店环境很好，空间够用安全感十足，设施齐全好用，卫生干净整洁，非常满意的体验，推荐,酒店 环境 空间 够用 设施 卫生 干净 整洁 满意 体验 推荐
环境很干净，设备完好，体验很棒，下次还会再来的，暖气很足，不怕冷天气！！经济实惠,环境 干净 完好 体验 很棒 再来 暖气 很足 天气 经济
在天宝兄弟楼上，对面是冬瓜山。出行十分方便。房间干净整洁。投影也很不错。,兄弟 对面 冬瓜 出行 房间 干净 整洁 投影 不错
地理位置很不错，去哪里都方便，睡觉也不吵闹，旁边就是天宝兄弟，下楼就可以吃吃吃！店家很好，走时还送了茶颜悦色的茶！,地理位置 不错 睡觉 吵闹 兄弟 下楼 店家 走时
交通餐饮便利，房间干净卫生,交通 餐饮 便利 房间 干净 卫生
非常好 地点好 很干净 房间特别舒服,地点 干净 房间 舒服
房间宽敞明亮，布局合理，设施齐全。地理位置也十分优越：马路对面汇湘楼餐馆为书院路地区排名第四的好口味当地餐馆；多个公交车在大椿桥设站，就在楼下；楼下有美宜佳超市，不远有绿叶水果和几家早餐店。店家很热心，元旦还送了伴手礼酱板鸭一只！稍有不足的是房间隔音效果不太好：元旦前一晚隔壁的年轻人欢度节日的欢笑持续到很晚，比较影响休息。,房间 布局合理 设施 地理位置 优越 马路 对面 餐馆 书院 地区 排名 口味 餐馆 公交车 设站 超市 绿叶 水果 早餐 店家 热心 伴手 礼酱 板鸭 房间 隔音 效果 不太好 年轻人 欢笑 休息
江景房，风格简约个性。非常满意，下次还会来,江景 风格 个性 满意
很好哦拍照很好看楼下就是湘江,拍照 好看
房间很好，卫生也很干净，环境不错,房间 卫生 干净 环境 不错
非常满意 隔音好 安静 干净 下次来还住,满意 隔音 干净
很不错、店家服务也很热情,不错 店家 热情
这个城景房能看到江，算是意外的喜欢，虽然楼层不高，但又不是来度假的，在酒店不出门，能看到橘子洲，岳麓山，出门100米就到江边，江边是一条超长的风景走廊，绿树成荫，很美,景房 算是 意外 喜欢 楼层 度假 酒店 出门 出门 超长 风景 走廊
房间很好看，品质也很好，宣传图与现实一样，所见即所得，小朋友非常喜欢，还可以看到江景哟，而且去橘子洲，文和友，五一广场都很近☺️，管家人也很好，我们早到了，还给我们办理了提前入住，感觉很好的旅程,房间 好看 品质 现实 所得 小朋友 喜欢 江景 文和友 还给 办理 提前 入住 感觉 很好 旅程
酒店距离地铁口很近，步行3分钟左右，旁边就是橘子洲头，节假日橘子洲头人真的太多了，在酒店江边看橘子洲观望毛主席画像也是很不错选择！老板很贴心让我们放心玩，延迟了两个半小时退房！,酒店 距离 地铁口 步行 酒店 观望 毛主席 画像 不错 选择 老板 贴心 放心 延迟 退房
办理入住很便捷，提前联系了管家，在小程序上办理了入住，到了酒店直接用密码进房间，房间有房卡，非常丝滑顺畅，退房也是小程序操作，直接离开，节省了很多时间,办理 入住 便捷 提前 管家 程序 办理 入住 酒店 密码 房间 房间 房卡 丝滑 顺畅 退房 程序 操作 离开 节省 时间
房间除了小一点没毛病，但是比一般的经济型酒店还是大，特别是卫生间很精致，投影幕布很大，两个人看看电影 床品很舒服，舒适。性价比很高￼,房间 毛病 经济型 酒店 卫生间 精致 投影幕 很大 电影 床品 舒服 舒适 性价比
床垫舒服，枕头也合适，床品都不错，让我睡了一个安稳觉，那个沐浴露的香味很喜欢，问管家要链接，管家也不知道，送了我两瓶，服务真棒,床垫 舒服 枕头 合适 床品 不错 安稳 香味 喜欢 管家 链接 管家 真棒
房间的地台很舒服，中间还有软垫，可以当一张床，地台上有懒人沙发，躺在上面看书，最重要的是可以到湘江和橘子洲，在这里发呆都很享受,房间 地台 舒服 软垫 懒人 看书 发呆 享受
酒店附近就是汇景，位置很好，附近停车也是很方便。房间挺大的，设施齐全，吹风筒这些小家电也是很实用，整体很满意,酒店 汇景 位置 停车 房间 挺大 设施 吹风 小家电 实用 整体 满意
很不错的一个酒店，装修布置非常细节，拍照很好看，房间的小家电也比较实用，风筒吹得舒服，热水也很快就有，挺满意的,不错 酒店 装修 布置 细节 拍照 好看 房间 小家电 实用 风筒 舒服 热水 满意
小程序办理入住，退房也是在小程序里操作就可以了。对社恐人士特别友好，也非常便捷，重点是服务也不错，有什么需要，管家都尽量满足,程序 办理 入住 退房 程序 操作 社恐 人士 友好 便捷 重点 不错 管家
环境不错，位置也合适，屋内设施都很新，干净卫生，服务态度好，卫生清理及时，有任何问题都及时反馈，下次再来！,环境 不错 位置 合适 设施 干净 卫生 服务态度 卫生 清理 反馈
到长沙找朋友玩住的这个酒店很不错，房间空间挺大的，一次性用品质量很好，卫生整洁干净，住得很舒服,朋友 玩住 酒店 不错 房间 空间 挺大 用品 质量 卫生 整洁 干净 舒服
和几个朋友一起聚会，晚上住在这个酒店，整体装修很好，停车方便，毛巾床单这些质量都很好，卫生干净,朋友 聚会 酒店 整体 装修 停车 床单 质量 卫生 干净
房间装修风格简约时尚，很干净，周边有夜市还有各种美食餐厅，设施准备的很贴心，宠物友好特别满意,房间 装修 风格 时尚 干净 夜市 美食 餐厅 设施 贴心 宠物 友好 满意
五一广场人很多很热闹，美食选择很多，价格也不算贵，公寓的位置很好，很方便，房间挺干净的，整体很满意,热闹 美食 选择 价格 不算 公寓 位置 房间 干净 整体 满意
房间很宽敞 干净 窗户直接可以看到江景 跨年夜去的还送了份伴手礼 非常满意 推荐大家去,房间 宽敞 干净 窗户 江景 份伴 手礼 满意 推荐
很不错的一次体验，房间布局很用心，温馨舒适，空间也够宽敞，设施很齐，卫生做的很到位，给个好评,不错 体验 房间 布局 用心 舒适 空间 宽敞 设施 卫生 到位 好评
环境很不错，交通出行很方便，房间空间很宽敞隔音效果很好，卫生很干净整洁，整体住的很满意,环境 不错 交通 出行 房间 空间 宽敞 隔音 效果 卫生 干净 整洁 整体 满意
这家酒店确实很棒！住过好几次都满意，房间也非常干净酒店员工也很友好，我度过了一段愉快的时光！￼,酒店 确实 很棒 满意 房间 干净 酒店 员工 友好 度过 愉快 时光
酒店周边环境挺好的，附近吃饭啥的都方便，房间空间挺大的，装修布置很用心，温馨的风格很喜欢,酒店 吃饭 房间 空间 挺大 装修 布置 用心 风格 喜欢
这里环境很好，房间装修布置非常用心，给人很温馨的感觉，窗景更是一流，床垫也很软，体验感非常满意,环境 房间 装修 布置 用心 感觉 窗景 一流 床垫 很软 体验 满意
酒店店员服务热情及时，环境很好，安静舒适宽敞明亮，卫生做的很细致，设施很完善，下次还来,酒店 店员 热情 环境 舒适 卫生 细致 设施 完善
民宿的大楼环境没得说，像五星酒店大堂大堂的前台姐姐24小时都在。会帮我刷电梯卡，感觉很不错￼,民宿 大楼 环境 酒店 大堂 大堂 前台 姐姐 小时 电梯 感觉 不错
公寓位置很好，酒店周边环境很好，房间的空间挺大的，设施齐全，很适合朋友聚会，玩得很开心,公寓 位置 酒店 房间 空间 挺大 设施 适合 朋友 聚会 开心
服务：很热情周到及时 环境：温馨舒适宽敞 卫生：整洁干净无异味 设施：完善齐全够用 整体都满意,环境 舒适 宽敞 卫生 整洁 干净 异味 设施 完善 够用 整体 满意
房间干净整洁舒适，布置宽大而温馨，设备都很齐全。住房感觉很安静舒服。客服人也很好耐心解答各种问题。值得信赖,房间 干净 整洁 舒适 布置 宽大 住房 感觉 舒服 客服 耐心 解答 值得 信赖
酒店房间挺大的，装修很好， 牙刷牙膏这些包装都很好，质量都不错，隔音效果很好，很满意,酒店 房间 挺大 装修 牙膏 包装 质量 不错 隔音 效果 满意
附近最好性价比的一家酒店，吃喝玩乐很多地方都有，店长进出都问好，服务真热情，真的是太棒了！,性价比 酒店 地方 店长 进出 问好 热情
酒店的景色超级美啊！房间的装修和布局也很赞！卫生也做的很到位，下次有机会我还会入住的。,酒店 景色 房间 装修 布局 卫生 到位 机会 入住
体验很好的一家酒店，店员都很热情有求必应，房间布置很温馨别致，环境很安逸悠闲，住的相当惬意,体验 很好 酒店 店员 热情 房间 布置 别致 环境 惬意
和朋友一起在五一广场附近吃完饭，就住了这家酒店，房间布置很喜欢，而且卫生做得很好，很满意,朋友 酒店 房间 布置 喜欢 卫生 满意
体验很好的一次入住，管家服务热情友好，房间布置别致优雅，热水很大，床铺柔软，非常舒服,体验 很好 入住 管家 热情 友好 房间 布置 别致 优雅 热水 很大 床铺 柔软 舒服
酒店的房间配置很好，一次性物品很齐全，还有小家电热水壶 都很干净的！可以放心使用。,酒店 房间 配置 物品 小家 电热水壶 干净
公寓房间挺大的，装修风格很喜欢，床垫很软，睡得很舒服。公寓位置很好，周边环境很好,公寓 房间 挺大 装修 风格 喜欢 床垫 很软 舒服 公寓 位置
第二次入住了，住着舒服，安静便捷，中央空调太热，只用穿一件衣服。卫生间很大很漂亮。,入住 舒服 便捷 中央空调 只用 衣服 卫生间 很大 很漂亮
酒店的环境非常整洁，布局也堪称完美，优雅不失情调的那种！设施也很完善 住的很舒心,酒店 环境 整洁 布局 堪称 完美 优雅 不失 情调 设施 完善 舒心
这家酒店的装潢非常的现代和时尚！特别好看我很喜欢，房间的设施使用也很便捷智能,酒店 装潢 时尚 好看 喜欢 房间 设施 便捷 智能
酒店很棒附近环境好好看！城市的繁华超好看！房间的装修也很有感觉！超级不错👍很推荐,酒店 很棒 环境 好好看 繁华 好看 房间 装修 感觉 不错 推荐
酒店住的很不错很满意！设施也很完善，房间的装修我也很喜欢！超级不错的一家酒店,酒店 不错 满意 设施 完善 房间 装修 喜欢 不错 酒店
酒店附近就是五一广场！很热闹也很有购物场所和美食店！这次体验很棒！还是很推荐的！,酒店 热闹 购物 场所 美食 体验 很棒 推荐
和朋友一起到五一广场聚餐，完了一起住这里，晚上一起玩玩桌游，房间空间挺大的，设施齐全,朋友 聚餐 玩玩 桌游 房间 空间 挺大 设施
酒店附近有一个五一广场！昨天周末人超级多，都来过平安夜了哈哈哈 还是很好玩的,酒店 好玩
位置很方便出游，房间挺满意，装修都很新，洗漱用品质量都很好，住的很安心，推荐,位置 房间 满意 装修 洗漱 用品 质量 安心 推荐
酒店的居住体验很棒！房间的设施也很完善，使用起来超便捷，卫生也很干净 我超喜欢,酒店 居住 体验 很棒 房间 设施 完善 便捷 卫生 干净 喜欢
房型不错，可以看到江景。有个榻榻米，躺着嘎嘎香。而且还有投影仪。在里面喝着小酒看茶啊二中挺开心的,房型 不错 江景 榻榻米 投影仪 开心
推荐这家，很适合出游入住，快捷方便，服务贴心，房间环境很好，干净舒适，体验很好,推荐 适合 入住 快捷 贴心 房间 环境 干净 舒适 体验
公寓位置挺好的，附近吃饭逛街都很方便，房间的配置设施齐全，很温馨，下次来旅游还住这里,公寓 位置 吃饭 逛街 房间 配置 设施
酒店装修挺好的，房间一次性的用品比较齐全，包装质量很好，热水热得也快，很满意,酒店 装修 房间 用品 包装 质量 热水 满意
这家酒店的房间设施很齐全的，也很完善，看起来也很新，这次居住体验我很满意 给个赞,酒店 房间 设施 完善 居住 体验 满意
地理位置非常好，周围的环境非常优美宁静，房间卫生非常干净整洁，床铺非常舒适,地理位置 环境 优美 房间 卫生 干净 整洁 床铺 舒适
酒店景色超棒！房间的布局也很好，附近还有超多的景点游玩，一天下来没有闲的时间😂,酒店 景色 超棒 房间 布局 超多 景点 游玩 时间
这个酒店的设施很齐全，房间的布局也很不错！装修也很有品味，超级不错的一家酒店。,酒店 设施 房间 布局 不错 装修 品味 不错 酒店
酒店装修很好看！我很喜欢这里的房间设施～使用方便看着也很干净！我要给一个赞,酒店 装修 好看 喜欢 房间 设施 看着 干净
酒店住起来很舒服，房间的设施也很齐全 装修也很棒，总体体验很不错的一家酒店啊,酒店 舒服 房间 设施 装修 很棒 总体 体验 不错 酒店
这家公寓真的太棒了，服务很热情，客房很舒适卫生很干净整洁，一次愉快的住宿体验,公寓 热情 客房 舒适 卫生 干净 整洁 愉快 住宿 体验
酒店住起来超级赞！景色也很好看，附近太热闹了，马上就是平安夜，大家都很开心,酒店 景色 好看 热闹 开心
这家酒店的房间很宽敞！卫生间我也比较注重细节，超级干净呢那种，很不错很推荐。,酒店 房间 宽敞 卫生间 注重 细节 干净 不错 推荐
房间很漂亮，房间内的小度语音很好用，非常方便，小管家也非常热心的为我服务，体验感很棒,房间 很漂亮 房间内 小度 语音 管家 体验 很棒
位置很方便出游，周边景点很多，房间宽敞明亮卫生，布置很好看，住的很安逸,位置 景点 房间 卫生 布置 好看
交通出行很方便，房间装修设计很有创意，卫生很干净整洁，床很柔软睡的很舒服,交通 出行 房间 装修 创意 卫生 干净 整洁 柔软 舒服
和朋友一起住的这家酒店很不错，面积挺大的，装修布置都很好，卫生干净，很满意,朋友 酒店 不错 面积 挺大 装修 布置 卫生 干净 满意
酒店附近有一个五一广场呀 前几天超级热闹！装修也很喜欢，地理位置超级赞,酒店 热闹 装修 喜欢 地理位置
这家酒店位置挺好出门很便利，办理入住退房都方便快捷，房间装饰别致温馨，推荐,酒店 位置 出门 便利 办理 入住 退房 房间 装饰 别致 推荐
位置好找，房间布置很别致，非常干净简洁，采光很好，设施非常齐全，体验不错,位置 好找 房间 布置 别致 干净 简洁 采光 设施 体验 不错
酒店位置很好，出游很方便，房间也很舒适，干净清爽，宽敞明亮整洁，推荐这家,酒店 位置 房间 舒适 干净 清爽 整洁 推荐
酒店的设施超级棒呢，使用起来很方便，床单也很洁白舒服，整体可以给个好评！,酒店 设施 床单 舒服 整体 好评
房间装修布置非常用心，床垫很软，枕头被子的质量挺好的，晚上睡得很舒服,房间 装修 布置 用心 床垫 很软 枕头 被子 质量 舒服
周边都很繁华热闹，酒店房间挺安静的，设施够用，宽敞明亮，卫生做的很细致，好评,繁华 热闹 酒店 房间 设施 够用 卫生 细致 好评
酒店房间装修挺好的，布置风格很喜欢，牙刷牙膏毛巾这些用品质量都挺好的,酒店 房间 装修 布置 风格 喜欢 牙膏 用品 质量 挺好
酒店位置便利，很适合出游，房间也够宽敞，东西都很新，卫生干净整洁，推荐,酒店 位置 便利 适合 房间 宽敞 卫生 干净 整洁 推荐
这家酒店景色超棒！视野超宽阔！卫生也做得很棒，角角落落都很干净 非常推荐。,酒店 景色 超棒 视野 宽阔 卫生 很棒 角角落落 干净 推荐
房间很宽敞，天气好的时候还能看到江景～还送了个长沙酱板鸭特产哈哈哈,房间 宽敞 天气 江景 板鸭 特产
房间装修布置很不错，周边环境挺好的，床垫枕头的质量很好，睡得很舒服,房间 装修 布置 不错 床垫 枕头 质量 舒服
位置很好，出门交通便利，房间设施很齐全，洗漱用品都很干净整洁，住的非常安心,位置 出门 交通 便利 房间 设施 洗漱 用品 干净 整洁 安心
酒店房间很喜欢，很大特别干净，床铺枕头被子都很柔软舒适，休息得很好,酒店 房间 喜欢 很大 干净 床铺 枕头 被子 柔软 舒适 休息
位置很方便好找，设施齐全好用，房间布局很温馨别致，卫生做的很到位，好评哦,位置 好找 设施 房间 布局 别致 卫生 到位 好评
交通很方便，房间配套设施很齐全，卫生做的很细致，床铺很柔软住的很舒服,交通 房间 配套 设施 卫生 细致 床铺 柔软 舒服
这家酒店房间打扫的很干净！我们出门看见保洁阿姨打扫都会带好帽子穿着保洁服,酒店 房间 打扫 干净 出门 保洁 打扫 帽子 穿着 保洁
公寓的主题很棒！很照顾带宝宝的家庭，设施也很齐全房间也很宽敞 非常不错。,公寓 主题 很棒 照顾 家庭 设施 房间 宽敞 不错
很不错的一个酒店，设施齐全，房间面积够大，几个朋友一起小聚玩得开心,不错 酒店 设施 房间 面积 朋友 开心
酒店位置很好，房间也很喜欢，卫生整洁，设施方便，装修还很新，满意,酒店 位置 房间 喜欢 卫生 整洁 设施 装修 满意
这家还是很不错的，位置很便利，服务及时，卫生做得很到位，满意的体验,不错 位置 便利 卫生 到位 满意 体验
酒店品质很棒！装修风格超好看的那种！房间也干净整洁，服务人员也很热情,酒店 品质 很棒 装修 风格 好看 房间 干净 整洁 人员 热情
酒店的设施很棒！房间也很宽敞 采光我看了很棒的，窗帘遮光性也很厉害。,酒店 设施 很棒 房间 宽敞 采光 很棒 窗帘 遮光 厉害
和朋友小聚住了这家酒店，房间面积挺大的，整体布置也好看，比较满意,朋友 聚住 酒店 房间 面积 挺大 整体 布置 好看
酒店装修很好，房间布置很好，风格很喜欢，前台接待非常热情，很满意,酒店 装修 房间 布置 风格 喜欢 前台 接待 热情 满意
酒店管家服务很到位，有求必应效率高，房间风景不错，风格也很喜欢,酒店 管家 到位 效率高 房间 风景 不错 风格 喜欢
酒店设计不错！那个地台布置了户外桌椅和天幕，追剧看城景，挺惬意😂,酒店设计 不错 地台 布置 桌椅 天幕 追剧 城景 惬意
入住体验很不错，房间挺满意的了，设施装修都是我喜欢的，给个好评,入住 体验 不错 房间 满意 设施 装修 喜欢 好评
酒店管家服务及时热情，房间设施布置很人性化，非常舒适方便，体验很好,酒店 管家 热情 房间 设施 布置 人性化 舒适 体验
老板特别好！！！！！耐心又细心，环境舒适！！！！！性价比高,老板 耐心 细心 环境 舒适 性价比
房间很干净，房间内设施齐全，房主人很好，有求必应，下次出差还来她家,房间 干净 房间内 设施 主人 出差
位置很方便 设施：好 卫生：好 环境：好 服务：好,位置 设施 卫生 环境
装修挺漂亮的，卫生环境各方面都很棒，位置也很方便,装修 漂亮 卫生 环境 很棒 位置
地点赞，景色美，屋主人好好，欢迎大家入住,地点 景色 主人 入住
位置很好，靠近江边，房间很大，装饰大气，干净整洁。,位置 靠近 房间 很大 装饰 大气 干净 整洁
服务热情周到！干净卫生，周围环境好！,干净 卫生
很大的落地窗，采光很好，下次会再来。,很大 落地窗 采光
房间好，服务好，不错，值得值荐。,房间 不错 值得 值荐
住过好几次了，他们家装修环境超级有氛围,装修 环境 氛围
很好，很干净，设施齐全，风景好。,干净 设施 风景
非常满意的一次住宿体验，值得推荐！,满意 住宿 体验 值得 推荐
房间很好！可以看到湘江！,房间
卫生好，房间大，有特色,卫生 房间 特色
环境设施都挺好的,环境 设施 挺好
还不错 挺干净的,不错 干净
店家照顾很周到！,店家 照顾 周到
交通便捷，出行方便，公司就在楼上，上上下下不绕弯，挺好的一家民宿，几个一同出差的来过我房间看后觉得以后他们也可以住这里，晚上出门打个车起步费范围里面网红店、夜市，解放西，坡子街等，3-5分钟就到达,交通 便捷 出行 公司 绕弯 民宿 出差 房间 出门 网红店 夜市 解放 坡子 到达
非常好的入住体验，房间干净整洁，风格简约时尚，也很透亮，能看到海景，隔音效果好，听不太到隔壁的声音，小朋友很喜欢小度，趣味强，投影也很清晰，都有会员可以播放想看的动画片，有机会来还定这里,入住 体验 房间 干净 整洁 风格 时尚 透亮 海景 隔音 效果 声音 小朋友 喜欢 小度 趣味 投影 清晰 会员 播放 想看 动画片 机会 还定
连续入住了两晚大床房很舒服 视野宽阔极好的江景房 房间的配套设施真的都很新很齐全  外出出行的很好  位置很好 马路对面就是冬瓜山夜市 下次还会选择的性价比高。客服服务态度棒，非常有耐心及时解决客户入住问题,连续 入住 床房 舒服 视野 宽阔 江景 房间 配套 设施 外出 出行 很好 位置 马路 对面 冬瓜 夜市 选择 性价比 客服 服务态度 耐心 解决 客户 入住
位置极佳，一线江景名不虚传，出行方便，环境很好，很有民宿意境，房间卫生很干净，服务特别好，很满意，下次还来,位置 极佳 江景 出行 环境 民宿 意境 房间 卫生 干净 满意
位置很好，可以看到夜景。对面有一条小吃街。酒店离五一广场，岳麓山书院，还有橘子洲，杜甫江阁比较近，小电驴就到了，非常方便。 房间内设计是现代简约风，设施齐全，干净没有异味。房东非常好，很有耐心，有问必答,位置 夜景 对面 小吃街 酒店 书院 电驴 房间内 设施 干净 异味 房东 耐心
环境非常好，住房体验很好，地理环境优越，服务态度很好，是一次很不错的入住体验！下次有机会还来。,环境 住房 体验 地理环境 优越 服务态度 不错 入住 体验 机会
出差住很舒服，房间中央空调暖气很足，只穿睡衣就行了，楼底下星巴克麦当劳也很方便，推荐,出差 舒服 房间 中央空调 暖气 很足 睡衣 推荐
酒店地理位置很好，就在江边，离坡子街和海信广场也不远，很方便。 房间很舒适干净，而且房东有求必应，沟通顺畅。 最关键的还是宠物友好酒店，让带狗狗出来旅游的我们住得特别舒服！,酒店 地理位置 子街 广场 房间 舒适 干净 房东 沟通 顺畅 关键 宠物 友好 酒店 狗狗 舒服
前台推荐的这个房间，住的舒服，暖气很足，冮景视野也很好，入住方便，安全系数高,前台 推荐 房间 舒服 暖气 很足 视野 入住
酒店位置便捷，环境舒适，前靠湖南银行总部大厦，往后毗邻伟人母校第一师范，也是长沙欣赏烟花的好位置、眺望岳麓山、橘子洲头的好位置！,酒店 位置 便捷 环境 舒适 银行 总部 大厦 毗邻 伟人 母校 欣赏 烟花 位置 眺望 位置
近期来都选择住在了这里，有问题，老板都会快速解决。视野很好，去哪里也都挺近的。,选择 老板 解决 视野
朋友推荐来的名宿，名宿客服服务热情，房间也很不错，能看到江景，下次来还会选择,朋友 推荐 名宿 名宿 客服 热情 房间 不错 江景 选择
设施：完善，有冰箱投影仪，有沙发，办公桌，空气净化器卫生：干净舒适，有家的温馨环境：周遭冬瓜山就在附近，二次入住，首选酒店服务：管家服务到位，24小时有人管理，很放心、贴心河边的风景还是挺美的！,设施 完善 冰箱 投影仪 办公桌 空气 净化器 卫生 干净 舒适 环境 冬瓜 入住 首选 酒店 管家 服务到位 小时 放心 贴心 风景
这是一家不错的民宿酒店，一线江景位置，五一商圈，岳麓山，橘子洲出行都很方便，值得收藏。,不错 民宿 酒店 江景 位置 商圈 出行 值得 收藏
房间卫生很干净，很温馨，有种家的感觉，前台服务热心周到很耐烦，就在湘江边上，一览无遗的江景令人心旷神怡。,房间 卫生 干净 感觉 前台 热心 周到 耐烦 江景
房间很不错，空调给力，窗外风景也很好看,房间 不错 空调 风景 好看
这个酒店太舒服了，非常好，环境一流，下次还来,酒店 舒服 环境 一流
房间卫生干净，交通出行方便，服务认真热心，性价比高，值得一住,房间 卫生 干净 交通 出行 热心 性价比 值得
房间很好，老板人也很好，下次继续住这里,房间 老板
入住体验非常好，老板热情好客，位置也好，去哪里都方便，房间干净卫生，下次还来,入住 体验 老板 位置 房间 干净 卫生
设施：配置齐全 卫生：干净卫生无异味 环境：临近江边，夜景很美,设施 配置 卫生 干净 卫生 异味 环境 临近 夜景
房间舒适、干净、宽敞，客服人很好，推荐入住。,房间 舒适 干净 宽敞 客服 推荐 入住
位置很好，空间很大，五一商圈很近，,位置 空间 很大 商圈
跟预想中的一样，推荐,预想 推荐
非常满意，强烈推荐,满意
房间干净舒服，服务也很好，很不错的一次体验。,房间 干净 舒服 不错 体验
房间很干净 设施也很齐全很新 特别棒 推荐,房间 干净 设施 推荐
干净卫生，方便省事，被子很舒服,干净 卫生 省事 被子 舒服
环境不错 干净卫生,环境 不错 干净 卫生
入住结束第一次认真点评。首先是入住预订，老板非常有耐心，跟我讲位置、风景、房型，还给我看多个照片。入住也很热情，住在老长沙的网红板块，楼下啥都有。出门也很方便，往北走150米左右就是地铁。总之是次愉快的体验。,入住 结束 点评 入住 预订 老板 耐心 位置 风景 房型 还给 照片 入住 热情 网红 板块 出门 地铁 愉快 体验
环境非常好，卫生干净,环境 卫生 干净
房间特别干净，还有智能小管家，科技感很强，小管家也很有耐心，位置很好，离坡子街等小吃街很近，骑电车十分钟左右，很推荐～,房间 干净 智能 管家 科技 管家 耐心 位置 子街 小吃街 电车 推荐
房间很大有家的感觉，厕所干湿分离很，冰箱还有饮料免费喝。前台服务员的服务也是非常迅速有缺什么直接说马上就回复并且把东西带过来了，整体来讲非常好，非常满意，可以给十分！,房间 很大 感觉 厕所 干湿 分离 冰箱 饮料 前台 服务员 回复 整体 满意
房间很干净很舒服,房间 干净 舒服
五一广场附近，交通很方便。酒店房间湘江的江景一览无余，晚上还能看到绝美的夜景和美丽的杜甫江阁。同时酒店的设施也非常全面，滚筒洗衣机、空气净化器、中央空调、冰箱等等，非常方便，房间卫生也很干净，很推荐大家预定！！,交通 酒店 房间 江景 夜景 酒店 设施 滚筒 洗衣机 空气 净化器 中央空调 冰箱 房间 卫生 干净 推荐 预定
设施：非常齐全，卫生间干湿分离，甚至还有洗衣机，而且家具都非常新 卫生：说实话很惊艳，很干净，无异味 环境：交通非常方便，旁边走路就能到冬瓜山，楼下就是天宝兄弟，吃完就能回家休息 服务：房主非常热情，回复速度超快 性价比非常高的民宿，下次还来。,设施 卫生间 干湿 分离 洗衣机 家具 卫生 惊艳 干净 异味 环境 交通 走路 冬瓜 兄弟 回家 休息 房主 热情 回复 速度 超快 性价比 民宿
房间好温馨！色调搭配的恰到好处！卫生搞的确实是干净，有五星级酒店的感觉！入住也非常方便，晚上的长沙夜景一览无余！非常值得的一次住宿！下次有机会还会选择住这里！,房间 色调 搭配 卫生 确实 干净 酒店 感觉 入住 夜景 值得 住宿 机会 选择
房间很大有家的感觉，厕所干湿分离很，冰箱还有饮料免费喝。房东的服务也是非常迅速有缺什么直接说马上就回复并且把东西带过来了，整体来讲就是很，家的感觉酒店的服务,房间 很大 感觉 厕所 干湿 分离 冰箱 饮料 房东 回复 整体 感觉 酒店
房酒店靠近江边，视野开阔，风景美丽，出行方便。室内装饰漂亮，设施齐全，卫生很好。酒店服务温馨，还可免费停车，选择这家酒店是您不错的选择。可以打满分。,酒店 靠近 视野 开阔 风景 出行 室内装饰 漂亮 设施 卫生 酒店 停车 选择 酒店 不错 选择
房间宽敞，江景尽收眼底，下楼不远就可步行到江边。大厦三楼就是天宝兄弟，马路对面就是冬瓜山美食街，很方便。特別贊一下帅哥老板，服务热情周到！,房间 宽敞 江景 下楼 步行 大厦 兄弟 马路 对面 冬瓜 老板
环境挺好的，江景感觉很不错，房间很大。卫生也很干净，老板服务很好，唯一的不足就是外卖不能送上来，只能自己下去取。设施都很齐全，位置也很好找,环境 江景 感觉 不错 房间 很大 卫生 干净 老板 外卖 送上来 只能 设施 位置 好找
酒店位置很好，在湘江边上，楼下餐饮，咖啡馆都有，很方便，房间整洁干净，面积也很大，适合旅行和差旅的人士，推荐！,酒店 位置 餐饮 咖啡馆 房间 整洁 干净 面积 很大 适合 差旅 人士 推荐
房间很干净，风景很好 能看到橘子洲。整体环境绝绝子，强烈安利 推荐！楼下还有网红餐厅天宝兄弟可以打卡，很方便,房间 干净 风景 整体 环境 推荐 网红 餐厅 兄弟 打卡
房间展示图片是实拍，比较宽敞，投影洗衣机基本设施齐全，楼下就是大名鼎鼎的天宝兄弟 吃饭也蛮方便。整体符合预期,房间 展示 图片 实拍 宽敞 投影 洗衣机 设施 兄弟 吃饭 整体 符合
位置一流，湘江橘子洲头一览无余。沿江散步到几个大的和五一广场步行街，长沙的打卡景点一天就逛完了。,位置 一流 散步 步行街 打卡 景点
房间位置好，设施齐全，卫生整洁，免费停车，十分满意！老板人很好，帮升级了房间，可以看到江景，推荐大家入住！,房间 位置 设施 卫生 整洁 停车 老板 房间 江景 推荐 入住
领导出差方便，停车方便，房间干净卫生，还可以看江，附近吃东西很多选择，楼下还有天宝兄弟。,领导 出差 停车 房间 干净 卫生 选择 兄弟
新装修的酒店，装修风格简洁大方、温馨。地理位置很好，江景超赞，出行方便，下次来长沙还住这。,酒店 装修 风格 简洁 大方 地理位置 江景 超赞 出行
房间很漂亮，而且也隔音，晚上入睡也快，不得不赞里面的装修非常合我口味哈哈，下次来也接着住这里。,房间 很漂亮 隔音 入睡 装修 口味
特别不错，环境很不错，也很干净，房间很温馨，老板也挺热情，下次出差还住他们家。真心推荐,不错 环境 不错 干净 房间 老板 热情 出差 推荐
酒店环境干净，舒适，位置极佳，景观很不错，吹吹风喝个小酒，很惬意，非常推荐,酒店 环境 干净 舒适 位置 极佳 景观 不错 吹风 惬意 推荐
房间景色超级好哦，180°全景江景，房间干净整洁，客服小哥哥温柔有耐心。宠物友好，推荐。,房间 景色 全景 江景 房间 干净 整洁 客服 温柔 耐心 宠物 友好 推荐
距离很近，环境很好，卫生也比较干净，下楼就是天宝兄弟，对面就是冬瓜山,距离 环境 卫生 干净 下楼 兄弟 对面 冬瓜
设施：还好 卫生：还可以，但厕所有排水管的味道涌上 环境：装修还好。小孩喜欢二层。,设施 还好 卫生 厕所 排水管 味道 环境 装修 还好 小孩 喜欢
房间环境非常好 干净整洁 设施完好 工作人员耐心细致 服务态度非常好,房间 环境 干净 整洁 设施 完好 工作人员 耐心 细致 服务态度
酒店位置很好，出行方便，景观不错。房间整洁明亮，入住便捷。,酒店 位置 出行 景观 不错 房间 整洁 明亮 入住 便捷
干净，安静，客服很热情，有求必应，下次过来玩还住这边，小孩子好喜欢。,干净 客服 热情 小孩子 喜欢
连住两天 环境卫生都不错 距离广场和商业街都很近 下次还来！！,环境卫生 不错 距离 广场 商业街
房间很干净，位置方便，离五一广场很近，窗外就是湘江,房间 干净 位置
挺不错的，可以夜观江景，离杜甫江阁也不远，离五一广场也不远。,夜观 江景
房间干净整洁，可观江景，可逛吃，非常舒适方便的～,房间 干净 整洁 可观 江景 可逛 舒适
设施：很好 卫生：很好 环境：很好 服务：很好,设施 卫生 环境
酒店位置优越交通便利，地铁站出门几分钟就走到了。设施齐全，房间干净整洁，住的很舒服。服务都特别好，很主动，热情。个人觉得性价比蛮高。半夜忘记密码了，给老板打电话，解决问题的速度也非常快！,酒店 位置 优越 交通 便利 地铁站 出门 走到 设施 房间 干净 整洁 舒服 热情 性价比 蛮高 忘记 密码 老板 解决问题 速度
房间大， 卫生：干净 环境：好 服务：优,房间 卫生 干净 环境
房间很好，很干净，环境也好，隔音效果好，非常满意。,房间 干净 环境 隔音 效果 满意
服务态度非常好，卫生也干净. 住的很开心,服务态度 卫生 干净 开心
房间很干净，江景看着很舒服，可以直接看到橘子洲，,房间 干净 江景 看着 舒服
不错，环境很好，每次来都住这儿，推荐！,不错 环境 推荐
环境：舒适 卫生：整洁 服务：好 设施：齐备,环境 舒适 卫生 整洁 设施
有停车场  就在湘江边上  能看见湘江跟橘子洲,停车场
房间干净整洁，住起来特别舒服，窗外环境很好,房间 干净 整洁 舒服 环境
房间干净整洁，设施齐全。服务到位，风景不错,房间 干净 整洁 设施 服务到位 风景 不错
房间干净卫生，入住方便，交通位置各方面都不错,房间 干净 卫生 入住 交通 位置 不错
房间很宽敞舒适，下面很多好吃的 风景也不错。,房间 宽敞 舒适 好吃 风景 不错
非常满意！正江景房很漂亮。设施也很好！推荐！,满意 江景 很漂亮 设施 推荐
环境特别好，前台服务热情耐心，我觉得非常值,环境 前台 热情 耐心
酒店环境卫生非常好，对宠物也很友好，入住快,酒店 环境卫生 宠物 友好 入住
服务非常的周到细致～体验非常的好,周到 细致 体验
环境很好！落地窗，妥妥的江景房！,环境 落地窗 妥妥 江景
房间很干净，服务很好很贴心！,房间 干净 贴心
房间非常好，干净整洁，非常满意。,房间 干净 整洁 满意
房间舒适透气干净，推荐带孩子的家庭,房间 舒适 透气 干净 推荐 孩子 家庭
房间卫生、洁净；环境非常棒！！,房间 卫生 环境
房间的床很舒服，卫生条件很好,房间 舒服 卫生条件
环境优美，服务周到，价格实惠。,环境优美 价格
江景美，卫生好，住着舒服,江景 卫生 舒服
非常好，环境也不错，服务到位,环境 不错 服务到位
环境很好，视野宽阔，很温馨,环境 视野 宽阔
环境：很不错卫生：很干净,环境 不错 卫生 干净
房间床品很舒服，服务很热情,房间 床品 舒服 热情
房间非常干净，交通很方便！,房间 干净 交通
房间干净整洁，服务满意,房间 干净 整洁 服务满意
住了两晚，还不错，挺好的,不错
位置不错，下次还来，嘿嘿,位置 不错
房间开阔，风景优美,房间 开阔
环境优美，服务热情周到,环境优美
干净整洁 对宠物很友好,干净 整洁 宠物 友好
卫生服务非常好，很满意,卫生 满意
环境很好去了好几次了,环境
交通方便，出行便利。,交通 出行 便利
很满意 入住体验好,满意 入住 体验
空间很大，很不错。,空间 很大 不错
房间很大，很满意。,房间 很大 满意
环境好，很安静,环境
很不错离景区近,不错 景区
环境干净整洁,环境 干净 整洁
位置好，风景好,位置 风景
整体都很不错,整体 不错
服务态度非常好,服务态度
卫生干净很好,卫生 干净
服务非常周到,周到
不错，位置好,不错 位置
服务态度好,服务态度
很好很好的,很好
体验感不错,体验 不错
房间很好！,房间
满意…………,满意
挺好的名宿,名宿
很不错,不错
上次来长沙就想入住的民宿，和店家的图片一样美，从小区里出去到3号地铁站很方便。老板很热情，值得入住。,入住 民宿 店家 图片 地铁站 老板 热情 值得 入住
房间很好很干净，每天都有打扫，老板也很热情,房间 干净 打扫 老板 热情
房间温馨设施齐全智能非常方便，值得推荐,房间 设施 智能 值得 推荐
晚上11点多才到 还给我们免费升级了一个房型  老板还在房间放了零食,还给 房型 老板 房间 零食
卫生非常好，环境也很好，比较安静！老板的服务态度是我见过最好的！有免费的零食、矿泉水也好喝，细节表明老板是个对品质有要求的人，下次还会来住！非常愉快的一次出行！,卫生 环境 老板 服务态度 零食 矿泉水 好喝 细节 老板 品质 愉快 出行
环境特别干净 景色很好 而且老板人真的很好很热情 很少能住进服务态度这么好的民宿 点赞！,环境 干净 景色 老板 热情 能住 服务态度 民宿
很棒的体验，老板和老板娘都很热情，干净卫生。环境也好，特别热情的一对夫妇。,很棒 体验 老板 老板娘 热情 干净 卫生 环境 热情 夫妇
房间很好 可以看见小湖 老板人超级好的 备考的原因没有拍照 推荐大家来住 陶冶情操,房间 老板 备考 原因 拍照 推荐 来住
房间挺新的，干净清爽，还给免费升了级，服务很棒，是一家性价比很高的民宿。,房间 干净 清爽 还给 很棒 性价比 很高 民宿
环境卫生都很不错，老板也热情，就是商务办公桌需要考虑下。,环境卫生 不错 老板 热情 商务 办公桌
老板态度非常好 非常贴心 环境也可以 酒店住着很舒服,老板 态度 贴心 环境 酒店 舒服
环境非常好，房间很大，卫生很好，装饰有品味，性价比不错,环境 房间 很大 卫生 装饰 品味 性价比 不错
酒店十分不错，老板十分热情。本地人十分推荐,酒店 不错 老板 热情 本地人 推荐
非常满意，老板态度很好，服务很周到，很开心,满意 老板 态度 周到 开心
非常好 住起来非常舒适 服务非常好,舒适
房间非常干净，老板服务态度非常客气,房间 干净 老板 服务态度 客气
房间干净整洁，老板服务热情周到,房间 干净 整洁 老板
环境很好，房间很干净，房间很多设施由小爱控制，不用动手，动动嘴就能完成，很先进，老板人也很好，值得推荐。,环境 房间 干净 房间 设施 控制 不用 动手 动嘴 先进 老板 值得 推荐
有特色，干净整洁,特色 干净 整洁
房间卫生很干净,房间 卫生 干净
我在这个民宿看到是，老板娘非常非常用心在经营，墙上的图片，还有长沙市旅游图，旅游攻略，长沙必去的景点，对我这种外地人而言，这张图就是最好的礼物，必须给用心热情的老板娘一个大大赞，设施和服务没得话说，强烈推荐,民宿 老板娘 用心 图片 攻略 景点 外地人 礼物 用心 热情 老板娘 设施 没得
很惊喜的房子，像是住在乡下的小别墅里面一样。房子很漂亮，干净卫生，非常安静。房东热情大方，耐心解决我的问题。房子是真的漂亮，今年刚装修好的，房内还有投影仪，窝在房间里面睡觉看电视好舒服！下次还会来！,惊喜 房子 像是 小别墅 房子 很漂亮 干净 卫生 房东 热情 大方 耐心 解决 房子 漂亮 装修 投影仪 房间 睡觉 看电视 舒服
我是个吃货，还有轻微强迫症，厨房干净卫生，看起来很舒服。位置也比较便利，在大学城附近，出去找小吃也方便，还可以顺便爬个岳麓山。院子里的橘子树看起来很诱人，哈哈哈。房间带了个阳台，坐在外面喝个奶茶咖啡还挺有情调的，就是这几天有点冷。整体来说，锦霖民宿性价比超高，值得推荐。,吃货 强迫症 厨房 干净 卫生 舒服 位置 便利 大学城 小吃 顺便 院子 橘子 诱人 房间 阳台 坐在 奶茶 咖啡 情调 整体 锦霖 民宿 性价比 超高 值得 推荐
外卖很快，几分钟就到了，这里离大学城很近，附近吃的很多（对于我这吃货而言）这个地方很好，不出门就可以享受大学城美食，而且非常安静，早晨可以清晰的听见鸟叫声，这里卫生真的很干净整洁，,外卖 大学城 吃货 地方 出门 享受 大学城 美食 清晰 听见 鸟叫声 卫生 干净 整洁
院房很漂亮，这个庭院很有秋天的感觉，银杏树叶满地，还有专门喝茶的地方，我住一楼但很安静，对了网络效果特别好，打游戏不卡，网速超快，这个必须赞，这个民宿应该是大学城附近最好的民宿了,院房 很漂亮 庭院 感觉 满地 喝茶 地方 一楼 网络 效果 不卡 网速 超快 民宿 大学城 民宿
空调效果一级棒，热水也很好，而且真的特别干净，是我见过的最干净的民宿没有之一，老板娘也很好！这个房间阳光采光很好，在休闲椅上坐着发发呆挺好的！很不错的名宿推荐给大家哦 服务：好,空调 效果 热水 干净 干净 民宿 老板娘 房间 采光 休闲椅 发呆 不错 名宿 推荐
一个人单独旅游外出，偶然住进这个民宿。房间整体不错，前面庭院很大，晚上还可以去三楼的露台坐着看夜景。出行也很方便，出去就是小吃街，因有尽有。老板娘特别好，给我介绍了周边好玩的、好吃的。下次有机会再来！,外出 民宿 房间 整体 不错 庭院 很大 露台 夜景 出行 小吃街 老板娘 介绍 好玩 好吃 机会
小院子真的大，里面环境很好，桔子熟了，还不错，挺甜的，我住的二楼，房间精致，空气好，安静，超干净，布草质量真的好，好舒服，一般酒店这种品质布草至少单间上了500以上了，这里性价比高；还带个露台，惊喜的发现，鸟妈妈在树上带鸟宝宝，这个必须发。除了进来需走一段小巷，其他的真的非常不错，强烈推荐给大家,院子 环境 桔子 不错 二楼 房间 精致 空气 干净 质量 舒服 酒店 品质 单间 性价比 露台 惊喜 发现 妈妈 需走 小巷 不错
特意定了个巨幕房，投影仪很棒，大屏，极米的，对于我来说大爱这款采光一级棒，空调效果可以，还有一个露台，在露台上喝喝茶，晒晒太阳，非常好,巨幕 投影仪 很棒 大屏 采光 空调 效果 露台 露台 喝茶 晒太阳
位置优越，位于大学城商圈内，出去几百米就是小吃街。新开业的独栋别墅，能看得出店家很用心，还有室外的玻璃房、山景房哈哈哈哈哈哈下次有机会还来！！,位置 优越 位于 大学城 商圈 小吃街 别墅 看得出 店家 用心 玻璃房 山景 机会
超赞房东！心情不美丽独游岳麓山，网上搜了一家开业不久的民宿，一进院子，简直太治愈我了，院子超大，房间也很干净，顿时烦恼消了一大半，露台上还看到了一只鸟妈妈在掉完的树枝上带鸟宝宝，还有只会讲话的鹦鹉，老板娘热心的帮我开导，耐心倾听我的烦恼，结果哪里都没去，就游了个民宿，明天又是活力满满一天，给自己加油，再次谢谢热情老板娘，还会再来哦！,超赞 房东 心情 独游 开业 民宿 院子 治愈 院子 超大 房间 干净 烦恼 露台 妈妈 掉完 树枝 讲话 鹦鹉 老板娘 热心 开导 耐心 倾听 烦恼 没去 民宿 活力 满满 加油 热情 老板娘
民宿环境真的好，推开铁门院子很大，非常安静，还有外卖很快，院子里吃吃喝喝，享受着安静的慢生活，院子鱼池上桔子熟了，来到了民宿后院摘桔子，后院也好大，整体环境在岳麓山这一遍真的难觅第二家,民宿 环境 推开 铁门 院子 很大 外卖 院子 享受 院子 鱼池 桔子 来到 民宿 后院 桔子 后院 整体 环境 难觅
出巷子很繁华，大学城好多吃的，好好吃，进巷子大慨4，5分钟到迖此地，这里很安静，背靠个岳麓山公区比较大，很漂亮，看得出老板娘是很用心的,巷子 繁华 大学城 好吃 巷子 背靠 公区 很漂亮 看得出 老板娘 用心
这家民宿非常奈斯，小院很大，顶楼还可赏夜景，房间温馨舒适，大大的窗户采光非常好，房间非常干净，物品摆放整齐有序，给人一股清新自然，住着也很宽敞舒适，远离城市喧闹，出巷口又非常繁华，小吃巨多，十个肚子都不够，还有外卖贼快，让人心情愉快一！,民宿 小院 很大 顶楼 可赏 夜景 房间 舒适 窗户 采光 房间 干净 物品 摆放 宽敞 舒适 远离 喧闹 繁华 小吃 肚子 外卖
民宿整体很好看 布局也不错 室内卫生 设施都很令人满意！还配备一次性马桶垫 这是最令人满意的阿姨人也很好 很贴心 会告诉我们哪里好玩 好吃！真的是一次很不错的入住体验！,民宿 整体 好看 布局 不错 卫生 设施 配备 马桶 贴心 告诉 好玩 好吃 不错 入住 体验
国庆后错峰游岳麓山，想着酒店不紧张，加上自己卫生环境要求比较高，网上我也看了还是想来个现场定，真没另我失望，推开铁门户外空间真大，又非常安静，我告诉老板娘我怕冷，老板娘很热情马上就把热水调高了，水压也很大，美美的洗了澡，房间里面非常干净，布草很好，超级舒服，简约，高级，是我喜欢的风格，谢谢老板娘，提前预定好计划重阳节带父母来爬爬岳麓山！,错峰 想着 酒店 紧张 卫生 环境 想来 现场 失望 推开 铁门 空间 告诉 老板娘 怕冷 老板娘 热情 热水 调高 水压 很大 房间 干净 舒服 喜欢 风格 老板娘 提前 预定 计划 重阳节 父母
一进院子就被吸引住了，超大院子还养了金鱼，少有的静谧，空气很好，房间非常干净，热水水压很大，稍微多走几步太值了，外卖超级快，门口看到茶颜悦色排长队，网上下了一单，十分钟不到就到了，重点是老板娘超级，很热情又有耐心，随叫随到，对于房东我想说：好！很好，非常好！,院子 超大 院子 还养 金鱼 少有 空气 房间 干净 热水 水压 很大 太值 外卖 排长队 一单 不到 重点 老板娘 热情 耐心 房东
去岳麓山非常方便步行十分钟即可到达南门，爱晚亭，岳麓书院就在门口，溜达就到了，主要是老板娘人非常奈斯！出来接送，周边介绍，房间干净，舒适，晚上特别安静，马桶是加热的哦！整体高级简约，门大学城吃什么喝什么非常快乐！,步行 到达 溜达 老板娘 接送 介绍 房间 干净 舒适 马桶 加热 整体 大学城 快乐
和闺蜜一起出游，民宿下来5分钟就到小吃一条街，全是好吃的，长长的队伍很吓人民宿里面非常干净，布草质量特别好，空调效果很棒,闺蜜 民宿 小吃 一条街 好吃 队伍 干净 质量 空调 效果 很棒
民宿位于大学城，去岳麓山、岳麓书院、博物馆和橘子洲头都很方便。一整条街都是各种长沙特色小吃，价格亲民，点外卖十五分钟就送来了，速度超快。老板很亲切很热情，床很舒服，智能马桶深得我心，可以带宠物，有麻将房，还有露台可以看夜景。是这一片最有调调的民宿了。,民宿 位于 大学城 博物馆 特色小吃 价格 亲民 外卖 送来 速度 超快 老板 亲切 热情 舒服 智能 马桶 宠物 麻将 露台 夜景 调调 民宿
超赞房东晚上20: 00多才到店，房东亲自来接，超级热情，民宿环境非常优美，在岳麓山半山腰上，非常安静，院子超大，周围有花园和鱼池，让人心旷神怡。房间设施齐全，今天变冷了，热水水压大，房间非常干净整洁，让人舒适放松，美美的睡了一觉，下次还会光顾,超赞 房东 房东 热情 民宿 环境 优美 院子 超大 花园 鱼池 房间 设施 热水 水压 房间 干净 整洁 舒适 放松 光顾
民宿新开业的很干净，全新的没备，智能马桶，特别是被子又不重，很保暖，靠着岳麓山，非常安静，公区很大，适合带孩子过来玩,民宿 干净 没备 智能 马桶 被子 不重 保暖 公区 很大 适合 孩子
第一印象是很亲近大自然，环境优美，空气好，小院打得很整洁，房间内层高高，非常干净，布草品质好，整个晚上都很安静，热水水压大，整个入住体验非常舒服，值得推荐。,环境优美 空气 小院 整洁 房间 内层 高高 干净 品质 热水 水压 入住 体验 舒服 值得 推荐
民宿位置很好，背靠着岳麓山，又离主要景点和大学城美食近。房间和图片一致（个人感觉实地更好看.）干净舒适，床铺非常舒适。设施很好，民宿主超级热情能满足你一切合理要求（借电动车出门了一趟，房间需要用电脑又帮我配置了舒适椅子晚上办公）这是一家非常不错的民宿，强烈推荐！”,民宿 位置 背靠 景点 大学城 美食 房间 图片 个人感觉 实地 干净 舒适 床铺 舒适 设施 宿主 热情 电动车 出门 房间 电脑 配置 舒适 椅子 办公 不错 民宿
房东超赞，非常热情，到处借充电器给我电动车充电，环境非常好，背靠岳麓山，空气清新，很安静，房间非常干净，一尘不染，干净整洁，卫生5分都不够，智能马桶我的最爱，爱好追求自然，放松身心好地方，强烈推荐。,房东 超赞 热情 充电器 电动车 充电 环境 背靠 房间 干净 干净 整洁 卫生 智能 马桶 最爱 爱好 追求 放松 身心 地方
民宿院子幽静、典雅，房间宽敞、干净、整洁，一切都是新的，老板娘人好，可亲，家的感觉，非常满意，下次来还住这个地方！,民宿 院子 幽静 典雅 房间 宽敞 干净 整洁 老板娘 可亲 感觉 满意 地方
卫生非常干净，房东本地人超好，就是一长沙百事通，长沙本地的吃，喝玩，乐，我玩了够，太开心了，晚上非常安静，风景好，亲自来接的我，真的舍不得走了,卫生 干净 房东 本地人 超好 开心 风景 来接 舍不得
房间非常干净，服务态度很好。 去岳麓山，岳麓书院，爱晚亭，走路10多分钟。 是这一块最有情调的民宿。,房间 干净 服务态度 走路 情调 民宿
酒店房间装修很好，里面干净整洁，床品舒适，很精致，也很有品味，老板娘应该花了不少心思，电器设备空调感觉全新，体验后，感觉还是比较爽，有种宾至如归的感觉。 环境优雅，空气清新，做到了闹中取静，交通便利，出行也方便。老板娘，热情大方，有问必答，服务态度很友好，也很周到。 这样的房间价格也合理，性价比高，物有所值。很值得大家体验体验。,酒店 房间 装修 干净 整洁 床品 舒适 精致 品味 老板娘 心思 电器设备 空调 感觉 体验 感觉 感觉 环境 优雅 交通 便利 出行 老板娘 热情 大方 服务态度 友好 周到 房间 价格 性价比 值得 体验 体验
民宿安静漂亮整洁舒适，还送了橙子，服务很好,民宿 漂亮 整洁 舒适 橙子
环境不错，就是隔音不好，晚上打麻将要被投诉,环境 不错 隔音 打麻将 投诉
房间很干净，而且特别特别安静，有玩具，宝宝马上安静下来不吵了，大爱房东。,房间 干净 玩具 房东
房间住着舒适，环境优雅出行方便，老板热情，服务态度好五星好评,房间 舒适 环境 优雅 出行 老板 热情 服务态度 好评
一个舒适幽静的小别墅，适合很相爱的两个人，或者心情  的人来这里，让人心情放松，周边的小吃也多到爆，期待下次再来。,舒适 幽静 小别墅 适合 相爱 心情 心情 放松 小吃 期待
全家出游，有老人和小孩，老板给升级了房型，还推荐地道湘菜，很棒，改变对传统湘菜的看法，智能马桶用着舒适，屋前屋后的桂花树沁人心脾,全家 老人 小孩 老板 房型 推荐 地道 湘菜 很棒 改变 传统 湘菜 看法 智能 马桶 舒适
老板超赞 房间干净整洁  环境安静舒服  住着有家一样的惑觉   背靠岳麓山 风景超级美丽,老板 超赞 房间 干净 整洁 环境 舒服 背靠 风景
出行方便，干净卫生，值得推荐！,出行 干净 卫生 值得 推荐
房间干净，服务态度好！,房间 干净 服务态度
房间干净卫生，有窗，服务好，下次还会来的,房间 干净 卫生
非常不错的民宿,不错 民宿
不知道好评是哪来的、房间写有30个平方，目测最多15个平方，非常小，就两张床一个过道，放个行李箱就走不了路了，酒店位于窄巷子斜坡上非常不方便，除了马桶暖暖得比较高级、停车费50元老板报销了30元，其他体感超差；避雷，这么差的地理位置加这么小的房间，最多值99，老板好意思收这么高的房费；早知道宁可住在五一广场附近，开车到岳麓书院玩就好了，一样的房费，体感会好很多,好评 房间 写有 目测 两张床 行李箱 酒店 位于 巷子 斜坡 马桶 停车费 老板 报销 体感 超差 避雷 地理位置 房间 老板 房费 开车 房费 体感
卫生很好 很干净 是我住过最干净的民宿了 地理位置也很好 走去地铁站十分钟左右 还有很多很有意思的店在附近 环境幽雅 早上还有鸟叫 有两个还可以改进的地方 第一是热水不热 洗澡的时候有点小冷 第二是空调的暖气下不来 只有房间上面是暖的 老板娘买个空调挡板安上就更好了 另外一个店在刷把冲比较里面 晚上走进去一路上时巷子有点小恐怖（对于我和我朋友两个女生来讲）还有一个很赞的点！卫生间是智能马桶 ！,卫生 干净 干净 民宿 地理位置 地铁站 环境 幽雅 鸟叫 改进 地方 热水 洗澡 空调 暖气 下不来 房间 老板娘 空调 挡板 安上 走进 巷子 恐怖 朋友 女生 卫生间 智能 马桶
临时找的酒店，可以说非常的惊喜，闹中取静，酒店距离岳麓山非常近，前往网红美食打卡地也非常的方便。酒店的老板非常热情周到，卫生状况也非常好，房间整洁干净，让人感到非常舒适。值得推荐！,酒店 惊喜 酒店 距离 网红 美食 打卡 酒店 老板 卫生状况 房间 整洁 干净 感到 舒适 值得 推荐
非常满意的一次民宿，非凡体验，非酒店能及。设施设备非常新，房间规划整洁有序，设计有艺术感，环境优雅舒适，又灵感跃动，青春洋溢。毗邻岳麓山，周边环境优美，位居湖南名校旁，文化氛围浓厚，身居闹市却感觉诗意优雅，空净别致，有格调。下次回来还想来住。,满意 民宿 体验 酒店 设施 房间 规划 整洁 有序 艺术 环境 优雅 舒适 灵感 跃动 洋溢 毗邻 环境优美 位居 名校 文化氛围 浓厚 身居 闹市 感觉 诗意 优雅 别致 格调 回来 想来
民宿看得出老板娘非常用心在经营，桌子上还摆了岳麓山摘下来给我们尝的桔子，太有心了，虽然走进来需几分钟，但很值，非常的安静，公区也很大，院子晒晒太阳，喝喝茶，很惬意！,民宿 看得出 老板娘 用心 桌子 桔子 有心 走进 公区 很大 院子 晒太阳 喝茶 惬意
老板娘很用心，降温了提前把空调开好了，这个大大的赞，被子很轻，但非常暖和，听老板娘说是鹅绒被芯，怪不得热水挺热的，总之，很不错，很好！非常好！,老板娘 用心 降温 提前 空调 开好 被子 暖和 老板娘 鹅绒 热水 不错
环境不错！卫生超级干净，设施很好，昨天晚上零下了，空调效果好，热水很热，又是智商马桶，暖暖的，非常愉快的体验，很值推荐,环境 不错 卫生 干净 设施 空调 效果 热水 智商 马桶 愉快 体验 推荐
老板娘非常好，我们傍晚爬的野路上的岳麓山，虽然路不好但是大概半小时就能到大路，房间非常大，非常住的舒服，早上起来就是被鸟叫声叫醒的；,老板娘 大路 房间 舒服 鸟叫声 叫醒
房间卫生干净，入住放心，民宿在繁华地段，周边交通出行方便，房东非常热情，房间内各类设施齐全，卫生更是细致，房东也是有问必答，非常满意的一次入住体验，推荐,房间 卫生 干净 入住 放心 民宿 繁华 地段 交通 出行 房东 热情 房间内 设施 卫生 细致 房东 满意 入住 体验 推荐
房间很干净，设施齐全，就是房间有点小。有个小阳台，看看书，聊聊天还是很惬意。老板很热情，老板接我们进来，地方有点难找。,房间 干净 设施 房间 阳台 看看书 惬意 老板 热情 老板 地方
酒香不怕巷子深，民宿的环境很好，主要是房间干净，光线明亮。 老板娘人超级好。 推荐推荐。,酒香 巷子深 民宿 环境 房间 干净 光线 明亮 老板娘 推荐 推荐
老板服务热情，态度特别好，小院布局合理，小环境不错，楼顶凉台视野开阔，房间卫生好，设施特别新，体验感好，值得入住。,老板 热情 态度 小院 布局合理 环境 不错 楼顶 凉台 视野 开阔 房间 卫生 设施 体验 感好 值得 入住
很干净，老板很热情。 是一个闹中取静的好地方，离麓山景点很近，附近好吃的也很多。 住的很舒适，环境也很好～,干净 老板 热情 地方 离麓 景点 好吃 舒适 环境
房间很棒，性价比非常高，第一次住民宿就碰见了这么好地方。,房间 很棒 性价比 民宿 碰见 地方
住的非常舒服，服务也很体贴，还指导周边玩的攻略,舒服 体贴 指导 攻略
房间很大很宽敞卫生条件也很不错,房间 很大 宽敞 卫生条件 不错
环境优美，位置稍偏一点，老板服务态度很好,环境优美 位置 老板 服务态度
房东很热情，设施很新，卫生也好,房东 热情 设施 卫生
干净、舒适，下次来再住这里,干净 舒适
房间略有些小，老板人还是不错的,房间 略有 些小 老板 不错
环境十分适宜，会常来,环境 适宜
姐姐很好，房间也很干净,姐姐 房间 干净
房间干净整洁，环境优美,房间 干净 整洁 环境优美
好近卫生的名宿,卫生 名宿
卫生，店家人不错,卫生 店家 不错
一个闹中取静的好地方,地方
属于精致小巧型的民宿，冬天还是有点冷，围炉煮茶很有感觉，可以试试。但浴室的水温不高，春夏去应该感觉更好。服务确实很到位，拿行李、送餐都很热情，不知谁过生日还给我们分了生日蛋糕。谢谢啦！ 影院泡池房有牛奶泡泡浴、玫瑰花,精致 小巧 民宿 围炉 煮茶 感觉 浴室 水温 感觉 确实 到位 行李 送餐 热情 不知 还给 生日蛋糕 影院 泡池 牛奶 泡泡浴 玫瑰花
民宿位置明显好找，枕头和被罩很干净，房问没有异味，房间设施也非常齐全，特别是床品和卫生间，民宿还有个后山，空气特别清新，很适合早上吃完早餐后去散步消消食，我推大家旅游的时候的时候一定要选择这家民宿，不错不错！,民宿 位置 好找 枕头 被罩 干净 房问 异味 房间 设施 床品 卫生间 民宿 空气 清新 适合 早餐 散步 消食 选择 民宿 不错 不错
大堂的玻璃房拍照很好看，老板还在房间送了围炉煮茶，边煮茶边欣赏风景，除此之外后花园的风景也很美，我喜欢那个草坪，和男友在草坪拍了很多美美的照片，满载而归。关键是打车也很方便，离岳麓山也蛮近的,大堂 玻璃房 拍照 好看 老板 房间 围炉 煮茶 煮茶 欣赏 风景 后花园 风景 很美 喜欢 草坪 男友 草坪 照片 关键 打车
民宿环境很好，卫生非常干净整洁、早餐的种类也丰富，有粉、面、饺子小笼包等等，早餐都吃撑了哈哈哈哈。对了门口还有免费的停车场，出门就有湘菜馆，不用跑很远去吃饭。总之来了不会后悔,民宿 环境 卫生 干净 整洁 早餐 种类 饺子 小笼包 早餐 吃撑 停车场 出门 湘菜馆 不用 吃饭 后悔
订了敬野舍民宿，工作日去的，店长小姐姐担心晚上马路上车子的声音吵，免费帮我们升级了楼下的私汤房间，屋子干净，庭院大而漂亮，后面的花园也很大，比较适合搞团建派队活动，洗澡水也很大很热，服务态度非常好，周边也有吃饭的地方，去景点叫车也很方便，还赠送好喝的下午茶水果点心,民宿 工作日 店长 担心 车子 声音 私汤 房间 屋子 干净 庭院 漂亮 花园 很大 适合 团建 很大 服务态度 吃饭 地方 景点 赠送 好喝 下午茶 水果 点心
小院干净整洁，绿色植物多，环境优美，地理位置好，周围的环境都很好，基础设施齐全店里面的小姐姐很温柔很热情，也很有耐心，给民宿里面的每一个房间都很干净，娱乐设施也齐全，够朋友一起玩。,小院 干净 整洁 环境优美 地理位置 环境 基础设施 温柔 热情 耐心 民宿 房间 干净 设施
和朋友挑选了好久才住的民宿，过来之后果然不负众望，地方很不错，环境很舒适，特别适合和小姐妹出游拍照，还有围炉煮茶，能在民宿待一下午都不觉得无聊下次空闲在和小姐妹约起来,朋友 挑选 民宿 地方 不错 环境 舒适 适合 姐妹 拍照 围炉 煮茶 民宿 无聊 空闲 姐妹
非常有氛围的一家民宿，晚上稍微有点晚才到的民宿，前台小姐姐已经提前把围炉煮茶给我们准备好了放在房间里了，还带我们去逛了后山。,氛围 民宿 民宿 前台 提前 围炉 煮茶 放在 房间 去逛
跨年夜好快乐！下午围炉煮茶，晚上还有烧烤派对，气氛巨好！房东姐姐们还在零点放烟花，第二天早上的早饭也好好吃！开心开心！,快乐 围炉 煮茶 烧烤 派对 气氛 房东 姐姐 零点 烟花 早饭 好吃 开心 开心
民宿服务棒棒哒，非常喜欢民宿的设计和整体环境，去的那天正好是太阳天在他们的大厅搞围炉煮茶简直太舒服了，我们预定的山景房房间卫生干净，还带一个阳台正好可以看到晚霞好美，他们主要的空间在后山一定要去转转，整体非常满意,民宿 棒棒 喜欢 民宿 整体 环境 正好 大厅 围炉 煮茶 舒服 预定 山景 房间 卫生 干净 阳台 正好 晚霞 空间 转转 整体 满意
冬天来了想找个好的地方泡泡温泉，在网上找了很久找到了他们家，我们订的是二楼的山景房，房间不算大但是很温馨、卫生干净整洁，还有个全景阳台可以喝喝茶挺惬意的，我们额外订了一个户外森林私汤，这个一定要好好说下，私汤是在户外但是也是私密的，是一客一订，订好会安排专人搞卫生消毒，完全不用担心有人打扰和不干净问题，拍照也好看，以后在长沙就可以泡上私汤了，冬天想找个地方泡泡的强烈推荐,地方 泡泡 找到 二楼 山景 房间 不算 卫生 干净 整洁 全景 阳台 喝茶 惬意 森林 私汤 私密 订好 安排 专人 卫生 不用 担心 打扰 干净 拍照 好看 泡上 私汤 地方 泡泡
民宿环境很好，小院被打理的井井有条，看得出主理人费了很多心思，房间设施设备完善，我是小孩在附近上学，有留意到这家民宿，前院精致，后院宽敞，中国风的咖啡厅有点意思，小孩也是非常喜欢这里，下午茶味道也挺好，点赞,民宿 环境 小院 打理 看得出 主理 心思 房间 设施 完善 小孩 上学 留意到 民宿 前院 精致 后院 宽敞 咖啡厅 小孩 喜欢 下午茶 味道
在小红书刷到开始喜欢这家民宿。终于有时间来体验一下啦，里面设施也都很齐全，晚上和朋友在民宿里看了会电影，还可以唱歌，打麻将。吃饭也很方便，晚餐烤肉可以预订，也可以去附近的湘菜馆吃，全是当地的农家菜。,红书 刷到 喜欢 民宿 时间 体验 设施 朋友 民宿 电影 唱歌 打麻将 吃饭 晚餐 烤肉 预订 湘菜馆 农家菜
无意间小红书看到的民宿，虽然价格有点小贵，但不会让你失望。交通：周末带孩子周边游，开车大概就1个半小时，民宿在路边，很好找。服务：工作人员非常热情，在去之前就提前联系了，有任何问题都可以直接找店长沟通。设施：房间里面和外面都有私汤这个很棒，还有泳池，人也不多，小朋友玩的很开心。食：晚饭提前一天晚上在**团了烤肉，到点他们就准备好了，味道非常不错。真的很贴心，离店后他们还会发消息问是否安全到家。,民宿 价格 失望 交通 孩子 开车 民宿 好找 工作人员 热情 提前 店长 沟通 设施 房间 很棒 泳池 小朋友 开心 晚饭 提前 烤肉 味道 不错 贴心 离店 发消息
民宿地理位置优越，装修用心，拍照效果不错，依山而建，楼下就有游泳池，小朋友在房间泡澡。有入住水果、还帮忙拿行礼。晚上在民宿订了餐，份量很足，一家三口点的有些多了。晚上有露天电影，在灯光的照射下，很有氛围感。不论是亲子还是情侣，都会喜欢的。临睡前入住管家还安排了银耳莲子，小朋友很喜欢。秋季入住建议晚上关空调。,民宿 地理位置 优越 装修 用心 拍照 效果 不错 游泳池 小朋友 房间 泡澡 入住 水果 帮忙 行礼 民宿 份量 很足 露天电影 灯光 照射 氛围 亲子 情侣 喜欢 临睡前 入住 管家 安排 莲子 小朋友 喜欢 入住 建议 空调
这个地方特别适合来度假，在大城市里工作压抑了，来这个乡下村里头转一转特别舒服，国庆后人特别少，而且住在一楼的视野特别好，躺在泳池边，人心情都很好了。前台小姐姐也能给到及时反馈，下单后会给电话，抵达当天也会给电话提示，非常好。,地方 适合 度假 压抑 舒服 后人 一楼 视野 泳池 心情 前台 给到 反馈 下单 后会 电话 抵达 电话 提示
环境非常好 干净卫生 风景也很美 适合拍照打卡 服务态度好 热情贴心 餐食也有  很方便 满意,环境 干净 卫生 风景 很美 适合 拍照 打卡 服务态度 热情 贴心 餐食 满意
设施：窗帘灯光都是自动的，现代化的设备，小清新的环境。 卫生：干干净净清清澈澈。 环境：很有情调，花花草草都特别美，后山别有洞天。 服务：小姐姐漂亮年轻又周到，还带着小朋友玩手工，关键是，下午茶和早餐都超级丰富美味。,设施 窗帘 灯光 清新 环境 卫生 清澈 环境 情调 花花草草 漂亮 年轻 周到 小朋友 手工 关键 下午茶 早餐
环境很美，价格很优惠，管家小姐姐们服务也很好，最让我喜欢的是早上的粉，很满意，长沙这种民宿很多，但是这是我住过这么久以来最舒心的一个民宿，以后常来,环境 价格 管家 喜欢 满意 民宿 舒心 民宿
朋友推荐的民宿，环境不错绿荫绿荫葱葱，进门院子里就是泳池，还有个阳光玻璃房在那里沐浴着阳光喝着下午茶可以呆一下午，可惜我去的那天没出太阳，店里小管家以及店长服务超好的，会时刻关注我们的需求还赠送了下午茶和小零食，我很喜欢和她们聊天,朋友 推荐 民宿 环境 不错 绿荫 绿荫 进门 院子 泳池 玻璃房 沐浴 下午茶 可惜 店里 管家 店长 超好 时刻 关注 需求 赠送 下午茶 零食 喜欢
早餐特别好吃 影院泡池房牛奶泡泡浴、玫瑰花:特别好用 暖冬2-3人围炉煮茶:可以吃一天,早餐 好吃 影院 泡池 牛奶 泡泡浴 玫瑰花 暖冬 围炉 煮茶
非常满意这次的住宿经历！房内的设备齐全，很温馨位置优越整条路看下来在外面看起来就这家最棒！设计感杠杠的。躺在庭院泳池边，好惬意，舒服，晚上灯光美极了！,满意 住宿 经历 位置 优越 整条路 杠杠 庭院 泳池 惬意 舒服 灯光
服务态度超好，前台很贴切，店长还帮忙免费升级了房型还赠送了小零食，后院很大，夜晚真的有身处大自然的感受，超爱这家野奢民店，下次还来这,服务态度 超好 前台 贴切 店长 帮忙 房型 赠送 零食 后院 很大 感受 超爱 奢民店
民宿环境真的不错，房间内的设施也很完善，晚上在玻璃房还能看电影，歌，特别是泡池，这个季节泡澡真的很舒服，房间里的下午茶也超好吃，第二天早上很早就来大厅了，小姐姐非常热情的询问了我们要什么，种类也非常丰富，值得推荐！！！！,民宿 环境 不错 房间内 设施 完善 玻璃房 电影 泡池 季节 泡澡 舒服 房间 下午茶 好吃 大厅 热情 询问 种类 值得 推荐
环境优美，管家服务很好，住的有私汤的，泡澡很舒服，有下午茶，坐在泳池边上和朋友品茶聊天真的很不错，晚上夜景灯光也很不错，下次还会来入住,环境优美 管家 泡澡 舒服 下午茶 坐在 泳池 朋友 品茶 不错 夜景 灯光 不错 入住
在网上看了好久选了这家民宿，还是不枉此行的，民宿后院很大，可在院子里围炉煮茶并欣赏美景，管家服务不错会时刻关注着我们的动态，周边也方便100米有多家中西餐厅吃饭不用出远门。还是挺适合放松的一个地方,民宿 民宿 后院 很大 院子 围炉 煮茶 欣赏 美景 管家 不错 时刻 关注 动态 西餐厅 吃饭 不用 出远门 适合 放松 地方
整体来说蛮不错的，位置离岳麓山很近，附近还有梅溪湖，室内有大幕布的投影仪和私泡，山上有可以打坐发呆的地方，早餐味道不错,整体 不错 位置 有大 幕布 投影仪 私泡 打坐 发呆 地方 早餐 味道 不错
环境好，绿化做的很好，服务贴心，还有工作人员帮忙拍照，下次再来，姐妹们冲冲冲,环境 绿化 很好 贴心 工作人员 帮忙 拍照 姐妹
第二次来了，果然还是这种感觉，服务和氛围都太好了，爱上了这里,感觉 氛围
有次公司团建来过她们家，当时看了房间和环境就特别喜欢，民宿加餐厅一起有两栋楼，还有前院后院，整体还是非常大的，拍照打卡点很多根本拍不完，我们平时喜欢拍照只是不是专业的，后来和她们聊天知道了她们有专业拍照的小管家下次来可以享受一下，不得不说她们的每一位服务是真的赞，细心、细致、周到，点赞。,公司 团建 房间 环境 喜欢 民宿 餐厅 前院 后院 整体 拍照 打卡 喜欢 拍照 专业 专业 拍照 管家 享受 细心 细致 周到
服务很好，小姐姐们很，也会主动给我们送甜点。早餐很好吃。唯一遗憾是我们到的时候刚好降温游不了泳,甜点 早餐 好吃 遗憾 降温
1、民宿位置好找就在新修的含浦大道旁边，周边是民宿村有很多民宿和餐饮馆，出门、停车都挺方便的 2、民宿服务也是很棒的，从订房就会有店长联系，到店会有管家接待并赠送很多东西，还有洗衣服务只要拿给她们并告诉她们就行了 3、民宿环境也是相当不错的，除了住宿还可以团建，开会，吃饭，总之是一应俱全,民宿 位置 好找 新修 大道 民宿 民宿 餐饮 出门 停车 民宿 很棒 订房 店长 管家 接待 赠送 洗衣 拿给 告诉 民宿 环境 不错 住宿 团建 开会 吃饭
民宿环境特别好，工作人员都特别热情，私汤很舒服，设施齐全，住着挺舒服的,民宿 环境 工作人员 热情 舒服 设施
非常好，小琴同学服务很好,同学
环境还好 值得一去,环境 还好 值得
房间很干净，早餐也狠好吃，环境很好,房间 干净 早餐 好吃 环境
民宿有两栋楼，除了住宿还可以在隔壁喝咖啡围炉煮茶，我们就在房间的阳台围炉也挺惬意的正好可以看到一楼院子，民宿有几种房间我们体验了两种房间各有特点，适合出游,民宿 住宿 围炉 煮茶 房间 阳台 围炉 惬意 正好 一楼 院子 民宿 房间 体验 房间 适合
整体环境还可以，比较小清新，但民宿前庭和后院面积都不是很大，私汤池也有点小，没什么小朋友可游玩的地方，户外的木质桌椅多少有点霉斑，房间里有些灯不亮，电动窗帘拉上就打不开了，感觉性价比一般般，亲子游不是很合适~,整体 环境 清新 民宿 前庭 后院 面积 很大 小朋友 游玩 地方 木质 桌椅 霉斑 房间 灯不亮 电动 窗帘 打不开 感觉 性价比 亲子 合适
房间干净整洁 服务：服务很好，管家小姐姐会帮忙搬箱子，退房后出去玩，行李寄存在这里比较方便，为了帮我减轻负担，店长直接告诉我可以帮我把行李箱直接滴滴送高铁站，这样我们就不用带着行李出去玩了，哈哈。另外小院子有桂花树，这个季节坐在院子里不要太舒服呀。,房间 干净 整洁 管家 帮忙 箱子 退房 出去玩 行李 寄存 减轻负担 店长 告诉 行李箱 滴滴 高铁 不用 行李 出去玩 院子 季节 坐在 院子 舒服
环境很好，国庆后来度假的 人不是特别的多，安静，舒适 店长和小姐姐们都很热情 发现他们家后院非常大 下次可以跟同事来团建,环境 度假 舒适 店长 热情 发现 后院 同事 团建
管家式客製化入住体验、温暖迎宾接待服务、舒心小食水果、泡澡的同时看个电影卸下一身的舟车劳顿.,管家 入住 体验 温暖 接待 舒心 小食 水果 泡澡 电影 卸下
有一种去朋友家玩的感觉，随时随地准备着服务我们，认真做事的人应该生意兴隆哦,朋友家 感觉
入住这家民宿的体验非常棒！首先，地理位置优越，周围很多湘菜馆和咖啡厅很方便。接待我们的小管家热情而周到，充分展现了贴心的服务。房间装饰给人一种家的温馨感。床铺舒适，确保了我一夜的良好睡眠。卫生问干净整洁，配备齐全，让人感到方便舒适。此外，民宿提供的早餐既美味又营养，十分令人满意。整体来说，这次住宿体验超出了我的预期，我会向朋友和家人推荐这里，并期待下次再次入住。,入住 民宿 体验 地理位置 优越 湘菜馆 咖啡厅 接待 管家 热情 周到 展现 贴心 房间 装饰 床铺 舒适 确保 睡眠 卫生 干净 整洁 配备 感到 舒适 民宿 提供 早餐 营养 整体 住宿 体验 超出 我会 朋友 家人 推荐 期待 入住
设施：有的都有哦 卫生：很干净 环境：拍照地方很多，很出片 服务：管家小姐姐们都十分热情，服务很好 早餐:早餐这个粉面真的惊艳到我了，很好吃。 适合情侣，家人来打卡休息，离城市不远，空气挺好，拍照的地方很多，强烈推荐的一个民宿。,设施 卫生 干净 环境 拍照 地方 管家 热情 早餐 早餐 粉面 惊艳 好吃 适合 情侣 家人 打卡 休息 空气 拍照 地方 民宿
环境很好，服务也很棒，还有免费的烧烤吃 暖冬2-3人围炉煮茶:好吃,环境 很棒 烧烤 暖冬 围炉 煮茶 好吃
环境美，围炉煮茶很适合泡温泉的时候喝，管家小姐姐还贴心准备了篝火，下次还会来哦,环境 围炉 煮茶 适合 管家 贴心 篝火
设施：泡澡很舒服 卫生：一客一换很卫生 环境：还碰到接亲队伍在这举办活动（虽然有点吵） 服务：小琴同学很优秀！,设施 泡澡 舒服 卫生 卫生 环境 碰到 接亲 队伍 同学 优秀
私汤很好，还配玫瑰花和牛奶泡泡，服务很好，但是隔音不好。,玫瑰花 牛奶 泡泡 隔音
房间不错 环境很好 但是有蚊子 后山有很多可以玩的 可惜都没去,房间 不错 环境 蚊子 可惜 没去
服务体验不错，吃的也好吃，拍照很出片，纯躺平住着也很舒适。,体验 不错 好吃 拍照 躺平 舒适
野奢双人下午茶:很好吃 影院泡池房牛奶泡泡浴、玫瑰花:很舒服,双人 下午茶 好吃 影院 泡池 牛奶 泡泡浴 玫瑰花 舒服
服务态度非常好，环境也打理得非常有特色，时候拍照出片,服务态度 环境 打理 特色 拍照 出片
很好的一次住宿体验，民宿很漂亮，房间很舒服，店长和管家都很热情，很贴心的为我们准备了水果，围炉煮茶，还特意给我家宝贝现烤了点心，后山很大，宝贝说，夏天还要来他们家，值得推荐,很好 住宿 体验 民宿 很漂亮 房间 舒服 店长 管家 热情 贴心 水果 围炉 煮茶 点心 很大 值得 推荐
店长服务态度很好，房间也干净卫生,店长 服务态度 房间 干净 卫生
环境很好，店里的小姐姐们很热情,环境 店里 热情
服务态度非常好，房间很干净,服务态度 房间 干净
"服务态度非常好,环境不错。",服务态度 环境 不错
店长人很好 环境也很哇塞,店长 环境
卫生有点欠缺，早餐不太理想,卫生 欠缺 早餐 理想
环境好，服务不错！,环境 不错
环境美，服务好！,环境
住宿体检挺好的,住宿 体检
管家热情装修特色,管家 热情 装修 特色
房东非常热情,房东 热情
很好很不错,不错
民宿的环境很好，早餐也很丰富，小贺的服务很到位，后面还有后花园，送的下午茶也很适合拍照，店门口还有免费的停车场，打车也挺方便，下次还会再来,民宿 环境 早餐 到位 后花园 下午茶 适合 拍照 店门口 停车场 打车
来长沙旅游，一来就被这里的环境给惊艳到了，环境优美易出片，每一处都适合拍照打卡。房间干净整洁舒适，睡起觉来特别舒服，早餐也很美味，管家小姐姐霞霞人很不错，对我提出的问题都能一一解答。总体来说，是不会踩雷的一家民宿，值得推荐！！！,环境 惊艳 环境优美 适合 拍照 打卡 房间 干净 整洁 舒适 睡起 觉来 舒服 早餐 管家 不错 提出 解答 总体 民宿 值得 推荐
位置真的难找，其次酒店卫生真的好差劲，一开始有油脂，店主说换房间，我嫌弃麻烦就没有去换，结果洗完澡之后，又发现浴巾也不干净，有毛絮和其他的人毛发，然后枕头也不干净，好多灰尘以及脏东西，最重要的就是酒店不隔音加上附近有个小学早上无法睡懒觉，酒店早上八点开始就很吵，吵的无法早上睡懒觉，总体下来，全部是雷点，真的，在长沙所有的雷点居然在一个名宿酒店全部体现出来，这家名宿酒店避雷啊～ 想早上睡懒觉的 千万别订这个酒店 想需要隔音效果很好的，也不要订这个酒店，不隔音，一楼按门的时候，在房间能听的到～,位置 酒店 卫生 差劲 油脂 店主 说换 房间 嫌弃 麻烦 洗完 发现 浴巾 干净 毛絮 枕头 干净 灰尘 脏东西 酒店 隔音 小学 睡懒觉 酒店 睡懒觉 总体 雷点 雷点 名宿 酒店 体现 名宿 酒店 避雷 睡懒觉 酒店 隔音 效果 很好 酒店 隔音 一楼 房间
位置优越，就是不太好找，建议房东在入住前能主动告知一下怎么走比较方便，电梯太小，且慢，驻店管理人员只有一位保洁人员，她的保洁车占据电梯时也只能爬楼或等着，体验略差。预定的房间有下水道的味道，房东马上给更换了房间，但保洁阿姨有点不会说话，说是我鼻子太灵了，我也服气了，退房也可以延时退房，也跟房东沟通好了，但保洁还是一直敲门，建议对驻店员工加强服务培训吧，抛去保洁人员的问题一切都还好！,位置 优越 不太好 建议 房东 入住 前能 告知 电梯 太小 驻店 管理人员 保洁 人员 保洁 占据 电梯 只能 爬楼 体验 预定 房间 下水道 味道 房东 更换 房间 保洁 说话 鼻子 服气 退房 退房 房东 沟通 保洁 敲门 建议 驻店 员工 保洁 人员 还好
民宿设计很棒，很喜欢！在这里住了两晚，很宁静的一个民宿，这个我太喜欢了！民宿旁边的巷子竟然就是苏家巷丰盈西里等小巷子，吃吃喝喝超级方便。下次来长沙继续住～,民宿 很棒 喜欢 民宿 喜欢 民宿 巷子 丰盈
房间很好，这个床垫很舒服，软硬适中最解乏啦。。有的酒店床垫非常松软，但是睡觉有种陷落感，第二天醒了腰痛。。这家完全不是，枕头和床垫的质感都很好，也没有那种清洗的滞涩感，舒适！配备新风系统，位置也在五一商圈内，方便。,房间 床垫 舒服 软硬 适中 解乏 酒店 床垫 松软 睡觉 陷落 腰痛 枕头 床垫 质感 清洗 滞涩 舒适 配备 新风 系统 位置 商圈
尊嘟很爱这种色调的民宿，温馨感 位置在市中心附近，点外卖什么的都很方便 床也太软软软了叭！！！好喜欢 浴室和厕所是干湿分离，洗漱台在中间 马桶是智能马桶，用起来很舒适 房间放了一个小冰箱，买的东西怕坏的放里面保鲜就好啦，很贴心,色调 民宿 位置 市中心 外卖 太软 软软 喜欢 浴室 厕所 干湿 分离 洗漱 马桶 智能 马桶 舒适 房间 冰箱 贴心
位于网红的东茅街，是一个闹中取静的好地方，旁边还有是东茅街小学，日料啊，中古店还有各种小吃应有尽有，而且价格非常的实惠，不远处还有笨萝卜，他家的环境可以算是法式复古风跟现代的完美结合吧。东西都是用的最新的，而且奶油风让人特别的放松，管家很贴心。他家的牙具。还有拖鞋，质量都不错。洗澡的水非常的热，驱寒很好，茶杯我也很喜欢的，还有小冰箱下次有朋友来，我还要来这里,位于 网红 地方 小学 日料 小吃 价格 萝卜 环境 算是 法式 完美 是用 奶油 放松 管家 贴心 牙具 拖鞋 质量 不错 洗澡 驱寒 茶杯 喜欢 冰箱 朋友
闹中取静 出门的巷子就有茶颜很方便 离笨萝卜很近 去五一广场步行不到十分钟 很方便,出门 巷子 萝卜 步行 不到
环境非常整洁，房间很宽敞很有氛围，拍照很好看，阿姨服务态度不错，酒店很安静。,环境 整洁 房间 宽敞 氛围 拍照 好看 服务态度 不错 酒店
推荐入住这家民宿环境超级好 价格也很美丽 晚上睡觉很安静很舒适 设施：很棒卫生：干净环境：美服务：一级棒,推荐 入住 民宿 环境 价格 睡觉 舒适 设施 很棒 卫生 干净 环境
推荐长沙这家民宿，服务和床品质量都很好，环境安静性价比超高，就在黄兴广场附近，出门走一下就到了笨萝卜，别挑来长沙就住这家，真的超值的,推荐 民宿 床品 质量 环境 性价比 超高 广场 出门 萝卜 挑来 超值
房间出乎意料的好，价格也非常便宜。地段就在五一广场附近，但是很安静。走路一百米附近就有很多小吃店。超好的一次住房体验，以后来长沙还会住这里的。,房间 价格 便宜 地段 走路 小吃店 超好 住房 体验
房间的感觉让人很舒服，管家阿姨的态度也很好，民宿位置也很好，去哪都方便，而且路口就有茶颜悦色。笨萝卜也很近,房间 感觉 舒服 管家 态度 民宿 位置 萝卜
酒店位置出行超级方便，很近黄兴步行街的地铁站，走几步就有很多吃的和网红店，闹中取静，房间干净够宽敞，下次还来啊！,酒店 位置 出行 步行街 地铁站 红店 房间 干净 宽敞
环境很不错 性价比很高 服务很好 很划算 下次还会来住,环境 不错 性价比 划算
房间很干净，床睡的很软，楼下就有笨萝卜和茶颜，很方便，下次来还要住,房间 干净 很软 萝卜
房间设计的很漂亮，住着很舒服，阿姨很热情态度很好，下次来还会住这家。,房间 很漂亮 舒服 热情 态度
房间不错 卫生也搞的挺干净  环境和服务都物有所值性价比值得肯定,房间 不错 卫生 干净 环境 性价比 值得 肯定
房间很干净 装修也很漂亮 出行方便 阿姨也很热情～,房间 干净 装修 很漂亮 出行 热情
特别好！出门就是步行街，晚上很多好吃的！房间好看，干净舒服,出门 步行街 好吃 房间 好看 干净 舒服
房间很大，性价比很好，位置很好找。,房间 很大 性价比 位置 好找
很安静，卫生也很好,卫生
房间很干净很惊喜，比预想的空间还要大~很喜欢风格，床垫很软很舒适，很适合逛累了好好休息！ 民宿位置真的不错，闹中取静，又在市中心，又不会吵闹~,房间 干净 惊喜 预想 空间 喜欢 风格 床垫 很软 舒适 适合 逛累 休息 民宿 位置 不错 市中心 吵闹
房子位置处于黄兴街附近，出门右拐就是笨萝卜，在闹市中也不会有杂音吵，就是早晨小学生上学会吵到，不影响休息，房间里有投影，小桌，卫生间适合情侣使用，总体入住体检是不错的，值得再次入住,房子 位置 处于 出门 萝卜 闹市 杂音 学会 休息 房间 投影 小桌 卫生间 适合 情侣 总体 入住 体检 不错 值得 入住
民宿是独栋的，房间很大很干净，虽然在小学旁边原以为会很吵，但是还好不影响休息，位置很好，周围什么都有，步行几百米都可以到，赞赞赞！,民宿 房间 很大 干净 小学 还好 休息 位置 步行 赞赞
各方面都挺好的，特别是地理位置，非常好！ 阿姨也特别热情友爱，会主动问需要什么 就是旁边是学校，有点小小不隔音,挺好 地理位置 热情 友爱 学校 隔音
位置特别好，虽然不像高层有很好的视野，但是居住环境真的特别特别到位，出门就是步行街，好愉快的住房体验，投影房很是舒服！,位置 高层 很好 视野 居住 环境 到位 出门 步行街 愉快 住房 体验 投影 舒服
房间干净整洁，服务很好，住的很舒适，隔音效果好，休息的很好，出行很方便。住的很满意！值得推荐,房间 干净 整洁 舒适 隔音 效果 休息 很好 出行 满意 值得 推荐
房间设施设备齐全 环境好 客服小姐姐人也好 很喜欢他们家的洗护沐很香 推荐,房间 设施 环境 客服 喜欢 洗护 推荐
环境、服务，没得说。离五一广场也近，而且还安静。如果有下次还会选择这家。,环境 选择
房间大 和露台看日出很漂亮,房间 露台 日出 很漂亮
房间挺干净的,房间 干净
国庆来长沙旅游，长沙本地人朋友帮忙定了这家酒店：长沙蒲舍民宿（国金中心店）市中心，国金中心旁边独栋民宿，出门就是黄兴地铁站，在黄兴路步行街很方便，出去岳麓山橘子洲还有火车站都是地铁直达。就在网红店笨萝卜旁边，真的辣，味道的确好吃。旁边吃喝玩乐点满方便，舒适的五星级酒店同款床品，好梦连连床睡起来支撑性很好，房间颜值也高，住起来就是心情好，随便拍照很出片，舒服到不想退房……24小时私人管家服务，房间小冰箱放饮料和吃的蛮方便，换洗衣服可以给周姐洗干净、烘干,本地人 朋友 帮忙 酒店 民宿 国金 市中心 国金 中心 民宿 出门 地铁站 步行街 火车站 地铁 直达 网红店 萝卜 味道 好吃 舒适 酒店 同款 床品 支撑 房间 颜值 心情 拍照 舒服 不想 退房 小时 私人 管家 房间 冰箱 饮料 换洗 衣服 干净 烘干
设施：房间很大，很宽敞，躺在床上看投影超级奈斯.房间有个大浴缸，玩累了泡个泡泡浴很爽 服务：有求必应 环境：外面看一般，进来确实别有洞天，烧烤、露营、卡拉、泡温泉、游泳、围炉煮茶、围炉红酒都有都有…….,设施 房间 很大 宽敞 床上 投影 房间 浴缸 玩累 泡泡浴 很爽 环境 确实 烧烤 露营 围炉 煮茶 围炉 红酒
房间很舒适，很有特色的地方，外面坐上半天就很岁月静好的感觉。店员服务也很好，没有爱搭不理的样子，来长沙想住好的可以选择这边，靠近大学城，下面还有个公交站，交通很方便，停车场也有不过主要是不是旺季否则停车位会很少,房间 舒适 特色 地方 感觉 店员 不理 样子 想住 选择 靠近 大学城 公交站 交通 停车场 旺季 停车位
真的体验感太棒了 一进门就可以做围炉煮茶还有吃下午茶晚上我和朋友一起去泡了温泉 真的巨巨舒服 还有牛奶花瓣浴 泡完之后整个人特别的舒服 皮肤特别的光滑住的名宿也特别高级,体验 进门 围炉 煮茶 下午茶 朋友 舒服 牛奶 花瓣 舒服 皮肤 光滑 名宿
周末和小姐妹们出来聚会找了这一家民宿，可以围炉煮茶泡温泉而且房间的床很舒服，每个地方拍照都好看很出片，公司团建聚会可以选择在列表里面哦,姐妹 聚会 民宿 围炉 煮茶 房间 舒服 地方 拍照 好看 公司 团建 聚会 选择 列表
  是我在长沙发现的宝藏泳池民宿酒店，冬天不仅可以围炉煮茶还能泡温泉，池子非常干净，提前一小时放水。公共活动空间大，房间舒适温馨。,发现 泳池 民宿 酒店 围炉 煮茶 池子 干净 提前 小时 放水 空间 房间 舒适
以前没有住过民宿，住惯了酒店，在网上挑了半天，选了什么柠檬泳池名宿，很喜欢这个名字，来了之后，觉得很是温暖，比酒店温暖多了，有个帅小伙帮忙接行李，带我们办理入住，领我们去房间，房间整体很温馨，处处都体现了老板的用心，总之很不错,民宿 住惯 酒店 柠檬 泳池 名宿 喜欢 名字 温暖 酒店 温暖 帮忙 行李 办理 入住 房间 房间 整体 体现 老板 用心 不错
跨年我们选择了郊区，这里有私汤温泉，玫瑰牛奶浴，很舒服的过了一下午，泡完还有下午茶，酒店设施齐全安逸，早上还有管家准备的精美早餐~,选择 玫瑰 牛奶 舒服 下午茶 酒店设施 管家 精美 早餐
服务很好，柜台小姐姐很热心，周围环境也很不错，设施设备什么的都是很齐全的 还有牛奶玫瑰泡泡浴，喜欢和对象或者玩的好的朋友一起来都很不错喔,柜台 热心 不错 设施 牛奶 玫瑰 泡泡浴 喜欢 对象 朋友 不错
之前和团队团建来这里啦！这次和女朋友来住他家民宿！体验也很好餐食 卫生 环境都很好 女朋友很满意,团队 团建 女朋友 来住 民宿 体验 餐食 卫生 环境 女朋友 满意
房间环境和整个民宿环境都非常好！干净卫生！主要是娱乐项目也非常多！可以露营烧烤、唱歌、围炉煮茶、还有温泉！真的很！,房间 环境 民宿 环境 干净 卫生 项目 露营 烧烤 唱歌 围炉 煮茶
冬天到了，在长沙却意外发现了一个绝美的圣地——什么柠檬泳池民宿。简直温暖了我整个寒冬。听说什么柠檬泳池温泉是老板最近才搞好对外营业的，正好被我赶上了，简直一整个爱住。先来说说它的环境吧，一年前我就来过的地方，那个时候就感觉好美，有泳池、有民宿、有啤酒有炸鸡，还有外国人时不时会来聚会。真得非常热闹，也一直人气不减。居高不下。不过今年老板重新装修了下，搞得比之前更美了，瞬间提升了一个档次温泉的水老板都是现泡现放，而且不用担心会冷什么的，因为老板还很贴心的生起了炉子，水温也是可以自己调节的。所以泡在里面一点也不冷，真得特别舒服，下水的那一刻一整个人都会立马放松。老板还特意搞了牛奶和玫瑰花瓣，放在池子里，泡在里面真的是无比享受。泡完澡还有一些果子、糍粑、板栗什么的可以围炉煮茶，真的是一种极致的享受。对了，集美们下次来一定记得提前预约澡堂哟。设施：齐全智能 卫生：干净整洁 环境：优雅宜人 服务：热情周到,意外 发现 圣地 柠檬 泳池 民宿 温暖 听说 柠檬 泳池 老板 搞好 营业 正好 环境 地方 感觉 泳池 民宿 啤酒 炸鸡 外国人 聚会 热闹 人气 不减 老板 装修 了下 更美 提升 档次 老板 是现 泡现 不用 担心 老板 贴心 生起 炉子 水温 不冷 舒服 下水 放松 老板 牛奶 玫瑰 花瓣 放在 池子 无比 享受 完澡 果子 糍粑 板栗 围炉 煮茶 享受 记得 提前 预约 澡堂 设施 智能 卫生 干净 整洁 环境 优雅
小红书与本地宝推荐的打卡网红民宿。性价比啥的不说，但是绝对是情侣，朋友聚会，公司团建的首推民宿~夜晚可以烧烤，啥都好，有精致下午茶有早餐~下次再来玩~,推荐 打卡 网红 民宿 性价比 情侣 朋友 聚会 公司 团建 民宿 烧烤 精致 下午茶 早餐
去年来住过泳池房这次不记得了定的树屋，到民宿才发现定错了房型，管家知道后立马给我免费升级了房型，服务一如既往的好。听说私汤泡池马上建好了还会再来体验的！,泳池 记得 了定 树屋 民宿 发现 定错 房型 管家 房型 听说 私汤 泡池 建好 体验
这里环境很好，服务很用心，小姐姐很客气，东西也好吃，房间很舒服，很高级又干净整洁，温泉很舒服，玫瑰很香,环境 用心 客气 好吃 房间 舒服 干净 整洁 舒服 玫瑰
公司团建来过上次没住，觉得她们家太美了，赶紧就带上家人来了，民宿管家服务亲切，房间还配备下午茶，拍照很出片，早餐味道好，停车也免费，位置方便，妥妥的宝藏民宿,公司 团建 没住 带上 家人 民宿 管家 亲切 房间 配备 下午茶 拍照 早餐 味道 停车 位置 妥妥 民宿
有被这里惊喜到 环境超棒 超级出片 夏天有泳池 冬天有温泉 嘻嘻嘻 爱了爱了 适合爱拍照的小姐姐,惊喜 环境 超棒 出片 泳池 适合 拍照
比较差的一次，必须要写这个评价。国庆出来最后一天在长沙 房间隔音差极差在路边路上车子也多声音很吵；后面帮我换了个房间，早上洗澡看到了有史以来最大的蜘蛛，帅的他屁股疼，真的很无语，蜘蛛一点不夸张 怎么也有个十厘米 真的很吓人 本身就很怕这种爬虫。然后晚上想洗澡淋浴的水拧到最热；但是水也不热常温偏热一点点就；然后浴缸的水一直是冷水晚上热水供应很不足；早上洗澡这个水就是热的了。太差了这个卫生，太无语了 这个卫生这个设备优化一下吧 国庆本来就点都不便宜 花钱买恐怖了真的很无语这次,评价 房间 隔音 极差 车子 声音 房间 洗澡 蜘蛛 屁股 蜘蛛 夸张 吓人 爬虫 洗澡 淋浴 最热 不热 常温 浴缸 冷水 热水 洗澡 卫生 无语 卫生 便宜 恐怖
进入民宿就感觉很大，整个民宿有3栋还有一个很大的露营区域，服务很好卫生也干净。好笑的是长沙的天气变化也太大了前一天好好的穿薄外套睡一晚醒来就得穿羽绒服,民宿 感觉 很大 民宿 很大 露营 区域 卫生 干净 好笑 天气 外套 醒来 羽绒服
赶在周末带小朋友来住了一晚，他很满意玩的不亦乐乎。看到私汤泡池已经在收尾了小朋友吵着说到时候还要来泡温泉,小朋友 来住 满意 私汤 泡池 收尾 小朋友
夏天就很想来他们家体验泳池，冬天看到还有私汤温泉果断来了，室内室外都有，又舒服拍照又出片，而且还有围炉煮茶真的很惬意，管家服务也都很贴心～,想来 体验 泳池 私汤 舒服 拍照 围炉 煮茶 惬意 管家 贴心
民宿位置很好找有自己的停车场我们开车去市中心玩一会就到了。工作人员服务很好有求必应环境也很棒。民宿还养了一只小边牧也太可爱了又喜欢和人互动我和朋友了很久,民宿 位置 好找 停车场 开车 市中心 工作人员 环境 很棒 民宿 还养 可爱 喜欢 朋友
内部环境很优美，管家服务也很好，住的有私汤的，泡澡很舒服，有免费下午茶，坐在泳池边上和朋友品茶聊天很惬意，晚上夜景灯光也很不错，下次还会来入住,环境 优美 管家 泡澡 舒服 下午茶 坐在 泳池 朋友 品茶 惬意 夜景 灯光 不错 入住
到民宿第一反应是空气真的好清新哈哈哈，刚好拍到了夕阳真的美绝了～还碰到有同学聚会搞活动在那里氛围也很好我都想去参加了。有一说一民宿整体很干净，服务很棒,民宿 空气 清新 拍到 碰到 同学聚会 氛围 很好 参加 民宿 整体 干净 很棒
坏境超级好，很适合拍照，在民宿里面就可以玩一天，不想出去的那种。,坏境 适合 拍照 民宿 不想
房间质感很好，应该是长沙最优民宿了。整个环境配套都很齐全，也不会无聊，拍照也很出片。管家很热情，接送帮忙拿行李入住。,房间 质感 民宿 环境 配套 无聊 拍照 管家 热情 接送 帮忙 行李 入住
舒服 有格调 老板也好的 热情。当天还有乐队演出 赚大啦哈哈哈哈哈,舒服 格调 老板 热情 乐队 演出
很值得一去的一家民宿，环境很好,值得 民宿 环境
超赞的体验，住的还是挺好的。管家服务也都很亲切,超赞 体验 管家 亲切
很适合亲子出游的一家民宿！,适合 亲子 民宿
天气也太好了，民宿真的随便怎么拍都好看，天天天天蓝,天气 民宿 好看
房间干净整洁，是我喜欢的简约风。咖啡也好喝,房间 干净 整洁 喜欢 咖啡 好喝
民宿很好服务很好天气很好长沙很好下次还来,民宿 天气
体验很不错哦，值得期待,体验 不错 值得 期待
拍照超级出片！在收藏夹收藏了很久的民宿这次来住尊嘟很喜欢！和在大理住民宿的感觉一样啊啊啊啊啊下次还要来嘎嘎出片！柠檬是一只小狗噢也超级可爱,拍照 出片 收藏夹 收藏 民宿 喜欢 大理 民宿 感觉 出片 柠檬 可爱
服务很贴心，对人对宠物都很友好的一家民宿，很喜欢，下次还来,贴心 宠物 友好 民宿 喜欢
环境：非常好风格 设施：隔音也不错，床软乎乎的！ 服务：准备了非常精致的早餐哦！ 非常适合小姐妹一起来玩，拍照什么的，还有一个大的浴缸！嘿嘿,环境 风格 设施 隔音 不错 精致 早餐 姐妹 拍照 浴缸
非常的一次民宿入住体验，服务有求必应，入住送免费下午茶，管家还会发长沙旅游攻略，为我们在旅途上省去不少事，房间很温馨，床铺舒适，卫生也是极棒滴，很喜欢这种简约风格，下次有机会还来！,民宿 入住 体验 入住 下午茶 管家 攻略 旅途 省去 房间 床铺 舒适 卫生 喜欢 风格 机会
非常喜欢的一家民宿，来到这里感受到了真正的宁静与放松，超预期。秋天的旅途真的很舒服，抵达民宿的那刻很开心，管家提前调好的空调，进屋的温度很舒服，窗外的景色也很棒，主人还是很会选位置的，推荐推荐,喜欢 民宿 来到 感受 放松 旅途 舒服 抵达 民宿 开心 管家 提前 调好 空调 进屋 温度 舒服 景色 很棒 主人 位置 推荐 推荐
民宿是圣托里尼风格的，淡季人不多更能放松身心好好欣赏民宿的美。送的下午茶也很不错，听管家说老板现在在建泡池有点期待住了等天气再冷点再叫上朋友一起过来聚聚，长沙的美食也多大家快冲,民宿 风格 淡季 放松 身心 欣赏 民宿 下午茶 不错 管家 老板 在建 泡池 期待 天气 冷点 朋友 聚聚 美食
很舒服的酒店 设备齐全 工作人员有求必应 下次团建我也会选择这里,舒服 酒店 工作人员 团建 选择
他家民宿真的好舒服呀，而且离岳麓山很近，地理位置特别好，选了很多家民宿终于选到了他们家真的太幸运了，而且有一个特别大的泳池，关键是拍照很出片，我和姐妹来都拍了很多照片非常满意，房间设施特别齐全，而且还送牛奶，还有贴心的早饭和下午茶服务，只要入住就送真的好划算呀，感觉来这里住，省去了不少烦恼！！管家真的很好大家也来出片吧,民宿 舒服 地理位置 民宿 选到 幸运 泳池 关键 拍照 姐妹 照片 满意 房间 设施 牛奶 贴心 早饭 下午茶 入住 划算 感觉 省去 烦恼 管家
挺不错的，环境很好房间也很干净，服务不错,环境 房间 干净 不错
体验太棒了，非常值。,体验
景色很优美，服务态度好，谢谢老板热情款待。泡浴很好玩，十分高兴。景色很优美，服务态度好，谢谢老板热情款待。泡浴很好玩，十分高兴。,景色 优美 服务态度 老板 热情 款待 泡浴 好玩 景色 优美 服务态度 老板 热情 款待 泡浴 好玩
设施：满分哈哈哈，洗衣机 冰箱 还有热水壶，设施很齐全，除了厕所不是干湿分离无可挑剔 卫生：房间很干净， 环境：窗户后面有个小湖，风景赏心悦目啦 服务：服务也很好哦，而且感觉是半自助式的，适合社恐人士,设施 洗衣机 冰箱 水壶 设施 厕所 干湿 分离 卫生 房间 干净 环境 窗户 风景 感觉 适合 社恐 人士
首先，我是有升房权益的，按道理应该给一个环境设施较好的，再怎么样也应该是一个高大而不应该给我一个标间，其次，这个房间环境真的很差，进门就给人一种很的旅馆的感觉，床上也湿漉漉的，睡的很不舒服，另外，管家的服务真的很差，还没入住就说不要给差评，但是这种不给差评真的很难，这种酒店，大家谨慎入住，真实评价没有任何水分,有升 权益 道理 环境 设施 较好 高大 标间 房间 环境 进门 旅馆 感觉 床上 舒服 管家 入住 差评 差评 酒店 谨慎 入住 评价 水分
环境不是一般的好，设施也十分齐全，特别喜欢，经常在这里住旁边有一条小吃街交通也特别便利点赞，服务也特别好,环境 设施 喜欢 小吃街 交通 便利
房间有洗衣机 投影仪都可使用 卫生很干净 晚上也安静 100+的价格非常值得 前台的小姐姐态度很好 回复消息及时 性价比高 强烈推荐,房间 洗衣机 投影仪 卫生 干净 价格 值得 前台 态度 回复 消息 性价比
体验感有不错环境也好、下次还住,体验 感有 不错 环境
非常满意 环境：非常好,满意 环境
赠送免费停车券一张:条件好，非常方便,赠送 停车 条件
朋友推荐的，很满意，下次去长沙还住这家,朋友 推荐 满意
住的挺温馨的，环境很好，每次都住此家民宿,环境 民宿
设施环境服务都非常好,设施 环境
房间与图片基本一致,房间 图片
非常不错呢,不错
优点:是新开张的公寓酒店，外部环境不错，房间也干净整洁，还用权益免费升房，房间里面二居室，一张大床一张小床，适合一家人居住，房间有洗衣机，冰箱，投影，难得的是投影有会员可以免费看好多电影。 缺点:淋浴间没有帘子，和洗漱间没有干湿分离。,优点 开张 公寓 酒店 外部环境 不错 房间 干净 整洁 权益 升房 房间 大床 适合 一家人 居住 房间 洗衣机 冰箱 投影 投影 会员 看好 电影 缺点 淋浴间 帘子 洗漱间 干湿 分离
卫生好，服务好，环境好，很值得去哦 设施：设施完善，应有尽有，真的很好，环境也很高级 服务：前台小姐姐人非常好，很温柔，很细心，很体贴，保安大叔也很好哦，安保系统很完善,卫生 环境 值得 设施 设施 完善 环境 前台 温柔 细心 体贴 大叔 系统 完善
光线很好，很明亮的感觉，然后有冰箱，如果买点东西冰镇可以待一整天。飘窗也非常不错。美中不足的就是地漏有些瑕疵，下水有些慢。总的来说还是很不错的。,光线 明亮 感觉 冰箱 买点 冰镇 不错 地漏 瑕疵 下水 不错
很棒哦这个酒店，夜景也很好看，老板人也很好，卫生也很好，离开的时候还看到打扫阿姨来打扫了，住的很舒服,很棒 酒店 夜景 好看 老板 卫生 离开 打扫 打扫 舒服
挺干净的，很喜欢 设施：很好 卫生：很好 环境：很好 服务：很好 赠送免费停车券一张:好 真的很好,干净 喜欢 设施 卫生 环境 赠送 停车
酒店内干净整洁漂亮，还有冰箱，投影仪的电影也很全，观感体验好，整体来说不错,酒店 干净 整洁 漂亮 冰箱 投影仪 电影 观感 体验 整体 不错
还算可以酒店比较新，服务员态度不不错。就是房间空间不算大出差的基本算性价比高的重点比较干净,酒店 服务员 态度 不错 房间 空间 不算 出差 性价比 重点 干净
设施：很好 很赞 卫生：很干净 阿姨打扫的很到位 服务：非常贴心 环境：安静舒适,设施 卫生 干净 打扫 到位 贴心 环境 舒适
停车方便，入住很快，房间也很舒适、干净，价格不贵，入住首选，不错。,停车 入住 房间 舒适 干净 价格 入住 首选 不错
房间很干净很大很正经 都很好,房间 干净 很大
设施：齐全 卫生：干净 环境：整洁 服务：很好。 郑州来长沙旅游的，体验感真的不错,设施 卫生 干净 环境 整洁 体验 不错
环境设施挺好的，但是洗漱拖鞋质量不好，好大的味道，建议更换一下。,环境 设施 洗漱 拖鞋 质量 味道 建议 更换
环境好，设备齐全，房间卫生特别干净，服务周到，前台小姐姐也很好,环境 房间 卫生 干净 前台
我觉得住的挺好的 双人床很宽敞 房间也很干净 服务更好 住的很舒服,挺好 宽敞 房间 干净 舒服
卫生：干净舒适，没有异味 环境：四楼靠近马路边上还是有点噪音的,卫生 干净 舒适 异味 环境 靠近 噪音
住店体验很棒，已经第二次入住了，房间干净整洁，前台服务热情。,住店 体验 很棒 入住 房间 干净 整洁 前台 热情
每次过来长沙首选的地方！小姐姐人很好，环境优美，卫生,首选 地方 环境优美 卫生
很好，前台小姐姐很热情，设施也很好，很温馨～,前台 热情 设施
房间很棒，前台态度很好 环境：五星 卫生：五星,房间 很棒 前台 态度 环境 卫生
服务：老板人很好 卫生：房间非常干净，也很新，下次再来住,老板 卫生 房间 干净
房型非常不错 然后卫生也干净 地理位置离地铁站也近,房型 不错 卫生 干净 地理位置 地铁站
管家服务态度好 民宿卫生干净 靠山空气清新,管家 服务态度 民宿 卫生 干净 靠山
设施：完善 卫生：干净 环境：舒适 服务：非常好,设施 完善 卫生 干净 环境 舒适
真的很好！房间很简约很干净 外面风景也很好,房间 干净 风景
卫生好 环境也很不错 前台小姐姐很热情 下次还定这,卫生 环境 不错 前台 热情 还定
设施：齐全卫生：干净环境：好服务好,设施 卫生 干净 环境
设施：好 卫生：好 环境：好 服务：好,设施 卫生 环境
卫生：好 环境：好 服务：好 设施：齐全,卫生 环境 设施
刚住的还可以，住了怎么长时间，越住越差劲,差劲
环境：很好!空间很大卫生：干净,环境 空间 很大 卫生 干净
住过很多次了 房间很好 服务也很好,房间
非常方便，房间也舒适，和旁边的五星级一样,房间 舒适
老顾客了，房间干净整洁，交通也十分便利,房间 干净 整洁 交通 便利
环境不错，卫生干净，设施都比较齐全！,环境 不错 卫生 干净 设施
干净卫生，房间也挺大的，下次还来,干净 卫生 房间 挺大
还可以就是卫生间的水流的有点慢 很难干,卫生间 水流
住很多次了，离学校很近。环境也很好,学校 环境
房间干净卫生，设施很新，环境很好,房间 干净 卫生 设施 环境
性价比挺高的，来读书住还不错,性价比 读书 不错
房子是新的，户型有点小，总体一般,房子 户型 总体
非常喜欢 开心的住宿体验,喜欢 开心 住宿 体验
房间很干净整洁，设备也很齐全,房间 干净 整洁
大气上档次 真的不错 价格合理,大气 不错 价格合理
这个民宿很好，我的家人很满意。,民宿 家人 满意
房间挺好的，卫生也很好。,房间 卫生
环境非常的好，特别满意,环境 满意
居住体验挺好的，老板热情,居住 体验 老板 热情
浴室无干湿分离，其他的都挺好,浴室 干湿 分离
房间干净，服务态度较好。,房间 干净 服务态度
性价比高，挺卫生，挺宽敞,性价比 卫生 宽敞
很好很好，太高性价比了,很好
前台小姐姐超级有耐心滴！,前台 耐心
服务非常好，性价比高。,性价比
周边环境好，空间大，干净,空间 干净
设施很好，服务也很好,设施
住了很多次了，满意,满意
环境及卫生都很不错,环境 卫生 不错
很不错 环境很好,不错 环境
整体环境好，安静！,整体 环境
环境很好非常满意,环境 满意
环境和服务都非常棒,环境
环境很好，特别安静,环境
设备很新，环境很好,环境
挺好的卫生,卫生
位置环境都很好,位置 环境
高性价比的选择,选择
住好几次了不错,不错
新的民宿，还不错,民宿 不错
五星好评服务好,好评
服务好 卫生好,卫生
很满意的一次入住,满意 入住
可以的，推荐入住,推荐 入住
性价比挺高的,性价比
很喜欢 很安静,喜欢
喜欢 很舒服,喜欢 舒服
不错，值得信赖,不错 值得 信赖
很干净 很舒服,干净 舒服
很好房间大,房间
居住体验好,居住 体验
很不错,不错
环境非常好,环境
非常满意！,满意
房间干净整洁,房间 干净 整洁
不错的，干净,不错 干净
性价比高。,性价比
总体满意的,总体 满意
房间特别好,房间
别太美了别太美了我说！再这么美真生气了！房间里有抽湿机和电热毯，暖和暖和！早上去露台看日出，晚上去露台看江对面的灯光秀，看完还能去一楼酒吧喝酒 各种酒都很全，还能送到房间，简直就是行政酒廊。都给我订！我看谁不订！！！！ 设施：抽湿机，电热毯，电视（有会员），浴缸，空调，化妆镜。情侣闺蜜出游必选,生气 房间 电热毯 暖和 暖和 露台 日出 露台 对面 灯光 看完 一楼 酒吧 喝酒 送到 房间 行政 酒廊 不订 设施 电热毯 电视 会员 浴缸 空调 化妆镜 情侣 闺蜜 必选
今年第二次来长沙挑三拣四选了这家民宿给明智有眼光的自己点无数个 干净卫生达标 位置方便达标 橘子洲头一个地铁站 购物饮食也是很方便的 前台小姐姐推荐的嗦粉点更是爱了爱了 已经跟准备开的小伙伴无限安利期待下次再见,民宿 眼光 干净 卫生 达标 位置 达标 地铁站 购物 饮食 前台 推荐 小伙伴 无限 期待 再见
老板服务非常热情，这种楼下又有咖啡厅又有酒吧的民宿真的住着太舒服了~跨年的时候还放了,老板 热情 咖啡厅 酒吧 民宿 舒服
服务挺好，免费停车，前台小姐姐长得很漂亮，估计是几个合伙人。一楼是个不错的酒吧和咖啡厅，适合约会。房间硬件一般，相对价位来说性价比一般，如果便宜几百应该就很不错了。,停车 前台 很漂亮 估计 合伙人 一楼 不错 酒吧 咖啡厅 适合 约会 房间 硬件 价位 性价比 便宜 不错
非常棒的民宿，没有照骗。 有前后小院，顶楼是公共区域很适合聚会。 就是酒店外面马路在施工有点吵，等路改造结束应该就没啥缺点了吧,民宿 照骗 小院 顶楼 区域 适合 聚会 酒店 马路 改造 结束 缺点
服务态度很好，出行方便，服务员小姐姐帮忙领行李到楼上，环境好，有天台可看江景，下次来还住这里，非常棒,服务态度 出行 服务员 帮忙 行李 环境 天台 江景
房间干净整洁 体验感很好,房间 干净 整洁 体验
远离城区的喧嚣，白天和晚上是两幅不同的风景,远离 城区 喧嚣 风景
店主很热情很友好，还亲手制作赠送咖啡，入住很愉快！整体风格很艺术范，房间干净整洁，一楼是店家开的咖啡厅和酒吧，喜欢的朋友不用远走下楼即是，很方便。地理位置也不错，紧靠湘江边，离岳麓山也很近。,店主 热情 友好 赠送 咖啡 入住 愉快 整体 风格 艺术 房间 干净 整洁 一楼 店家 咖啡厅 酒吧 喜欢 朋友 不用 远走 下楼 地理位置 不错 紧靠
体验感很好诶！！！下次还会来,体验
管家们服务很好很到位，夜丘门口的金桂花很香，门口可以停车也方便,管家 到位 夜丘 停车
很小很小没有电梯。不值得八百吧。,很小 很小 电梯 值得
房间卫生很干净，前台姐姐很热情，也给了很好我出游建议，连很贴心的给了我地铁站到民宿的视频。好喜欢一楼酒吧和咖啡室的气氛，也可以上5楼的画室清静得享受一下，6楼大阳台可以观看到灯光秀哦。,房间 卫生 干净 前台 姐姐 热情 很好 建议 贴心 地铁站 民宿 视频 喜欢 一楼 酒吧 咖啡室 气氛 画室 清静 享受 阳台 观看 灯光
很不错，位置好服务好,不错 位置
干净，服务周到,干净
房间非常好！,房间
位置便利，靠近许多大学和餐馆。顶楼还有一个艺术画廊,位置 便利 靠近 大学 餐馆 顶楼 艺术 画廊
老板娘十分热情 ，环境干净， 距离岳麓山近,老板娘 热情 环境 干净 距离
和照片一样 服务很好,照片
首先 老板真的很！从前期入住开始内容发的都很详细，到了长沙之后问老板好吃的店推荐的也都很好吃～回复也都很及时 其次，房间硬件设施很不错，看得出老板很用心在经营，用的物品也都挺好的，对于一些细节把控也很到位，像水杯跟毛巾都是放在消毒柜里自行取用的，每天也有打扫人员前来帮忙打扫卫生，整体环境空间都很舒服。 周边出行也很方便，不管是从南塔出去还是北塔出行，南塔出去就是坡子街，每次想吃的店一找就发现在自己面前，北塔出去是太平街，如果喜欢夜晚出行的话也很热闹，解放西，文和友都在附近，再往前就是江边。如果来旅行的话，这个位置真的是非常方便了！ 推荐推荐～,老板 入住 内容 详细 老板 好吃 推荐 好吃 回复 房间 硬件 设施 不错 看得出 老板 用心 物品 挺好 细节 到位 水杯 放在 消毒柜 取用 打扫 人员 帮忙 整体 环境 空间 舒服 出行 是从 出行 坡子 发现 喜欢 出行 热闹 解放 文和友 位置 推荐 推荐
千挑万选的民宿，确实没令我们失望，地段非常好 很适合带￼家人一起入住。 太平老街、解放西路、坡子街美食街、文和友、￼杜甫江阁、国金中心￼都在附近，很方便 管家￼服务也很到位，遇到问题马上给解决 下次￼来长沙还是会选择这里￼,民宿 确实 没令 失望 地段 适合 家人 入住 老街 解放 坡子 文和友 国金 中心 管家 到位 解决 选择
酒店的地理位置真的是非常的棒，出门就是黄兴街，文和友，离地铁站也很近。我订的是三室一厅的江景房，真的是江景房，是我很喜欢的，在客厅欣赏风景很是惬意，我们三家人家入住非常舒服，这样的体验也非常的好，总之是非常的满意，老板也很耐心很热心，推荐吃的玩的地方，谢谢。就是提个小小的意见：床头柜最好放置两个，这样两个人的手机充电都方便，床头柜最好也不要是那种镂空的，否则首饰戒指拿下来就没法放容易掉下去。别的真的都很满意，卫生间也非常干净，总之这个价格非常值得，强烈推荐大家入住，之前我来长沙住的是洲际酒店，虽然也很好，但地理位置不是很方便，所以如果再次来的话我还是会选择这家，对于我这种对住很挑剔的人能觉得满意的话大家也不妨试试哦（图片从客厅拍出去的江景实图）,酒店 地理位置 出门 文和友 地铁站 江景 江景 喜欢 客厅 欣赏 风景 惬意 入住 舒服 体验 满意 老板 耐心 热心 推荐 地方 意见 床头柜 放置 手机 充电 床头柜 首饰 戒指 没法 掉下去 满意 卫生间 干净 价格 值得 入住 酒店 地理位置 选择 挑剔 人能 满意 图片 客厅 拍出去 江景 实图
房间在江边新公寓楼，楼下就坡子街、太平老街，离地铁站近。卫生间都是洁具智能马桶，配置很好。每天有阿姨打扫，干净整洁也很安静，住着很舒服。非常推荐！,房间 公寓楼 坡子 老街 地铁站 卫生间 洁具 智能 马桶 配置 打扫 干净 整洁 舒服 推荐
地理位置优越，江景好美，去景点和吃美食都非常方便，房东和管家有问必答，介绍的美食都十分美味。一次非常好的住宿体现，下次来长沙首选住店,地理位置 优越 江景 景点 美食 房东 管家 介绍 美食 住宿 体现 首选 住店
房间很温馨，老板也很贴心，火车上就给我们办理好了入住，特别方便，环境也很好，地段也好，去五一广场太平老街坡子街都是步行就能到了，下次来还会选择这里,房间 老板 贴心 火车 办理 入住 环境 地段 老街 坡子 步行 选择
地段优越，离坡子街和文和友只几分钟。设计有特色，能同时享有江景，，酒店，帐篷，家的感觉，歌唱到嗨，淋浴水很大比许多民宿都好，重要的还有新啊。总之很满意，下次可以住其他房型。真是当家了，图片就凑合着看吧。,地段 优越 离坡子 和友 特色 享有 江景 酒店 帐篷 感觉 歌唱 淋浴 很大 民宿 满意 房型 当家 图片 凑合着 看吧
整洁温馨，地点没得说，客服也非常贴心，只是要加几瓶水，第二天送了水果和一提水。好评！,整洁 地点 客服 贴心 要加 水果 提水 好评
酒店位置非常便利，下楼就是好吃的嗦粉店和繁华的商业街，很方便。房间也很整洁舒适，光线充足，还能看到湘江。,酒店 位置 便利 下楼 好吃 粉店 繁华 商业街 房间 整洁 舒适 光线 充足
真的想给大家推荐这家民宿，特别是第一次去长沙的朋友～位置绝佳，楼下就是网红公交新村米粉！我们四个女生，两张大床，床垫特别舒服，房间很干净，洗护也都不错～卫生间还有洗衣机，开放式厨房还有电磁炉，主打就一个贴心～ 另外还要特别感谢酒店的小妹妹，超级耐心，超级贴心～很有亲和力！半夜打扰也是尽心帮忙！周五去周末回，短暂的行程因为这家民宿更加圆满！五星好评！五星推荐！,推荐 民宿 朋友 位置 网红 公交 女生 大床 床垫 舒服 房间 干净 洗护 不错 卫生间 洗衣机 厨房 电磁炉 主打 贴心 酒店 耐心 贴心 亲和力 打扰 帮忙 短暂 行程 民宿 圆满 好评 推荐
很好的酒店，下次有机会一定还来这里， 卫生每天有阿姨来打扫，房间里的设备一应俱全，包括医药箱都准备齐全,很好 酒店 机会 卫生 打扫 房间 包括 医药箱
房间非常舒服，有智能马桶和浴缸，配了一次性浴缸套马桶套，房间每天有阿姨打扫很干净。下次再来住隔壁复古风房间，路过看起来很不错，哈哈。推荐推荐！,房间 舒服 智能 马桶 浴缸 浴缸 马桶 房间 打扫 干净 房间 路过 不错 推荐 推荐
很好的民宿，配备的用品是住过的民宿最好的之一，值得推荐。下次来长沙还要入住这里，附近超方便，地理位置很好～五一广场、国金、黄兴步行街、坡子街…,很好 民宿 配备 用品 民宿 值得 推荐 入住 地理位置 国金 步行街 坡子
房间非常干净舒适，位置很好，楼层高，可以直接看到橘子洲，距离市中心也近，下楼几分钟就到文和友了。 房间设施齐全，生活便利，装修风格也很棒，房东非常热心，回复很耐心。非常推荐入住。,房间 干净 舒适 位置 楼层 距离 市中心 下楼 文和友 房间 设施 便利 装修 风格 很棒 房东 回复 耐心 推荐 入住
房间视野很好 卫生也很干净 住的很舒服,房间 视野 卫生 干净 舒服
入住酒店真的是从开门那一刻就惊喜一重加一重，全景落地玻璃，湘江一览无余，浴缸旁边也是落地玻璃，边泡澡边欣赏美景你敢想，总之房间美景连北辰洲际这种在他面前也都是弟弟，房间的装修，床品，细节，这老板的审美真是深得我心，就是不知道为什么他们放在携程上的图片比实际差这么多，老板需要好好学习一下拍照技术了,入住 酒店 是从 开门 惊喜 全景 落地 玻璃 浴缸 落地 玻璃 泡澡 欣赏 美景 房间 美景 弟弟 房间 装修 床品 细节 老板 放在 携程 图片 老板 好好学习 拍照 技术
经常出差，酒店我就两个要求，一个安静，隔音好，一个遮光，最好是全遮光窗帘。结果很遗憾，这次入住两个都踩雷了……晚上几乎一夜外面都很吵，路边闹市区人多，楼内可能比较乱，还有年轻人开派对。几乎折腾到凌晨四五点……刚要睡，天亮了，老板选择的的是木质的百叶窗纱帘……遮光效果很差，就这样，几乎一夜没睡早上七点多我就走了……,出差 酒店 隔音 遮光 遮光 窗帘 遗憾 入住 踩雷 闹市区 年轻人 派对 折腾 老板 选择 木质 百叶窗 纱帘 遮光 效果 没睡
位置好，卫生好，有格调，视野也不错 设备和配套在民宿里算下功夫的，家里的设施也很好，不廉价，比同类酒店能打 过来玩住这里很方便附近想吃想逛的都不会太远 对面还有大房间，和朋友家人在来住这里可太合适了,位置 卫生 格调 视野 不错 配套 民宿 下功夫 设施 廉价 同类 酒店 玩住 想逛 对面 房间 朋友家 来住 合适
事实证明选择没错，地段黄金位置，出行极其方便，住宿环境对于比较挑剔的我也是给赞了，洗漱用品都是品牌的，包括纸巾也是品牌的，送的水果也是很新鲜，有什么要求和管家联系后及时到位！总之体验感很好！会建议朋友选择这家！,选择 没错 地段 黄金 位置 出行 住宿 环境 挑剔 给赞 洗漱 用品 品牌 包括 纸巾 品牌 水果 管家 到位 体验 建议 朋友 选择
真的特别棒的民宿 一家人去住也不会拥挤 住的是三室一厅两卫 设施齐全跟在家里一样 洗衣机水吧小冰箱都有满足日常所需 卫生清理也很及时~超级棒,民宿 一家人 拥挤 设施 洗衣机 水吧 冰箱 卫生 清理
不错的住宿体验，两家人住着很好，地理位置也不错，店主很热情，有机会还会去，对了，送的水果也好好吃,不错 住宿 体验 很好 地理位置 不错 店主 热情 机会 水果 好吃
非常满意！房间非常干净 装修很温馨～ 很适合一家人出游、闺蜜出游。 房东人也非常非常好，回复都非常及时。如果再来，还会选择云隐。,满意 房间 干净 装修 适合 一家人 闺蜜 房东 回复 选择
房间很温馨，设施齐全，房东人特别好，问能不能多给点水直接给了一提水，申请延后退房也没收我们钱，很满意！！！！,房间 设施 房东 问能 提水 申请 后退 没收 满意
酒店位于市中心，出入方便，周边都是各种网红打卡点。房间布置温馨，各种设施便利，店主也非常热情，值得推荐。,酒店 位于 市中心 出入 网红 打卡 房间 布置 设施 便利 店主 热情 值得 推荐
位置很便利，无接触入住也很方便，干净卫生，4居室适合几个好友聊天、休闲，很推荐,位置 便利 接触 入住 干净 卫生 居室 适合 好友 休闲 推荐
房间很好，在市中心闹市区，出行消费很方便。有机会再续,房间 市中心 闹市区 出行 机会
位置好，房间很安静，过马路就是老街，吃的很多，旁边有商场,位置 房间 马路 老街 商场
地段位置还好，但房间连个衣柜都没有，很不方便。,地段 位置 还好 房间 衣柜
无接触入住，自我感觉不错，下次还会再来,接触 入住 不错
大早上吵的要死，装修的咚咚咚的，没法睡就是,要死 装修 没法
跟朋友一起住，麻将房，房间大。,朋友 麻将 房间
很不错，干净整洁，床很舒服。,不错 干净 整洁 舒服
愉快的入住体验，服务也周到,愉快 入住 体验 周到
服务特别周到，卫生环境很好,周到 卫生 环境
服务好卫生干净,卫生 干净
满意很好，房间搭,满意 房间
很好方便舒适,舒适
房主很贴心,房主 贴心
房间很干净喔欧，服务很好，大家一致认可超好睡的床，下次来肯定首选，还有无与伦比好的交通地点，去那走路都方便，对面就有公交新村的米粉...,房间 干净 认可 超好 肯定 首选 交通 地点 走路 对面 公交
没有浴袍，不方便，不能说用的人少就不配备，总有人需要，而且这个不应该是酒店都有的吗.,浴袍 说用 配备 酒店
本来只想住一个晚上的，因为很舒适，退掉一些事情又住了一晚。 整个房间的风格是我这种焦虑的人一进去就心静的风格，进去房间有舒适的味道，我看了下，用的观夏，很小众吧，用心了… 背靠山，满眼树木，榻榻米可以靠山喝茶； 前庭有花，有围炉，让人觉得温暖； 餐厅也是满眼的绿色，心情舒畅… 另外，我喜欢房间选的书，鲁迅的故乡，祝福，我与地坛，月亮和六便士，反脆弱…两天下来，我看到了好几本我喜欢的书，我觉得民宿的老板和团队有一颗很心静的心吧。 周边环境一般，但这家民宿独处得很好，隔音各种都不错，所以周围环境可以忽略。,想住 舒适 退掉 事情 房间 风格 焦虑 心静 风格 房间 舒适 味道 观夏 很小 用心 背靠 树木 榻榻米 靠山 喝茶 前庭 围炉 温暖 餐厅 绿色 喜欢 房间 故乡 地坛 月亮 脆弱 喜欢 民宿 老板 团队 心静 民宿 隔音 不错
喜欢这种风格特意找到了这里，连住了2天，清新的风格很喜欢，拍照很出片，房间卫生也很干净，服务态度特别好，老板人超级！长沙降温这几天都会提醒我们，就是行程太赶了，要不然还会住几天。推荐！强烈推荐！！,喜欢 风格 找到 连住 清新 风格 喜欢 拍照 房间 卫生 干净 服务态度 老板 降温 提醒 行程 推荐
装修风格很喜欢，各种绿植都打理的很好看的出来很用心，卫生干净，周边交通出行方便。服务很好，提前把房间暖气打开，超级温暖一整晚都睡的很安稳，还烤了柴火喝了围炉煮茶太喜欢这种氛围了！下次还会再来玩的！,装修 风格 喜欢 打理 好看 用心 卫生 干净 交通 出行 提前 房间 暖气 打开 温暖 安稳 柴火 围炉 煮茶 喜欢 氛围
环境很好很干净，活动空间很大图书馆拍照非常出片，早餐丰富好吃，赠送的围炉煮茶冬天喝很有感觉，服务很到位，很热情，房间投影看电影很有私人影院的效果，还可以泡牛奶玫瑰花瓣浴，推荐推荐，下次还来玩哈哈哈！,环境 干净 空间 很大 图书馆 拍照 出片 早餐 好吃 赠送 围炉 煮茶 感觉 到位 热情 房间 投影 电影 私人 影院 效果 牛奶 玫瑰 花瓣 推荐 推荐
和朋友一起去跨年，氛围太好了，度过了一个非常美好的假期，早饭也好好吃，还看了烟花，老板还有一只可爱的狗狗，被我们狂摸哈哈哈哈，喜欢喜欢，下次还来,朋友 氛围 度过 美好 早饭 好吃 烟花 老板 可爱 狗狗 喜欢 喜欢
没有失望，很舒服的一家民宿，白天在院子喝喝茶晒晒太阳都不想出去玩了，小姐姐的服务也是非常好，卫生真的很干净！这点还蛮惊喜的，装修并没有富丽堂皇，简约的风格，但是给人很舒适温暖的感觉，已经推荐给朋友了。,失望 舒服 民宿 院子 喝茶 晒太阳 不想 出去玩 卫生 干净 惊喜 装修 风格 舒适 温暖 感觉 推荐 朋友
房间特别好！阳光晒的很舒适，空调效果也很给力真的好温暖，而且可以直接从窗户看到院子、日落，早餐丰盛好吃，天气寒冷刚好赠送了围炉煮茶，服务又周到，下次还来！,房间 舒适 空调 效果 温暖 窗户 院子 日落 早餐 丰盛 好吃 天气 寒冷 赠送 围炉 煮茶 周到
太喜欢长沙了，每天三顿饭吃不过来长沙的美食！这次带狗狗选择的民宿也很惊喜，完全运气爆棚！院子里进门种满鲜花，还有游泳池，让人很有度假感觉，内部风格简约大气，太适合年轻人了！恰巧碰到对面邻居给女友过生日，装饰的好美！,喜欢 美食 狗狗 选择 民宿 惊喜 运气 爆棚 院子 进门 游泳池 度假 感觉 风格 大气 适合 年轻人 碰到 对面 邻居 女友 装饰
第二次来住了，上次是夏天来的，没想到冬天的院子植物也长得那么好，还有赠送的围炉煮茶，这次住的一楼，房间一如既往的干净，以后来长沙锁死直木山集了哈哈哈！,来住 院子 植物 赠送 围炉 煮茶 一楼 房间 干净 锁死
工作人员真的非常热情，整个入住过程愉快且放心，一路带领我们走进房间，房间布局很是简约清新，各类设施齐全，卫生细致，服务很好有问必答，非常满意的一次入住体验，推荐！！！,工作人员 热情 入住 过程 愉快 放心 带领 走进 房间 房间 布局 清新 设施 卫生 细致 满意 入住 体验 推荐
很幸运这几天长沙天气很好，在市中心玩了一天回来喝喝茶简直不要太放松！民宿的花花草草都养的很好，看得出来很用心，房间也很干净，管家小姐姐还会帮忙拍照片，体验感绝绝子！,幸运 天气 市中心 回来 喝茶 放松 民宿 花花草草 很好 看得出来 用心 房间 干净 管家 帮忙 拍照片 体验 感绝 绝子
很干净的民宿，院子的花草养的特别好，看得出很用心，早餐阿姨的米饭也非常好吃，小孩都吃了满满一碗，整体住的非常舒服，已经推荐给朋友了,干净 民宿 院子 花草 看得出 用心 早餐 米饭 好吃 小孩 满满 整体 舒服 推荐 朋友
环境很棒！有泳池有书屋可围炉早餐也很丰盛！服务人员也很好，周边吃饭也很方便！亲子出行是不错的选择！下次还会再来！,环境 很棒 泳池 书屋 围炉 早餐 丰盛 人员 吃饭 亲子 出行 不错 选择
环境很好，房间很不错干净舒适，投影仪超大看电影效果超级棒，拍照很出片，还有赠送的围炉煮茶，一整天呆在民宿都不会腻！,环境 房间 不错 干净 舒适 投影仪 超大 电影 效果 拍照 赠送 围炉 煮茶 民宿
住了两晚，体验感很好，房间干净，提供了围炉煮茶，阿姨的早餐也很好吃，很适合休闲放松，下次到长沙还会来,体验 房间 干净 提供 围炉 煮茶 早餐 好吃 适合 休闲 放松
住着很舒坦、管家也贴心、周边餐馆好吃的也不错 还可以带狗狗是个不错的选择、傍晚围在火炉旁三五好友喝着茶～美滋滋,舒坦 管家 贴心 餐馆 好吃 不错 狗狗 不错 选择 火炉 好友
十分干净、舒适的一家民宿，小姐姐服务也很好，寒日的中午里围炉煮茶十分惬意。,干净 舒适 民宿 围炉 煮茶 惬意
阴雨天也很有氛围感，很辛运碰到老板娘烤面包，体验了不一样的快乐，民宿卫生细节做的不错，工作人员都很热情，非常不错的一次入住体验！,氛围 很辛 碰到 老板娘 烤面包 体验 快乐 民宿 卫生 细节 不错 工作人员 热情 不错 入住 体验
第二次来了，真的很有氛围感，和闺蜜一起来也好开心，谢谢提供的围炉煮茶真的让人很放松，一定会经常再来,氛围 闺蜜 开心 提供 围炉 煮茶 放松
很有设计感的一家民宿，小姐姐也很热情，还赠送了围炉煮茶，在院子喝喝茶烤烤火很放松，下次带爸妈在过来玩,民宿 热情 赠送 围炉 煮茶 院子 喝茶 烤火 放松 爸妈
环境很不错！刚好赶上老板娘在烤面包，体验了下窑烤面包的乐趣，院子很安静，让人惊喜的是卫生特别好，从一进大门到房间，每个地方都干干净净的，下次一定再来！！,环境 不错 老板娘 烤面包 体验 了下 烤面包 乐趣 院子 惊喜 卫生 大门 房间 地方
锁死！锁死！锁死！来长沙锁死这家名宿，太爱了！进门就给人一种十分惬意的感觉，可以让人丢掉所有的疲惫和烦恼。房间风格也很清新淡雅，设施齐全，管家小姐姐很贴心，温柔的很。五颗星！十分推荐！,锁死 锁死 锁死 锁死 名宿 进门 惬意 感觉 丢掉 疲惫 烦恼 房间 风格 清新 设施 管家 贴心 温柔 推荐
太喜欢他们家的图书馆了！很漂亮，房间也是简约风的设计，给人感觉很舒服，卫生也挑不出毛病，算是长沙之旅住的最满意的一家民宿了！,喜欢 图书馆 很漂亮 房间 感觉 舒服 卫生 挑不出 毛病 算是 旅住 满意 民宿
很干净的民宿，在院子喝喝茶聊聊天简直太放松了，服务也挺好的，喜欢他们家的风格，简约舒适。下次再带爸妈来玩,干净 民宿 院子 喝茶 放松 挺好 喜欢 风格 舒适 爸妈
非常惬意，在院子烤火喝茶，很放松，特别说一下管家的服务真的不错！,惬意 院子 烤火 喝茶 放松 管家 不错
这里超级棒，所有的人都很好。在这里的三天两夜很开心,开心
超级好，什么都好，好喜欢，已经推荐给亲戚朋友了……棒棒的,喜欢 推荐 亲戚朋友 棒棒
房间很干净，拍照真的很出片，太美了，下次来长沙一定还来！！！！工作人员也特别热情！,房间 干净 拍照 太美 工作人员 热情
真的强推！在市中心玩了一天，晚上回来民宿感觉太安逸了！喝喝茶聊聊天，缓解一天的疲劳，下次有机会再来玩，美女小管家的服务也特别好！,市中心 回来 民宿 感觉 喝茶 缓解 疲劳 机会 美女 管家
民宿非常干净，比很多星级酒店做的还要到位。老板和员工都很热情。体验非常好，猫儿子们非常喜欢会推荐给朋友们！,民宿 干净 星级 酒店 到位 老板 员工 热情 体验 儿子 喜欢 推荐 朋友
很有设计感得一家民宿，小管家们的服务特别好，爸妈这次住的特别开心，很安静惬意！推荐！,感得 民宿 管家 爸妈 开心 惬意 推荐
很喜欢这种风格，非常放松！酒店住多了，偶尔住一次民宿真的惬意，工作人员也特别亲切，满意,喜欢 风格 放松 酒店 民宿 惬意 工作人员 亲切 满意
感觉很温馨的民宿。,感觉 民宿
服务超好，会提前联系，推荐附近的餐厅旅游攻略，房间干净整洁，风景宜人，早餐也很美味,超好 提前 推荐 餐厅 攻略 房间 干净 整洁 风景 早餐
离岳麓区距离真的很近，出行方便，附近餐厅也很多 环境优美，很多鲜花绿植 设施很全，装修简约高雅，投影影院式体验，暖气效果很好 白色床品，整体卫生干净清爽 服务热情，有求必应,距离 出行 餐厅 环境优美 鲜花 设施 装修 投影 影院 体验 暖气 效果 白色 床品 整体 卫生 干净 清爽 热情
超级棒 设计感很好 老板用心 加油！,老板 用心 加油
院子真的很舒服，晒晒太阳喝喝茶太惬意了，管家小姐姐也很热情，总体住的很舒服的，下次还来,院子 舒服 晒太阳 喝茶 惬意 管家 热情 总体 舒服
住的超舒服，满院子都是桂花香味，特别好闻，房间还准备了零食和水果，满分！,舒服 院子 香味 好闻 房间 零食 水果
拍照出片，真的绝绝子！光影真的好美啊，而且还体验了烤面包，好吃！,拍照 出片 光影 体验 烤面包 好吃
环境很好 舒适度100分 下午在院子喝喝茶惬意的很,环境 舒适度 院子 喝茶 惬意
很有设计感的一家民宿，一切都恰到好处，清爽干净，入住感挺好的,民宿 清爽 干净 入住
环境优美，房间设备齐全，下次聚会来烧烤，小管家很热情，点赞,环境优美 房间 聚会 烧烤 管家 热情
设施：很齐全。卫生：干净整洁，清洁及时环境：漂亮有特色，是住过最舒服的民宿，绿植都很用心的养护打理，是一个用心的民宿。拍照随便一个位置都很出片服务：细心热情贴心，前台小妹妹帮忙拍小视频和照片。围炉煮茶:很有特色，适合跟朋友家人聚会放松，茶点水果和茶叶都选的很好，很用心。早餐:早餐有阿姨现煮的湖南米粉，食材新鲜且好吃，还有山姆会员店的鲜奶，麻薯，蛋糕，水果等早餐，品质有保证，,设施 卫生 干净 整洁 清洁 环境 漂亮 特色 民宿 用心 养护 打理 用心 民宿 拍照 位置 细心 热情 贴心 前台 帮忙 小视频 照片 围炉 煮茶 特色 适合 朋友家 聚会 放松 茶点 水果 茶叶 很好 用心 早餐 早餐 食材 好吃 会员 鲜奶 麻薯 蛋糕 水果 早餐 品质 保证
环境不错，卫生干净，房间很舒适,环境 不错 卫生 干净 房间 舒适
评价这家民宿真的挺纠结 首先他们家确实服务很好，也很干净卫生，而且整体很有设计感，文艺气息足 但是民宿的位置其实很偏，甚至没有地方可以停车，订的两房一厅，房间感觉很一般，门低矮，且不隔音，只是两个滑动门板，泳池也不是恒温的，实在看不出花1288性价比在哪里，同样价格可以在市中心住很好的五星了吧。定价虚高，下订请慎重,评价 民宿 纠结 确实 干净 卫生 整体 文艺 气息 民宿 位置 地方 停车 两房一厅 房间 感觉 低矮 隔音 门板 泳池 实在 看不出 性价比 价格 市中心 很好 定价 虚高 下订 慎重
院子很舒服，很适合一家人出来玩,院子 舒服 适合 一家人
服务态度好，环境好,服务态度 环境
非常推荐！干净卫生！,推荐 干净 卫生
房间很干净，工作人员的服务也很好，很喜欢这种简约的装修设计风格，一进来就给人很舒服惬意的感觉，下次带家人再过来玩。,房间 干净 工作人员 喜欢 装修 风格 舒服 惬意 感觉 家人
环境优美拍照巨出圈，房间的布置看着让人也很舒服。尤其张若男小姐姐给我们提供了令人满意的服务体验。✌️,环境优美 拍照 巨出 房间 布置 看着 舒服 提供 体验
房间卫生干净整洁，还有投影仪像在私人影院看电影，图书馆看书很惬意，拍照也很出片，服务也很贴心，很推荐哦,房间 卫生 干净 整洁 投影仪 私人 影院 电影 图书馆 看书 惬意 拍照 贴心 推荐
环境很好，姐姐们也很热情友善，各种细节都很用心，投影仪也很好用，下次还来！,环境 姐姐 热情 友善 细节 用心 投影仪 好用
环境很好，卫生也挑不出毛病，时间太赶了，不然还想再住一晚,环境 卫生 挑不出 毛病 时间
小姐姐很热情，民宿很舒服，在院子围炉煮茶很惬意，下次来长沙还来住！,热情 民宿 舒服 院子 围炉 煮茶 惬意
服务热情、细心。环境不错，适合放松、遐想。最爱在院子里煮茶了。,热情 细心 环境 不错 适合 放松 遐想 院子 煮茶
卫生搞得很好，环境优美，服务也非常好，设施非常全,卫生 环境优美 设施
除了位置有点远 其他都很好 早餐牛肉粉很不错！,位置 早餐 牛肉 不错
环境非常不错，服务也很棒，下次来长沙还定这家,环境 不错 很棒 还定
很不错噢 环境很好！！ 煮茶也很有氛围,不错 环境 煮茶 氛围
酒店环境非常好，围炉煮茶特别有意境。,酒店 环境 围炉 煮茶 意境
房间干净整洁 老板非常热情 推荐,房间 干净 整洁 老板 热情 推荐
环境很惬意，服务也很,环境 惬意
房间干净整洁 入住体验满满的  推荐,房间 干净 整洁 入住 体验 推荐
环境好看，干净卫生，工作人员很热情,环境 好看 干净 卫生 工作人员 热情
房间很干净，工作人员也特别热情，很舒服的一家民宿，风格简约不失设计感，小管家送我们的窑烤面包很好吃哦～下次带孩子过来玩，长沙的民宿住过很多，直木山集确实各方面都挺不错的！,房间 干净 工作人员 热情 舒服 民宿 风格 不失 管家 烤面包 好吃 孩子 民宿 确实
房间干净，服务好,房间 干净
房间里很冷,房间
不错的民宿,不错 民宿
房间很漂亮出片，超超超级喜欢，设施都很齐全，还有森林图书馆，卫生也很干净，服务很亲切热情，环境很舒服，早餐也很好吃，离店还送了伴手礼，真的很,房间 很漂亮 出片 喜欢 设施 森林 图书馆 卫生 干净 亲切 热情 环境 舒服 早餐 好吃 离店 伴手
