user-name,comment-date,content,评价
匿名用户,2022年9月1日,来龙庆峡最有看头的就是坐船看高山峡谷了人称北方小漓江。龙庆峡是少有的不怎么消耗体力的景区。上山可以坐摆渡车。进景区了乘电梯上到坐船的码头。全程可以坐着欣赏风景，带老人孩子都没有问题。船中途靠岸的时候，下船可以休息，也可以... ,1
文玩微beibule,2022年8月16日,设施齐全，住着挺舒服的，房间大小刚好，隔音效果还不错体验非常好，价格公道，下次还会再来的.^?^.店里分量很足，蔬菜和肉都好大一份，吃的非常满足哈哈哈说一个细节，卫生间很干净，味道特别好，这个细节真的很戳我！！这个地方浪... ,1
931,2022年8月23日,"避暑圣地，虽然是老牌的游玩地了，但是，真凉快！
去的时候电梯坏了，穿了350米的山洞，感觉还是不一样的
冬天看冰灯，夏天避暑，秋天看红叶
小孩2岁，第一次坐船很兴奋，服务也很好，看见推车帮忙给开了门，坐船也给了方便的位置",1
爱吃的仙女97,2022年8月18日,很喜欢，当时忘记评价了，哈哈哈哈，好玩，当时是冬天去的，有冰灯展，还有好多好吃的，，人也多，祖国的大好河山真美，还会再去的，我们是自驾去的比较方便，还有一个展在一个洞穴里面，超级大，而且人也特别多，都滑着走，哈哈哈哈哈,1
匿名用户,2022年7月29日,简陋游船一人100元，航程很短游客不能自己划小船，而且不买过不了河，啥也见不着相当于白买大门票。码头周围捆绑着废旧轮胎，暴露着生满锈的铁丝，小孩子很容易摸到，扶了一下去医院花3百多打破伤风免疫球蛋白。 返程时候的滑道处，... ,0
Jrf507824385,2022年8月26日,垃圾，私人开发的吧！进去什么都要钱，坐船150元，导游放个喇叭播放，连个安全员都没有，儿童也是全票购买，抖音那些主播你们真是不是个东西，,0
RvK631170475,2022年9月1日,和家人一起去的龙庆峡 有小孩子做了游船 风景不错 其他的项目因为疫情期间没有开放 后来又爬山玩了两个小时 有机会再去,1
任文妞,2022年9月4日,因为带着好多孩子就没有去爬山，只是坐游船，滑道，领略了峡谷风情，空气确实好，夏天没有冰灯挺遗憾的。,1
雪月花时最忆君,2022年8月12日,太美啦，还凉快,1
ycm173996139,2022年7月26日,除了门票，进去后几乎每个项目都要花钱，坐个船100块一个人，咋不去抢，游船工作人员态度极其蛮横，非常没有耐心，我们早上九点开始坐船，他们刚上班半个小时就没有耐心了，而且我只是问了一遍坐哪条船，就很不耐烦声音很粗暴的说就这... ,0
P卡001,2022年8月20日,景区游船秩序超级混乱，没人管理，在疫情期间，景区工作人员毫不在乎,0
lilin2zhangkai,2022年9月2日,不错，一日游的好地方，离着延庆也不远，可以去那边骑马,1
P卡001,2022年8月20日,景区管理太差，人超级多，没人管理秩序,0
匿名用户,2022年9月6日,【环境】很破旧。一种很凄凉的感觉。,0
lilin2zhangkai,2022年9月2日,挺好的，和家人一起去玩，附近一日游的好选择,1
ioK569155910,2022年8月29日,进来四十分钟没到   本来是想爬山的 到了乘船地方 直接不让上山 只能乘船 一环一环的消费,0
ioK569155910,2022年8月29日,隐形消费  上不了山  吧进了四十分钟就下来了  体验感有点差,0
佛前那朵白莲花,2022年8月24日,凉爽，景色不错，避暑好地方，适合老人，孩子过来，乘坐游船过瘾,1
迷彩天堂914,2022年9月2日,很震撼，带孩子去很不错。,1
你比划啥,2022年8月24日,100多的门票太值啦   特别推荐滑索  主要是滑完了能坐快艇飘一下哈哈,1
迷彩天堂914,2022年9月2日,环境很好，很震撼。,1
nER503444797,2022年7月29日,风景还好，还算凉快，景区卫生环境太差，卫生间没灯没人打扫，下次不想再去，实在是不值门票钱,0
OyA466314320,2022年8月28日,很不错，遗憾的是缆车没有开，没有坐成,1
权萌萌zax,2022年6月30日,还可以，晴天风景还是很美的,1
匿名用户,2022年8月27日,有个农家菜，不好吃还贼拉贵,0
开朗的男人,2022年8月23日,还行吧，坐船感觉不错，就是坐船价格不便宜,1
wanglanhui2012,2022年8月20日,风景优美，环境很不错，有小漓江的感觉,1
匿名用户,2022年8月19日,感觉就 挺一般的，一下子就玩完了，里面的各种项目还要再花钱,0
gajtg128756,2022年8月23日,下大雨了没有去上，被破退票，后期上班没时间去,0
mapple04,2022年8月1日,一般般，感觉买的大门票，没啥用，没啥地方可转，去了就是乘船，索道和大滑梯等都没开，说是在维修，不知道78月底旅游旺季，怎么这样？不会再去了,0
开朗的男人,2022年8月10日,说实话，游船价格有点小贵，一来回一百元，没几分，景区门票倒是不贵，学生票能五折,0
郭郭晴ggq,2022年8月13日,摆渡车10元一位，坐船每人100。船停在金刚寺，必须要爬一段才行?记得之前好像不是这样,0
gajtg128756,2022年8月23日,没去上，然后就下大雨了，我被破退票,0
馋嘴辣豆,2022年8月16日,一般般，很多项目没有开，该说不说，游船是真不错，北方小桂林,1
申东升450,2022年8月1日,周末去的，人不是很多，也不少，轻松的游园，坐船观山景,1
xsG970826701,2022年7月24日,很好,1
王广明561,2022年8月22日,不错哦,1
kUu346518372,2022年8月18日,头一次去看冰灯感觉挺新鲜的,1
KZj675641719,2022年8月14日,景色不错不错很美丽，凉快凉快凉快。,1
宇宙干饭海绵宝宝,2022年8月18日,？？？。！？。我？？哦谢谢谢谢姐妹,0
开朗的男人,2022年8月10日,凑合吧，坐船有点点小贵，景区门票便宜,1
xWd544282898,2022年8月14日,因为心情，没感受到景区有什么服务！,0
nER503444797,2022年7月29日,自然风景不错?卫生环境太差，特别恶心，进去就出来了，没来得及拍照，再也不想去了，实在不值门票价格,0
匿名用户,2022年8月7日,景区环境还是不错的！就是船费稍微有点贵！,1
萍萍2241,2022年8月5日,服务太差了，美团给开发票，开完了又冲红，冲红的有无效,0
一路向北12356,2022年8月10日,好,1
一路向北12356,2022年8月10日,好,1
高志乔乔志高,2022年6月16日,山青水秀，疫情的原因，现在游客少，值得游玩,1
申东升450,2022年8月1日,还不错,1
zhk405306512,2022年7月29日,服务环境都不错，让人满意,1
mgs906007284,2022年7月25日,不买船票的话基本啥也看不到，真的不值,0
xsG970826701,2022年7月24日,特别好,1
xsG970826701,2022年7月24日,不错,1
宇宙养猪指南,2022年5月1日,门票加船票加索道人均190，但是景色很美，值票价的，超满意！！！照片无滤镜，一定要晴天去，山里很冷。,1
小草修炼中,2022年7月17日,环境不错，交通方便，周边自驾，有更多选择。,1
caufl,2022年7月20日,还可以，就是晚上有点冷，多穿点衣服,1
LH80051100,2022年7月15日,景区还不错，推荐大家来，很遗憾索道由于维修没有开,1
xiaodingding1117,2022年7月16日,挺好的,1
xiaodingding1117,2022年7月16日,挺好的,1
L・Y990,2022年5月31日,这里是真的一般般，疫情期间买个门票只能做个电梯然后就下山，美团上也不给人提示让人白跑一趟。园区服务态度也不行，差点打起来,0
oDB672836286,2022年5月3日,"无语了，当天买了票就不能出来，出来就得重新买个票？
检票的让去找咨询中心，咨询中心的推说去找检票的，踢皮球？
最无语的说辞就是出来之前要和他们说一声，咋的，当天的发票白纸黑字的写的没有用？一句话就有用了？",0
匿名用户,2022年2月3日,不吐槽路程了，因为冬奥了很多地方都有冬奥车道，堵堵必然的，从下午13:00出发-15:40到达，离龙庆峡还有3.4公里就堵了一个小时，进停车场很方便。停车场到门口大概走了20分钟-半个小时，但人真的多的吓人…但一路徒步前... ,0
遥远的绝响bj,2022年6月4日,适合小孩玩，基本不用走路。缆车，船都能坐,1
宋温柔今天也温柔,2022年6月25日,走了好远好远好远 冰灯也一般 太差了,0
小猫咪怎么知道,2022年3月31日,"环境非常独特，风格统一，就喜欢这种有格调的地方
吃饭才来评价。那会儿和我一起打卡的心上人，已经有了新人了
物是人非，山长水阔，触处思量遍
愿天高水长，各自安好。你很有趣，也很爱过，只是不适合，只是有点薄情，有点遗憾。",1
HIw411752541,2022年2月26日,地理位置非常棒，门口就是地铁站，交通非常方便，冲这一点给五星好评有非常大的落地窗，空气循环很好，条件非常不错店里空间不是很大，但布置很集中，灯光渲染也很有氛围第一次来，带着探店的想法来，点了特色饮料，蛮惊喜的，值得好评菜...,1
匿名用户,2022年6月19日,满意，风景狂特，高山流水大龙的人行隧道很有特色还来,1
honeyhaoqi,2022年5月3日,分索道和游船两个景区，个人喜欢索道景区，性价比非常高。,1
匿名用户,2022年3月24日,"「百花洞」「蹦极跳」「滑道」「溜索飞降」「鸡冠山」「划船泛舟」「神仙院」
【环境】干净
【交通】很方便
「游船」「玉渡山」「电梯」「金刚寺」「震山如来」「冰灯」
【项目】有很多很多
【餐饮】没什么而且有些小贵，想去的可以...",1
yanan0914,2022年2月3日,"可能是因为今年过年留京人多，所以去看冰灯的人也巨多，导致服务完全跟不上。首先停车场进不去，所以比较机智得把车停到了路边，推着孩子走进去，看到停车场其实是有位置的，但是为什么门口堵了半个小时车进不去，不知道。
然后是检票，...",1
iko26201996,2022年6月19日,环境不错，游玩好去处,1
ROG177008774,2022年6月19日,高，114哈哈哈,1
Gondorfu,2022年6月12日,东西挺好的，价格也实惠,1
匿名用户,2022年2月24日,第一次去一开始去的时候想象这很美好，去了以后心凉了半截，冰灯挺不错的，就是太冷了，去之前一定要多穿点，带孩子去的，适合打卡拍照，但是溜达看了也就一个小时就回来了，小吃也就那么回事吧，出锅热乎，没两分钟透心凉呀。,1
etw828458181,2022年5月3日,强烈推荐大家去玩，超级棒！！！,1
新日新月异,2022年6月2日,也就是一次性了，不会再去了，伤客户，可是培养起来却难，不知道后面谁躺枪,0
LIU1073065947,2022年6月1日,价格便宜，支持购买，美团上面就是便宜，但是现在有以前哪也去不了,1
匿名用户,2022年2月3日,从抖音看到了龙庆峡冰灯，抖音88一位，可能是习惯了美团买东西，还是美团买了花了100，真是不去后悔，去了更后悔，主要是堵车能赌到你怀疑人生。去的时候交通管制，排队两个半小时到了停车场，去的是一个临时停车场，原有的停车场停...,0
shasha4532,2022年5月8日,2012年8月份去的，人超级多，现场毫无管理。不带口罩，随地吐痰下，到处都是垃圾。等着坐船等了40min，景色很美但是商业化太严重了。不值得去!,0
litertiger,2022年6月2日,体验非常好，价格公道，下次还会再来的.^?^.,1
zs浮婴命中水,2022年5月31日,不推荐去玩，服务态度很差。再也不会去了。,0
zs浮婴命中水,2022年5月31日,景区脏乱差，没办法形容了，以后不会去。,0
oo小舞oo,2022年6月1日,还是不错的,1
燃气燃气燃气,2022年5月26日,冬天去的，着实一般啊，真的没得玩，人还多，不会再去了,0
新日新月异,2022年5月25日,没啥看的，越来越糟，管理和创意都缺,0
pengqhh,2022年5月23日,哪哪都不行，就是骗子。要不是怕别人上当，都懒得评价,0
Mr.Right41663,2022年2月5日,"先说结论：门票100个人觉得相当不划算！偏贵！
其他费用：停车20。滑道30。
原因：本来过去想爬爬山，结果冬天过去只能看冰灯和坐滑道，整体游玩时间两个小时左右，室内冰灯游览比想象的小很多！另外，沿街两侧各种卖小吃的，放...",0
匿名用户,2022年2月3日,不吐槽路程了，因为冬奥了很多地方都有冬奥车道，堵堵必然的，从下午13:00出发-15:40到达，离龙庆峡还有3.4公里就堵了一个小时，进停车场很方便。停车场到门口大概走了20分钟-半个小时，但人真的多的吓人…但一路徒步前... ,0
少年子歌,2022年5月4日,「百花洞」「蹦极跳」「滑道」「划船泛舟」「鸡冠山」「溜索飞降」「神仙院」「游船」「玉渡山」「电梯」「金刚寺」「震山如来」「冰灯」,1
L沐颖,2022年3月16日,全是冰雕，太壮观了，室内不冷，冰怎么冻住的。游览时间2小时吧，适合晚上五点以后去，多穿点，吃完饭后去正好,1
gMg719572005,2022年5月13日,方便快捷，出去玩儿买票经常买美团的。还是挺方便的。,1
wangdengkun,2022年5月7日,非常好玩的地方适合情侣和单位聚会哈,1
你要几个馒头,2022年5月3日,沿途风景跟景区差不多，开一路车偶尔停一下看看，都用不着买票去景区,1
oo小舞oo,2022年5月4日,关门太早了，下午4点之后所有项目就关了,0
WsK880695790,2022年5月5日,环境优美景色宜人安全第一下次还会关注,1
SleepCat1,2022年2月4日,龙庆峡冰灯，老资格了，一直都不错，今年还加入了冬奥元素，更加吸引人。美中不足的是春节假期，交通通畅，但到了离景区二、三公里左右，开始暴堵，这一小段路程堵了一个多小时。最后万般无奈，把车停在路边，走过去了。路上发现延庆交警...,1
oDB672836286,2022年5月3日,门口的摆渡车做了两分钟就到了，10元，第一次来的最好注意,0
涵木宝妈咪,2022年2月26日,适合冰灯打卡，多穿些衣服一个字冷?,1
西贝小木家,2022年4月7日,冰雕真是鬼斧神工，栩栩如生，而且配合灯光特别好看。里面很大，拍拍照，走走停停，需要一上午或者一下午时间，冬天还是很推荐大家来看看的。,1
匿名用户,2022年2月21日,景色不少，属性，动物，植被，山景，水景，彩灯，公用厕所，服务到位,1
于思敏o,2022年2月18日,拍照很好看，就是温度较低需要注意保暖，值得一去,1
喝酒就困,2022年2月6日,基本上就是小吃一条街的感觉。要不是在峡谷底下有几个冰雕的话，感觉这100块钱真的白花了，滑道30倒是不贵，不过由于车需要人工送回去，时间等的太长了就没有玩。另外开车去路况真的不是很好，进去的时候基本就在外头排队了一个多小...,1
qAm482474714,2022年4月23日,一般吧，票价不算便宜，里面也不算大！,1
贺ZIYI,2022年4月24日,，景区很有创意，服务到位，满意很好，,1
jnU472034323,2022年4月20日,服务一般。景区还可以。交通不是很方便。,1
tina.sun.china,2022年2月3日,千万别去，垃圾！快到时候还1.5公里就开始堵车，无奈下来走进去，进去排队～限流～排队～1个小时才进去，进去后傻眼了，这都TM啥破玩意，彩灯彩灯彩灯，一个角落仅有几个是冰雕的结果还圈起来再收费，穷疯了还是欺负别人傻？！,0
喵语者,2022年2月10日,第一次看冰灯，感觉还不错！！！当天人很多，排了很长的队！！！,1
Rbj823893641,2022年4月19日,风景很不错，和家人去过一次，和朋友去过一次,1
lihaibo0625,2022年4月11日,"晚上上去看的冰灯，灯光很漂亮
但是冰的部分相对来说不够吸引我。",1
lihaibo0625,2022年4月11日,灯光不错，冰雕不够吸引我，晚上去的不知道白天啥子意思,1
rAP634639831,2022年2月4日,冰灯非常漂亮~值得一游！就是人太多！得排好长时间,1
面包超人dp,2022年4月16日,没有往年好！没啥东西，凑合看看,0
刘某人0607,2022年4月9日,风景还不错。就是卖东西太贵，贵就贵吧还贼难吃,0
刘某人0607,2022年4月9日,风景不错，卖东西贵还特难吃，不会再买东西了,0
bail110,2022年4月5日,不错，风景很美。虽然大山“绿装”装还没穿，百花还没斗艳，也自有一番景象。,1
UEw798075227,2022年2月5日,冰灯是不错 可是那天人太多了 停车场也排队 进门也排队 进去之后人也是乌泱乌泱的 进来之后发现停车场还有很多车位 不让进车 而且车停的间距也很大 没人指挥 出门的时候也排队 就一条车道 总之还需要完善 体验不是很好,0
nHd28286330,2022年4月14日,好,1
monsteraa,2022年4月7日,还行吧，看个冰灯就出来了。别的也没啥了。,1
chen木木木木木,2022年2月3日,愉快！愉快！就是太冷了！冻得哆哆嗦嗦?,1
TNg442136156,2022年2月26日,冰灯能不能雕的好一点，这还敢要100门票？,0
rLQ168782901,2022年2月16日,我们是天黑去的，进了首道大门最好坐摆渡车，步行到景区核心有些远，往返二十元的摆渡车票，一定要穿厚一些，最好带上帽子和手套，晚上的夜景很漂亮！白天来可以玩玩一些小的游乐项目，晚上主要看夜景，游乐项目都关闭了，各有千秋吧！,1
匿名用户,2022年2月8日,冰灯不错，除了多穿衣服记得去的朋友带上暖宝宝贴哈！下了车被当地村里的人拉去吃了个饭做的口味中规中矩吧！好在有车接车送。里面有很多小吃，缺点是服务区提供热水就更好了。,1
京城御少,2022年3月13日,环境不错，时间苍促，下次再来！,1
JG珊珊妈,2022年4月1日,就一般吧和往年比没什么特殊的……..,0
liuerqingfeng,2022年1月30日,漂亮，孩子去玩嗨了！,1
匿名用户,2022年2月11日,一般般了 感觉没到预期 有点拉胯 很冷到是,0
wZy533807865,2022年2月2日,所以的心情都输在出口了，服了。停车场没有人疏通已经堵了3小时了，一动不动！！！！来的谨慎一点把车停门口，协调能力太差！！！,0
QKH713777245,2022年4月4日,满意,1
匿名用户,2022年3月23日,设施不如小时候了，是个随便溜达溜达的地方，票价有点儿小贵,0
莹莹和奇奇,2022年3月27日,环境一般，门口游街商饭在垃圾桶里捡东西,0
冰释大海,2022年3月29日,还可以，溜达的好地方，溜娃也不错。,1
莹莹和奇奇,2022年3月27日,停车场劫车拉人吃饭的小商饭太多，不安全,0
VeH967541059,2022年2月3日,人多，车多，路面的二狗非常厉害，导致交通不顺畅，绕行好久才到达。灯节里边人员比较多，灯的种类比较少，更没有看见冰灯。,0
啊活着吧,2022年2月14日,其实不进去看冰灯，在外边溜达溜达也挺好的,1
fJl241826354,2022年3月7日,穿少了 特别冷 不过很美值得去  哈哈哈哈哈哈哈,1
OUq166659705,2022年2月6日,冰灯布置的太漂亮了????。好看，强烈推荐大家去玩！很愉快的一天,1
lihaibo0625,2022年3月17日,晚上去的有点冷，人比较多，没啥可玩的项目，特别关于冰的。,0
pQr548617762,2022年3月18日,龙庆峡冰灯展，感觉一般，停车走着上去好远,0
泰霖887,2022年2月5日,设施不错，就是人多，有风险，交通不方便，堵车,1
Icesugar922,2022年2月7日,非常漂亮,1
Icesugar922,2022年2月7日,非常漂亮,1
Icesugar922,2022年2月7日,非常漂亮,1
NHJ792471237,2022年2月2日,味道好，服务好，环境好。暖和，车接车送。,1
匿名用户,2022年2月23日,一般吧，夏天去如果下雨的话，建议先别划船，等雨停了再去划船比较好。然后可以爬爬山，山顶景色不错。冬天主要是看冰灯。,1
vtQ226597045,2022年3月14日,还可以吧，和往年比没有大的进步，缺少创意,1
钢铁是炼成地,2022年3月11日,挺好的一个景点，老人，孩子都喜欢,1
匿名用户,2022年2月2日,市内下午一点半出发，到晚上八点还在门口排队，过年不想添堵的千万别去，什么疫情防控、人员限流不存在的，几斤几两自己不清楚，服务不了这么多人就别卖这么多票，堵在景区门口周围都一股子尿骚味，最差一次体验，没有之一,0
Wcc914421370,2022年1月28日,彩灯挺好看的，但是这个有点对不起门票，一百块来了就看一点这个?????????????????????????????????????????,0
钢铁是炼成地,2022年3月11日,老人孩子都挺喜欢的一个地方,1
钢铁是炼成地,2022年3月11日,挺好的，老人，孩子都挺喜欢的,1
ysn972797956,2022年1月29日,当时去的时候因为太冷了 只看到了冰雕  跟10分钟左右的一个短片 是折射到石头上的高科技 还是非常值得去 看一看的 建议去的小伙伴可以到店小吃 零食 暖贴等。里面也有商店 但取暖的人还是比较多的 推荐晚上去看看！,1
HYUNDAICOD,2022年3月10日,哈哈哈哈滨州这样可以可以自己在家呀别这样可以,1
NKZ830430941,2022年3月7日,很有特色，物超所值，带老人孩子看看很不错,1
匿名用户,2022年3月7日,冰灯很好，大人孩子都很喜欢，强烈推荐,1
mxH352521302,2022年3月6日,特别美丽的冰雪世界，跟今年冬奥很搭配。值得一去！,1
匿名用户,2022年2月5日,说是龙庆峡景区，其实就是一个冰灯，几百平米十几分钟就看完了，而且毫无新意特别无聊，竟然一百块钱，开车一个半小时，三个人杂七杂八花了五百结果就是花一会的时间看了个寂寞。。。,0
匿名用户,2022年3月7日,冰灯很好，物有所值，推荐带孩子来玩,1
招牌菜貔貅,2022年3月1日,一般般吧，凑合。很普通，以前去过一次，没什么改变,0
Zsl508963016,2022年2月2日,差评差评差评！简直是了，赚钱不要命了！大疫情的不限流，人山人海，堵车两小时。排队半小时，买个煎饼一小时！限流限的是排队的流，说了不用换票拿身份证就行，到那不识别，那份捣乱！真是骂骂咧咧进去，骂骂咧咧出来的！,0
FTe711193087,2022年3月1日,不错的一次旅行，环境优美，北方的丽江,1
tina.sun.china,2022年2月13日,千万别去！忠告不信拉倒。 人多，路堵，排长队，灯太烂。 美团上买票还是很方便的，刷身份证就可以进去。,0
铄辰,2022年2月26日,没啥人，还可以，不是很冷，可玩性不是太高，设施有些少,0
匿名用户,2022年2月26日,只说缺点，人太多，附近交通比较混乱，剩下都是优,0
蒋67,2022年1月27日,只能看冰灯，其他所有景点都封上了。冰灯雕的跟劣质塑料一样；还有所谓的灯光秀，晚上拿个手电筒找个墙照一下都比它的好看,0
匿名用户,2022年2月17日,冰灯一般般，可能在北京已经不错了。冲着免费儿童游乐园去的结果停业了，全当公园遛弯儿吧。,1
刘斌548,2022年2月14日,没有想象那么多好玩的，冬季地方不是很大，要进景区要走挺远，进了景区能看的冰灯很小范围,0
琴音萦梦374,2022年2月27日,「冰灯」，雕刻的栩栩如生，特别好看，值得一游,1
李沅珊,2022年2月24日,人多，交通便利，就是停车场太远了，干什么都要花钱,0
Osr689502622,2022年2月9日,感觉没有往年做的好，不过投影影像挺好的！,1
匿名用户,2022年2月12日,景区的第三卫生间就是摆设，竟然不开！这让母子或父女（孩子很小）怎么上厕所，差评！！！,0
YAOYUE3344,2022年2月24日,也还行，挺漂亮的，有机会的话带朋友一起去,1
匿名用户,2022年2月4日,设施一般，环境不错工作人员服务态度一般般,1
mSJ94937211,2022年2月20日,还好 真的挺冷，冰灯没有里面冰瀑布好看。,1
rWn101968731,2022年2月16日,特别无聊，一点儿意思都没有，以后别跟我提龙庆峡冰灯倒给我钱都不去,0
皮螃蟹,2022年2月26日,不错,1
only宝贝婷,2022年2月17日,过年期间，这里边的臭豆腐很好吃，哈哈，其他的食品一般吧。,1
mdY124285882,2022年2月10日,人还没进去，身份证就刷完票了，再刷就是无效的票，怎么解释都不行，明明票已经买了，就是不让进！也没有人帮你解决！,0
MTG零点,2022年2月22日,我们看夜景还不错，有机会白天去玩一下。,1
匿名用户,2022年2月17日,春节期间人太多了，停车场需要等，景区里都是人。,0
木公子,2022年2月25日,很好，怒赞！,1
木公子,2022年2月25日,很好，怒赞！,1
rWn101968731,2022年2月16日,一点儿都没意思，第一次看冰灯希望越大，失望越大太没劲了,0
星星0009,2022年2月12日,还可以吧，冰灯，人员组织，管理，都还可以，但是就是觉得100有点多了，少点就好了,1
WtC267115606,2022年2月19日,冰灯挺漂亮的，去了两次，夜景更漂亮。,1
hfi754950426,2022年2月17日,从北京城跑来一趟，冰灯十分一般，游乐园停业了！失策！,0
kXG102529427,2022年2月13日,什么垃圾玩意，100块钱过来路程2小时。观看15分钟完事。这4A充值的吧,0
lEN559345995,2022年2月16日,太尼玛冷了 没啥意思也就看看景色 关键太冷 没心情看啊,0
匿名用户,2022年2月20日,真心真心一般般般般，性价比太低,0
匿名用户,2022年2月2日,千万别去，谁去谁上当。路上堵车不说，明明停车场有好多的空车位。却不让车进去停。管理混乱，服务态度非常差。,0
相逢是缘7550,2022年2月17日,感觉不错，有时间还会在去，希望越来越好,1
WYWjlj20027779,2022年2月7日,十五年前第一次去，15年后再次光临。没有以前那个大的冰滑梯了，小孩子玩的东西偏少了。,0
only宝贝婷,2022年2月17日,停车方便，一次20元。按次收费的,1
匿名用户,2022年2月16日,太差了，什么都没有，不知道好评是如何来的,0
ALm351237215,2022年2月11日,冰灯花样多，主题鲜明，孩子很喜欢，里面环境也不错。,1
pancakepapa,2022年2月2日,交警指挥交通混乱死板。路上司机等待时间太长，指挥不当。停车场停车位车很多居然放不进车来。,0
蒋67,2022年1月27日,别的项目都去不了，全封了，被门票给坑了。只有冰灯可以去，死丑，跟劣质塑料一样。灯光秀我拿手电筒照的都比他好看。,0
QzZ862833088,2022年1月22日,值得去看一看，很惊艳，带小朋友去比较合适，去的时候下雪了，特别漂亮,1
HYUNDAICOD,2022年2月10日,真好人少趣味多少钱呢这个可以咨询师弟们的话,1
JRc411906911,2022年2月15日,就那样，很一般，没有想象那么好,0
xWk476247907,2022年2月1日,景区还可以，停车场出口太累了，进来容易出去难，在停车场出口等了一个半小时，就出不去???回家太难,0
HhZ788549259,2022年2月15日,还是挺不错的，很有震撼力。,1
匿名用户,2022年2月14日,景区不错就是和想象中有些许的区别,1
hongleiy,2022年2月1日,风情很美丽，商业气息太严重，必须坐船才能玩，但是价格又很贵，无路可退。,0
eKm877473419,2022年2月6日,一般都算不上。二班的。不建议够买，关键是价高没什么东西。,0
浪漫樱花514,2022年2月6日,灯光，冰灯还是不错的，就是人有点多呀！应该限流呀！必定是疫情期间呀,1
蝴蝶犬多多,2022年2月13日,冰灯很好看,1
蝴蝶犬多多,2022年2月13日,冰灯很好看,1
恰同学少年啊,2022年2月7日,赞叹大自然的鬼斧神工，赞叹中国冰雕手的巧夺天工，就是有点冷…,1
LzE300499437,2022年2月11日,没有什么意思，半小时就逛完了，感觉不值,0
匿名用户,2022年2月11日,人比较多，停车困难，但是冰灯还是值得一看的。,1
dbking521,2022年2月3日,排队三个小时，时间太长了，景点感觉一般，不值得花这么长和金钱过去,0
匿名用户,2022年2月13日,非常晚才送到 打电话投诉 也找不到电话,0
rne619335683,2022年1月30日,没什么东西玩，雪上滑梯什么的不大，刚一进去挺震撼，但是没啥东西看，冬天其它项目都封闭了,0
HYUNDAICOD,2022年2月10日,哦工作一麻袋????民医院这里玩游戏,0
hmw235210990,2022年2月12日,因为是白天去的没有看出效果来。,0
A旅行者。,2022年2月10日,很一般 特一般。 不会再去了。很一般 特一般。 不会再去了。,0
AgB5347655,2022年2月6日,不好，对不起门票的钱，东西贵买东西还带有欺骗行为,0
UzZ901175901,2022年2月3日,人太多了，冰灯还是往年那样，最好别带太小的孩子，看着可怜,0
AgB5347655,2022年2月6日,不好，不值，明不符实，来一次不想第二次，买东西还带有欺骗,0
eKm877473419,2022年2月6日,太一般了，名不符其实，太不值。被忽悠了！不推荐！,0
Xsb543053582,2022年2月3日,"太差了，临时停车场出来堵了三小时才出来，也没人管理。
还没有去的就别去了",0
AgB5347655,2022年2月6日,名不负，态度不好，买东西带有欺骗游客行为,0
匿名用户,2022年2月11日,不错不错,
Oxa233400753,2022年2月5日,一般 堵车 不冷 人超多 人多到不行。,0
ACZ310541765,2022年2月3日,堵车，场地设置差劲，商家太狠了，一个冷面20，火腿肠15,0
匿名用户,2022年2月2日,体验非常不好，管理混乱，车场明明有好多停车位却不让停。?,0
mipni,2022年2月6日,很不错的看冰雕，美不胜收，不虚此行,1
Oxa233400753,2022年2月5日,人多 车多 超堵车  很冷 很累。。。早点到,0
匿名用户,2022年2月1日,不好，景区入口太乱了，买票不发二维码，买了还用不了，进口临时再买还让多花钱了,0
钱特助猫猫,2022年1月26日,和老公一起去的，很多年没来过了，冰灯种类不算太多，整体还凑合吧，人挺多的。,1
wojiushiwo1006,2022年2月5日,除了堵，除了人多，别的没毛病！,0
匿名用户,2022年2月6日,好玩，就是人太多了，景色很美,1
钱特助猫猫,2022年1月26日,很多年没有来了，冰灯种类不算太多，气温回升有点化了，地上有水，人还是挺多的。,0
匿名用户,2022年2月2日,尽量别去，非常坏脏乱差的地方。?,0
dbking521,2022年2月3日,排队时间长，人多，服务不到位，不太推荐,0
琴瑟0926,2022年2月1日,超级差评，管理太差，停车场 2个小时都没走出去，,0
Ldi463054811,2022年2月5日,一般吧，感觉也没啥，，，！。，。,0
ACZ310541765,2022年2月3日,太差了，堵车，服务基本没有，太失望了,0
VCY316811370,2022年2月3日,今年的冰灯很有特色，漂亮,1
PZD205842538,2022年1月27日,还是那些东西 景色还可以 就是冰灯少,1
匿名用户,2022年1月22日,没有达到预期，明显的实际不如推荐的效果，以及停车场管理不规范,0
东海甜心,2022年1月23日,地儿有点小，还挺好看的，里面也不特别冷,1
uVV387047538,2021年10月6日,不错，经常有很多新菜上新，满足我的需求，支持！真是没想到，这个价格和质量都有惊到我，真的很nice?真的是良心商家呀，量大又便宜，种类还这么丰富，非常?借着假期过来打卡?，果然没有让我失望，首先很喜欢这里的环境，其...,1
XER443379696,2021年8月12日,"交通：自驾最方便。我们马驹桥出发，可以选择不走高速，走五环，然后走G6辅路，去程2小时30分钟。
停车：20元/次，入场先交费用。
门票：40/人。可以在美团预定，也可以在微信公众号#龙庆峡#预定。也可以到景区现场买，价... ",1
uVV387047538,2021年10月6日,店里音乐?恰到好处，非常适合晚上下班之后和朋友来这小聚，能缓解一天的疲劳这个太棒了，完全是我的心头好呀，给大家疯狂安利点了好多吃的，味道真的没得说，尤其配上店里的饮料，绝了呀特别感谢工作员，昨天非常耐心地给予专业的指导... ,1
蕾蕾彤,2022年1月20日,值得一游,1
hLi306206932,2022年1月16日,挺好的和家人朋友一起去体验的感觉挺好,1
fvt300484609,2022年1月18日,不错,1
CeI124871036,2022年1月11日,票价高，服务少，环境跟以前一样没变化,0
zYC129518654,2022年1月9日,还好吧  感觉冰灯有点少  没怎么看呢  就没了,1
匿名用户,2022年1月12日,非常好，值得推荐去一趟，空气好,1
匿名用户,2022年1月9日,风景特别特别好，强烈推荐大家去,1
匿名用户,2021年10月3日,风景一般！而且以前不知道这个景区管理如此混乱，到处是坑。首先停车场不论多长时间，注意是不论多长时间，小车停1分钟也是20元。其次只要你进停车场必然有一个大姐会跟着你，推销吃饭免费停车，而且还可以买打折门票。结果老公耳根子...,0
匿名用户,2021年12月31日,好地方，值得去玩，强烈推荐啊。,1
匿名用户,2021年12月31日,好地方，值得去玩，强烈推荐。,1
mAh995270210,2021年12月28日,挺好挺好的，,1
PJC207727308,2021年12月20日,还可以吧，灯比较漂亮，但是冰灯的种类不是很多,1
JDf227611312,2021年9月21日,很好的游玩地，家人们玩得很开心，山间小船的意境特别美。重要的事情说三遍：一定一定一定一定要坐船，一定要坐船，一定要坐船。还有那个龙里面的电梯设计得很好，孩子们很喜欢。真是不错的地方，去年国庆去的，有时间今年还想打卡一次。,1
匿名用户,2021年10月20日,想来蹦极，问了好几个工作人员，蹦极在哪，有个还好说好像不开放了，让我再问问，最后知道蹦极得坐船去，100块钱的门票，看票的那个人我问他了蹦极在哪，他说了。最后我坐船去了，到地方再问，告知蹦极不开放了，我真服了，就为了10... ,0
郭晶jjm,2021年10月3日,古村民宿离景区很近，小院很温馨，老板娘很热情，饭菜做的可口，想来游玩的朋友们这家店是个不错的选择哦?,1
王霞2649,2021年12月14日,设施齐全，服务周到，环境优美,1
北海丶已北,2021年9月24日,爬山爬一半不敢爬了  下雨  路太滑   船儿感觉还好  要说玩儿的也没啥玩儿的  就是看看景儿  在加上现在去有点凉了,1
无心打酱油000,2021年12月11日,很不错的景区，感觉挺好的，非常值得体验,1
doudou13333,2021年9月12日,周日吃过午饭突发奇想，一家人去了延庆龙庆峡景区游玩。一路听着潺潺流水，呼吸着新鲜的空气，小跑来到景区。走过瀑布，发现有电梯可以乘坐，电梯尽头是乘坐游船的码头。在船上，观看四周山水，景色宜人，江面凉爽，不愧是人们常说的小漓江啊！,1
傅雪小车,2021年10月3日,很好玩，就是有点凉了，完美的没有下雨，孩子很开心，不用爬山太多的好去处，如果夏天来肯定很凉快的，北京的秋天太美啦,1
小贺兄弟,2021年12月2日,还好吧还可以挺冷的天气还行，就太冷了,1
WEED512,2021年12月4日,奔驰全新紧凑型轿车改装项目清单曝光,1
dlc858344587,2021年12月5日,非常好，很美的地方，我很喜欢。,1
pKF779953744,2021年11月29日,没得说，就是喜欢去，风景好，喜欢有山有水的地方,1
匿名用户,2021年11月12日,跟男朋友去的，后来分手了，船太难划了,0
pKF779953744,2021年11月29日,，好几次了，就喜欢去那玩，划划船，风景也不错,1
上官啊杨,2021年11月27日,体验一般，去的时候冰都化了全是水，没怎么看就走了,0
小树袋熊5255,2021年11月27日,感觉设施较老，风景不错，价格偏高。,0
axuea5,2021年10月2日,滑道太短，也就游船一个项目，景区半天可完成游玩,0
Hjv608800926,2021年11月24日,还行吧，没有想象题目的好看吧，没有宣传的好,0
尤晓南,2021年8月17日,停车场费用二十块钱不限时小车，大车40，今去摆渡车单程票一人十块钱，先乘坐大龙电梯再乘船，成人门票+船票140，小孩半价门票20+100船票，坐完船回来坐缆车一人往返50大小同价，然后就是滑道，下山的时候没开所以没玩，基...,1
Hjv608800926,2021年11月24日,一般吧，没有想象中的那么好看吧,0
uzM303312823,2021年11月9日,和想象的有出入 一般般 晚上七八点钟到的 九点多就出来了 没什么可逛的 冰雕也很少,0
fyR222667651,2021年11月1日,夏天去很棒，我去的时候，有点冷，有点干，整体主要觉得坐船挺好的，其他的也没有爬上去，就是晒了会儿太阳,1
Cypress李,2021年10月4日,主要是坐船挺不错的。其他没什么。,1
红尘老赵,2021年9月22日,很棒！,1
ruanqing121,2021年11月4日,北京少见的喀斯特地貌，水清景色优美，抽空还想再去转转,1
郭晶jjm,2021年10月2日,干净卫生，吃住都很好?,1
RQJ937599649,2021年10月23日,我们去的时候天还没有黑所有没有看到太多夜景，不过里面的景色做的也不错，就是太冷了需要多穿衣服,1
涛大大哥,2021年10月22日,挺值得一去的，去了绝不后悔，门票也不贵，似乎到了桂林的感觉。,1
蓝650,2021年7月28日,就刚进门那块  快到龙嘴那  很凉快  就开始做扶梯了  扶梯下来就可以坐船  来回一趟  还是比较值的  重点 在这  圈起来  下船以后  孩子想做缆车  于是  我就到售票处去购买  这姐们一直让我用现金  我说没...,1
lgh346223670,2021年10月13日,去过几次，现在有些败落了，人特别少，商业街基本没有商户了。景色还可以,0
VYq397351059,2021年10月5日,白天去的，没看到夜景，不过有一个“地下宫殿”，里面全是冰雕，配上灯光，看上去也不错，没去过的可以去看看，值得去一次，但也就值得去一次,1
匿名用户,2021年10月11日,天冷了景区人不多，去的早，走路不多，适合带娃，舒服散散心,1
LIMANNING891017,2021年8月22日,有灯光的照射会更美，就是需要多穿点衣服，太冷了会……,1
GOs980775958,2021年8月19日,没看天气预报来的，其他的没玩就游船走了一圈，雨天别有一番感觉,1
bkz187317785,2021年9月29日,就在延庆家边，从小去到大的景点，很不错上青水秀，适合情侣和家人，多个朋友野营,1
rDo368269959,2021年10月11日,设施一般，特别是游乐设施少，价格较贵。,0
rDo368269959,2021年10月11日,设施一般，价格较贵，餐饮一般。,0
Csw651460640,2021年7月11日,"【环境】晚上去的，看冰灯赏风景，冰灯雕刻的很细致，太好看了，沿路都是形状各异的彩灯，路上走走停停也不觉得很累，拍了很多照片不错哦
【交通】，风景区里有代步的小车，山下有民宿可以住很方便
【项目】冰灯很好看，各种各样的形状都有",1
ybbldn,2021年10月4日,北京的小江南，夏天去是避暑的好地方,1
匿名用户,2021年10月5日,还不错，冰灯很漂亮，造型美观，栩栩如生,1
axuea5,2021年10月2日,游船体验峡谷风光，也就是游船了,1
欣也360,2021年7月22日,大冬天来的，很冷，好喜欢这个地方啊，虽然离市区还比较远，但是风景真是很好啊，建议11月来，满山都是红叶，这里能爬山，门票挺贵，冬天有冰灯，很冷。反正来了就很喜欢这里过年有马戏，孩子爱看，就是各种冷，延庆太冷。,1
misscollarbone,2021年5月25日,"神仙院  游船  金刚寺  电梯 
【环境】入夏了，来避暑，舒爽悠闲，景色宜人
【交通】从东直门附近出发，倒车三趟公交135路??919快??Y43，还算方便
【项目】先爬到了一线天，下来坐船，体验了游船100往返，游船...",1
hunterwqy,2021年9月3日,总体不错，来看看，湖面不算大，但也清净,1
飘飘侠儿,2021年10月3日,景色不错哦，帝都小桂林,1
bkz187317785,2021年9月29日,带着弟弟和弟妹一起去的，带着纸牌和吃的，可以呆一天,1
清酒凉茶喝,2021年10月1日,多买一张票还不给退，一点人情味都没有,0
bkz187317785,2021年9月29日,总是去，虽然都转过，都玩过，但是很适合多人野营,1
飘飘侠儿,2021年10月3日,景色不错,1
匿名用户,2021年9月18日,挺好的，冰灯造型很多。就是观灯的人太多了，想照一张没人的照片有点点费劲。,1
匿名用户,2021年9月22日,来了以后什么都不开放，什么都玩不了，白白浪费一上午,0
匿名用户,2021年7月11日,整体来说还是可以的 因为我去的比较早所以人还没有多就很好 游船一定要做大的！！不要做小游船 视野没有那个好不说，有的开船人说话挺横的 不太好 里边的项目都单收费倒也不是很贵 也能接受,1
ztzzu,2021年8月9日,到时十二点多，先被周边村民热心的说他家开的农家乐，不热拒绝热心，结果被坑，不好吃还贵。进门之后，除了坐船坐索道没有别的选择，来了一趟，没有看见山上的风景，悻悻而归，在边上的小河沟里玩了半天。,0
匿名用户,2021年9月18日,人有点多，冰灯看着还行。,1
osm779909611,2021年9月7日,景区里面还不错，就有一些服务人员态度不好，让人很不舒服。但是大部分服务人员还是不错的。,1
飞如幻,2021年8月1日,适合出去旅行，人还是比较少的,1
Iwt703041330,2021年7月9日,没事了可以来转转。一日游的话还是不错的，别爬梦幻亭,1
Bjs483193246,2021年9月11日,旅游圣地，游山玩水！值得一去！！！！！,1
QOx915396805,2021年9月5日,没啥景，宣传册上好看外真的地方太差了,0
QDi999655249,2021年8月18日,客服电话态度恶劣，话没问完直接把我电话挂了。在景区门口被问题拦住，本来很着急，需要协助。这个客服女的简直火上浇油,0
老男孩阿伟,2021年8月29日,下着小雨，雾气弥漫，宛如人间仙境！,1
洋阳688,2021年8月26日,还行吧，孩子喜欢，就是得早点来来晚了玩啥啥排队！！,1
jie莫惊水,2021年7月26日,爬山太热了，水上坐船感觉不错，风景很美！,1
WaG685880674,2021年8月28日,不错 风景很美,1
洋阳688,2021年8月26日,滑道还行，冰灯样式稍微少了点？,1
ztzzu,2021年8月9日,不建议去，超级差，八十年代景区的感觉，处处是坑，感觉被迫花钱游玩，很不舒服，设施和管理都很落后,0
匿名用户,2021年8月22日,山青水秀，景色特别好，合适带孩子放松的好地方,1
平凡合一,2021年8月21日,停车场太远了，带孩子走好远才到冰灯的地方,0
AOG144714256,2021年8月17日,带着老人和孩子去的总体还可以吧就是单收费项目太多不花钱就不能玩,1
HFW374029042,2021年8月23日,风景很好，北方桂林山水。环境清幽,1
藏猫猫70,2021年8月19日,很向往的一个地方，适合老人游玩，不用走很多路,1
匿名用户,2021年8月17日,玩了四个小时吧，挺好的凉快凉快凉快,1
AOG144714256,2021年8月17日,还不错就是花钱的太多风景很美里面不太大,1
光着小脚丫669,2021年8月21日,很方便,1
vHo97525522,2021年8月11日,没啥意思。！？！？100块门票感觉不太值，里面项目还单花钱,0
iSm282420707,2021年6月28日,强烈推荐给大家，绝对的不虚此行！！！！,1
ljh19860326,2021年8月12日,第一次看夜景冰灯，挺好！,1
ljh19860326,2021年8月12日,挺好,1
美天团mtmt,2021年5月15日,5月份放假迎来的第一次说走就走的旅行，爬山还是坐电梯上去的，给简短的行程来了一次惊喜，快船凉风湖水美景让人心旷神怡，让上午疲惫的旅行迎来一次放松，因为时间紧没有参加上漂流，但还是很佩服景区安排的合理行程，占?。,1
fcK992990344,2021年8月5日,挺好的，可惜疫情了，以后有机会带孩子去,1
匿名用户,2021年7月20日,设施？没有啥服务的设施。服务一般般，也不需要啥服务，都是自己瞎玩。去的时候冷的要死，哪天风特大，带10岁以下娃的最好不要去。,0
大东北熊爷,2021年7月31日,来过多次龙庆峡. 非常不错的环境. 你值得一来！,1
GWj783132294,2021年7月24日,第二次去！感觉没啥意思！没第一次去的时候做的好！可能暖冬的问题吧！都是水,0
zhh000308,2021年7月29日,其实不是很好，没有太多能看的。,0
zhh000308,2021年7月29日,一般般吧！其实没有太多能看的。,0
匿名用户,2021年7月23日,全程旅游。但是没有导游 工作人员也很少 指挥不到位,0
ALs498980057,2021年7月24日,白天去的，所有美景跟晚上比差太多，如果有去的还是晚上去,0
匿名用户,2021年7月27日,一年不如一年，再也不会光顾啦，对不起这票价,0
tian玉莲,2021年5月22日,风景如画，美丽的世界，山水之间美不胜收，是夏天必须要去的乘凉地方了，带家人和朋友一起来玩非常棒,1
刘紫钰1216,2021年7月24日,一般了没有以前好看，太一般了太一般了,0
zorro1666,2021年7月21日,"环境不好，还没啥看的，开车2小时，
游园10分钟",0
ldS740142381,2021年7月24日,如果你累了，学着去休息，而不是放弃,1
BFq954603357,2021年7月20日,挺好玩的，大家都来玩吧，景色宜人值得玩耍,1
OaP881027975,2021年7月23日,非常满意，非常好，强烈推荐去,1
BFq954603357,2021年7月20日,挺好玩的，里面景色不错，想来的来玩吧,1
Candy666zzz,2021年6月22日,下午去的，有点晚，景色没的说，说说服务吧，上山到一半不让玩了，很坑，挺好的地方，就是如果太晚了你就不要让我们进去了，进去了，这个不让玩，那个不让玩，说是下班了，只能让我们去划船，划船每个人100,0
hongleiy,2021年6月13日,环境优美，设施齐全，坐船费用太高。,1
波.Bo,2021年7月14日,几年前去过一次，感觉现在再去没有当年那种感觉了。,0
VEM907985278,2021年7月14日,服务周到，设施完好，只是天气不好，刮了大风,1
波.Bo,2021年7月14日,感觉不一样了，景区也没有以前那么火了。,0
匿名用户,2021年5月3日,五月二号全家驱车前往，早晨7点南四环出发，1小时40分准时到达，一路畅通，到了公园，摆渡车，电梯，游船，滑道，真正走路有限，适合带孩子的家庭,1
skoda618163,2021年7月13日,风景好，有山有水！,1
tZm728656499,2021年7月2日,"非常满意，带着孩子去的，消费也不高，平均一人500全算，喜欢
【环境】很棒",1
Bam547014830,2021年7月8日,坐船游龙庆峡确实感觉不错,1
匿名用户,2021年6月26日,游船风景特别好，环境优美，空气清新，上下船港口方便，有电子解说，,1
穷光蛋大大葱,2021年5月3日,漂亮的不行,1
凉荼,2021年2月20日,还行吧 没来过 春节期间人超多 来得早天还没黑 延庆这边比北京城区温度低很多 有点冻脸 因为之前在外面庙会溜达一天了 从头到脚都是凉的 感觉照片挺好的 五彩斑斓 但是现场似乎没那么惊艳 音乐一响 山上出现投影 瞬间室外的...,1
H烘,2021年7月1日,还可以吧    适合带孩子去玩     早上早点去不热,1
匿名用户,2021年5月28日,门票不值这个价钱，门票就是爬山的钱，而且山上什么都关着了，坐船100一人，真贵，进个小庙还地十块钱，百花洞没开门，蹦极也没有，溜索飞降也没有。冰灯，也没有。40门票来说不值得。不会再来了。,0
lNm693443832,2021年7月4日,特别好玩,1
BB985960097,2021年5月10日,五一期间去的，人不多，很适合带孩子一起去，喜欢有山有水的地方,1
gkn280983526,2021年5月7日,第一次是五年前了 今天又来了还不错哦 想去的亲们 可以去了,1
小迷妹儿丫,2021年5月7日,"延庆人 延庆魂 延庆都是人上人
滑道非常好玩 推荐",1
DcL183334856,2021年6月26日,总的来说非常不错，完全可以给予好评,1
王城秀冠,2021年6月26日,挺好的,1
usc698325421,2021年6月16日,"ba

爬山到不累，就是水库太小，门票、划船价格太贵，这个景点不值这个价",0
MD_3387470,2021年5月4日,有机会一定要去一次龙庆峡 不会后悔的,1
IronFist...,2021年6月7日,体验一般般，风景也还行，比较偏，如果离得很远，不推荐过来玩，可能没你们想象中那么好,0
UUh140212244,2021年5月30日,停车场一律20，但离景区还远，被当地村民再花五十到上景区停车场或者去村民餐厅吃饭，大首都旅游换成这样，我也服了,0
yao803814691,2021年6月8日,太差劲了，船单次乘坐，也没人告知，真没见过这么差的景区，服务态度也很差，真恶心人,0
byU856515206,2021年6月1日,没意思，就坐个船，没啥好玩的。,0
zhaoying806,2021年6月10日,每年都来这里，看冰灯。也不算远，开车一个半小时,1
zhaoying806,2021年6月10日,每年都来，冬天看冰灯，夏天坐船。百花洞也非常喜欢，,1
byU856515206,2021年5月27日,就坐个船没啥好玩的，挺冷，建议去带个外套,1
稚笙.896,2021年5月6日,"【环境】好
【交通】方便
【项目】好玩",1
美女热带鱼,2021年6月6日,黑心商家 所有游玩路线都是套路 没有选择的余地 只能原路返回,0
Dnt362699426,2021年5月29日,真坑，门口那个摆渡车千万别做，本来也就一公里路，景区真好意思还收十块钱的车费,0
你袜子可真白,2021年6月6日,去过很多次龙庆峡了 算是比较好玩的景区,1
余煊大小姐,2021年6月8日,环境很舒服，没有隐形消费,1
zzy886011,2021年2月26日,早就想来看冰灯。以为由于疫情不办了。结果还真有。我们是在永宁古城住的。开车到龙庆峡半个小时，冰灯很壮观，但是由于天气原因冰有点化了。不过还是很飘亮。进入龙庆峡一路都有花灯，很漂亮,1
GnB671562703,2021年3月31日,去的是晚场天气有点冷，主要是为了看冰灯去的，大家玩的很开心，冰雕很精致，最后的冰曝区有点出乎意料！,1
哈喽呀青春,2021年2月23日,路程很远，风景一般，冰灯很少，满地是水！努力拍了几张能看的冰灯！晚上灯亮了还算好看！走进去好远好远！和想象的太不一样啦！！我以为是在室外广场，结果是在室内，哈哈哈！！不过2022冬奥会的数字还挺让人看着高兴的！！去的路上...,0
Jeep宝,2021年5月30日,冰灯还是值得一看的，就是进入景区的时候有点堵车，好在停车场也足够大。,1
匿名用户,2021年2月21日,"园区应该还是很大的，但是因为是下午才去的，主要就是去看了看冰灯，没再深入到更远的园区里去游玩。
从停车场走到园区的路上有挺长的一条道路，路边上也有很多灯，因为是白天去的所以没亮，估计晚上看会更好看。
冰灯还挺好看的，造型...",1
sTL935911086,2021年4月28日,太一般了。非常小，冰灯也一直在化,0
匿名用户,2021年6月7日,觉得没有以前好了，秩序一般，人多,0
lby545,2021年4月17日,人超多 景色还不错 超级冷?_?一定多穿衣服,1
爱国足容易嘛,2021年6月3日,【环境】还不错 就是快化了 总体来说还是比较不错的,1
dJt536998354,2021年2月15日,非常棒！尤其晚上灯光效果特别震撼！就是有点远，但是很值得一去的，原来一直没想过龙庆峡能有这么壮观，此次一去确实名不虚传，适合带着老人孩子一起去玩儿，驾车两个小时专门长途跋涉，但是效果值回票价！,1
superbxs,2021年4月8日,景色很美，很壮观，不虚此行，建议平日来，节假日人很多，观赏体验要差一些。,1
namibaobei,2021年3月6日,2月底的最后两天去的，冰都已经有些化了，对于一个北方人来说，看的冰和雪比较多，看到这些没啥感觉，冰雕粗糙了些，哈哈！主要是带娃溜达溜达，因为孩子没怎么看过雪，所以带孩子连游玩儿带吃喝，孩子倒是挺开心的！,1
Yhs870491271,2021年2月16日,园子挺大，真正的冰灯范围并不大，但是从来没看过的，还是值得一的。去的时候一定要看路况，如果住的近，就一定不要开车了，门口的路巨堵，即使到了门口，没有半个小时都挪不进去！还重要的事情说三遍，很冷很冷很冷！多穿衣服，做好保暖...,1
花漫雪329,2021年2月15日,第二次来这里，一如既往的好看，热闹。这里才有过年的气氛。今年新添了灯光秀，也是很赞。就是进停车场的入口特别堵，要么特别早的来，要不就是晚上八点多的来，总之景区里面的人很多，过年就图一热闹吧。还有很冷，多多穿衣服。,1
叶_宋,2021年2月21日,"趁着春节的最后一天跟家人一起去了趟龙庆峡看冰灯。没想到最后一天人也不少，想找个没人的地方和冰灯合几张影是真的难_(:з」∠)_
总体感觉还行吧，冰灯还算多，也还挺好看的。
下午四五点左右离开时，发现来看冰灯的人更多了，估... ",1
yir917,2021年3月24日,空气清新，交通方便。,1
houyu9951,2021年4月29日,龙庆峡前后去过三次，每一次都印象很深，总体还不错，记得上次去金刚寺途中遇到一个算卦的道士，纯属骗钱蒙事儿的，希望景区加强管理。,1
匿名用户,2021年2月15日,灯光秀很漂亮，有奥运的题材，冰灯比彩灯好看，尤其是到底的冰瀑，太震撼了，尤其还赶上大雪，真是有点意外，直到出来才慢慢变小，不满意的地方是停车，被工作人员引导到备用停车场虽然不收费，但是出来时乱了套，几路车流一起出来，太难...,1
tnq165601513,2021年2月18日,设施太老套，交通太**，我四点距离2公里，堵车堵到7点半也没进去，把车停的路边，走了有一公里到停车场，然后上去还要走，摆渡车10块，大冬天的也没个玻璃，冻的够呛，进去一看，太失望了，啥也没有，冰灯也太少了，堵车3个多小时...,0
就是我小美女123,2021年2月20日,"差不多1小时可以逛完，有山体灯光秀，伴随着音乐还挺震撼的。
整个场地，灯光布置的不错，拍照会很好看。
冰灯不是太多，肯定比不上东北的，但在北京应该是唯一有冰灯的地方了，此外还充满了冬奥会的氛围。
去的那天，恰好下雪，和老... ",1
清晨暖阳_贾先生,2021年2月9日,第一次来龙庆峡看冰灯，期望值有点高，没有想象的那么好，反而花灯装饰非常漂亮，冰灯区最后的冰瀑最为壮观，拍照打卡地，需要好的摄影技术，总体感觉还不错，孩子们很喜欢，值得一去,1
houyu9951,2021年4月29日,上山时长龙电梯很方便，下山回来需要走一段很长的山洞，路面湿滑不太安全，游船是必坐的项目，上下船时需要看好孩子注意排队不要拥挤。,1
燕燕奎奎,2021年5月18日,还不错，感觉人多了不少。景色没有原来漂亮。,1
一直这样吧508,2021年5月22日,冰灯挺好 就是当时去的时候太冷了,1
一直这样吧508,2021年5月22日,去的时候太冷了 没用逛很久就逛完了,1
wuY272415382,2021年5月22日,还行吧，还行吧，就是有点冷多穿点,1
xiaobanlitoto,2021年5月10日,去过两次，说实话真没什么看的，冰雕区很小，而且除了这个也没别的看，如果没去过，去看一次就够了。,0
柚子小哩,2021年3月14日,美轮美奂，灯光和冰雕的完美结合，值得看，就是景区的饭太贵还不好吃，晚上看好看，记得穿多点。停车费20一次，出来有小吃车,1
houyu9951,2021年4月29日,龙庆峡是个夏天去了会流连忘返的避暑胜地，坐船游览两岸绿树青山心旷神怡，就是索道需要单独买票。,1
匿名用户,2021年2月21日,"春节最后一天去的，人还是挺多的。有一个挺大的停车场，停车20/次，不限时间。
主要就是去看了看冰灯，感觉还行，就是人太多了，想好好照个单人照得等“天时地利人和”???
下午天没黑离开的，离开时发现来观灯的人更多，大...",1
爱花钱的美男子,2021年2月18日,灯光很美，晚上好看，景区入口堵车，建议提前到地点等候，我们赶点去的，车太多，最后找了个路边空地停车走进去的。天冷，戴好厚衣服,1
passby8,2021年2月23日,傍晚以后天黑以后参观最佳，当时人还不多。参观完冰灯后到外面也是火树银花的景色，灯光效果也很不错，包括看图中山上的树上的灯，“更吹落，星如雨”，虽然在城里也常看见，一绺一绺的下落，但看远山上，别有一番风味，至今还在眼帘。,1
ypp864,2021年5月16日,孩子喜欢,1
fcK992990344,2021年5月11日,非常不错，带孩子一起玩的冰雪,1
匿名用户,2021年2月19日,想着等节假日过后去看冰灯应该人相对少一些 结果依然是人挤人  所以也就走马观花的大概看看就出来了 检票口排队就排了好长时间,0
OpJ432118595,2021年2月21日,第二次来龙庆峡看冰灯，夜景很好看，美轮美奂，在网上购票后进门刷身份证，很方便。,1
uPg959556583,2021年5月11日,还不错，水很好,1
nKm675699914,2021年5月2日,厕所紧缺，到处都排队，这么大的景区，后勤保障有待提高,0
匿名用户,2021年5月5日,夏天就是坐坐船，也没啥可玩的！,0
匿名用户,2021年2月17日,开车将近三个小时到了景区停车场，走了二十多分钟到景区入口，先去看了一下冰灯展，然后还想去看看别的，结果发现都不开放，没其他地方可以去，冰灯展还凑合吧，但是一百块就看个冰灯展，很不值，也就二十多分钟就看完了，完全不推荐，现..,0
LiptonR,2021年2月18日,初七下午过来，到处堵车，走了好久才走进去，特别的冷，由于疫情很多景点都没有开，没什么意思，滑道排队两个小时！船也坐不了，腾龙电梯没开，百花洞进不去，我也是无语了！逛了一会出来了，又堵车一个小时，无语！！！,0
匿名用户,2021年2月17日,非常值得一去，下午四点以后去，不仅可以看冰雕还可以看冰灯展，六点十五还有灯光秀，人山人海，风景很美！去了一定穿厚点，带上手套和帽子，温度比较低！,1
X,2021年5月5日,还行吧  喜欢看山看水的可以去    ！！,1
hbt829388072,2021年5月1日,"【交通】太拥挤了，
【环境】还算不错
【项目】都挺好看的中宁",1
鑫泽584649,2021年2月28日,里边冰灯特别少，能逛30分钟就不错了！,0
DOD935056902,2021年2月1日,周末带孩子前往龙庆峡风景区看冰灯，我还是小的时候去过，很多年没去了，心里也有很多期待。我们是晚上六点多到的，没进景区门，就能看到山上布置的彩灯，长城的造型，还有龙庆峡三个大字，进去景区后，穿过紫红色的同心桥，进入冰灯流光...,1
superbxs,2021年4月24日,挺不错的，规模，效果不次于其他地方的冰灯，带着家人孩子来的，都很满意,1
w1a1n1g1meng,2021年5月4日,缘来缘去终会散，花开花谢总归尘,1
w1a1n1g1meng,2021年5月4日,烟花不美谁痴美，烟花不笑谁人绸,1
快乐少年上月球,2021年4月28日,龙庆峡风景区有投到山体上的影片，内容丰富生动有趣,1
OpJ432118595,2021年2月21日,很满意，购票后直接刷身份证入园，夜景很美，让人如痴如醉，流连忘返。,1
w1a1n1g1meng,2021年5月4日,在春天播下种子，在秋天收获快乐,1
匿名用户,2021年2月27日,环境挺好的，从昌平过去一路没堵车，景区花灯还可以，冰灯有些化了，整体还不错。,1
西贝小木家,2021年4月6日,下午去的，冰灯鬼斧神工，雕刻的特别好，通过不同颜色的灯折射出美丽逼真的造型，可以逛一个小时，晚上院里的灯光也特别美，不虚此行。,1
a飞a157,2021年5月1日,比较期待，去后比较失望，和想象差太远了,0
快乐少年上月球,2021年4月28日,龙庆峡冰灯大世界非常好看，大家玩的开心?！,1
leea_526,2021年2月13日,晚上灯光效果还是很好看的，下午五点开始进去看冰灯，出来的时候外面还有山上的灯都开了，很漂亮！,1
anniejiao,2021年3月7日,很不错,1
Nov4th,2021年5月4日,山清水秀,1
匿名用户,2021年2月25日,很差，没什么意思，停车一次20，。里边灯少的可怜，100的门票真的很不值，也就和北京文旅年票里30的冰灯差不多。。山里真的特别的冷，连个休息的地也没有。。。,0
yHN456801939,2021年2月17日,还是很值得一去，冰灯和花灯都很漂亮，晚上6:15，6:45有灯光秀。初五这天太冷了真的冻成了狗。大家去看灯一定要多穿衣服。我们是下午三点到的，孩子和爸爸先爬到山上玩了滑道，然后我们去看了冰灯（看了两遍）花了一个半小时，出...,1
zorro1666,2021年4月28日,全程用时10分钟，没有什么可看的，太差,0
匿名用户,2021年3月7日,冬天也就冰灯凑合看看，范围挺小的。其它没啥看头，建议春夏季再来,0
匿名用户,2021年4月26日,过年的固定节目了，年年看冰灯，年年有惊喜。,1
cpc5723515285896,2021年3月20日,"我们去的时候冰期已经快结束了，有一些已经开始化了，室外的雪雕都没了，只剩下室内的冰灯展了，基本上逛下来一个小时，“上山”“下山”每次大概一公里的路程，可以坐电车10/次，没去过的可以去看看，个人觉得一般
好像索道还蛮有意...",1
FAN826505860,2021年2月1日,进去景区可坐摆渡车，十元每人，走着也没多远，还可沿途赏灯，没有了过去景区内沿途的饭店，旅游品店，倒是多了一份清静，一两个小时足够了，值得一看，不够门票100还是贵点，也没什么服务项目。,1
Candy.GCT,2021年4月27日,带着爸妈去的 挺不错的游玩体验,1
林平之1979,2021年4月25日,感觉特别一般 以后都不回去了 一脚泥,0
匿名用户,2021年4月21日,确实冰雕规模不小，也够水平，没看过的看看也不错我觉得,1
看天想你,2021年2月13日,环境挺好，就是灯少点，带孩子去看看还算不错,1
Rco990801036,2021年4月24日,人太多，也不怎么样，就是看人去了，不推荐去,0
bxl729861577,2021年3月25日,"耸岭叠峰入宇空，扬波泻水困峡中。
苍松荡叶层层翠，领袖题词点点红。
圣象吸涛留妙影，仙驼踏顶塑奇形。
船夫岸上邀游客，月亮湾边聚笑容。",1
看天想你,2021年2月13日,冰灯少，但是花灯多，感觉还凑合，就是百里画廊没开,1
HlC380343641,2021年2月23日,太失望了，因为天气原因，冰灯都化成水了。冰灯展区就是水塘，好多人物之类的已经不成样子。室外灯展还算可以吧。,0
Ptq615847129,2021年3月4日,什么破玩样儿，山也上不去封了，就个冰灯，屁大点地方，开车过去一个半点，门口排队2个小时，进去就慢点玩样儿，这是我出来玩花钱最少的一次，一来一回不算车费，连300块钱都没花完，买个煎饼15，帽子手套40，两个烤肠10，一杯...,0
z老兵,2021年2月20日,一般吧，场地不大，效果也不咋样，停车场很拥挤，还单独收费，与门票价格100元不匹配，而且景区里其它地方都看不了；上午去了永宁古城，与这里间隔半小时路程；从这里返京需要一个半小时，交通还算便利,0
果果优优21,2021年2月17日,明年有机会再去，山里有点冷，去的可以多保暖，值得一去,1
IPu935541445,2021年4月24日,热闹，还不错,1
冯老师等着别人请,2021年2月13日,"【交通】特别堵车，千万早点停车
【环境】非常有意境",1
IPu935541445,2021年4月24日,不错，推荐,1
AhT429066007,2021年2月17日,驱车单程两小时去的。人巨多，并没有很惊艳，而且再好看的冰灯五分钟后也会审美疲劳。如果不是离得近真的不建议折腾。,0
太久没去流浪,2021年4月16日,还好吧，地方不大，但是确实还不错,1
OEN843901633,2021年3月4日,正月十六，温度高了，冰雕开始大面积融化，人物造型都缺胳膊少腿了，票价还一分都没有优惠。,0
匿名用户,2021年4月18日,全化了，都是水，要去早点去，不然不值得,1
HuR965639944,2021年4月17日,这几年没有多大变化，修了路，多一座山上的景,1
FuD163914762,2021年2月12日,对于过年不能出京，是个值得一去的地方。,1
匿名用户,2021年2月15日,设施简陋，人员看管极差，有一个小的冰做亭子，里面挤满了孩子，有的成人也在里面挤，儿童被挤的哇哇叫，极易造成挤塌危险??！另外进停车场拥堵差不多一个多小时吧！只能游玩一个小时结束，出来停车费收20元，够黑的！特别是网上按限... ,0
wjwljm,2021年2月17日,高科技灯光秀不错！就是景区停车有点混乱没有人指挥调度自己找车位，通往景区只有不到5公里开车快2小时【交通】堵车,0
qvp261379467,2021年2月17日,太垃圾了真的！几年前就这样，至今没变过，还少了很多冰灯游览项目，开车俩小时，走路半小时，看冰灯10分钟就出来了…这不就是骗钱骗感情吗？奉劝大家不要再去了，真的垃圾！,0
匿名用户,2021年2月17日,绝对值得一去，冰灯和冰雕太好看了,1
KCv625683152,2021年3月9日,没有多少景、冰滑梯太小了、附近有农家院、豆腐锅挺贵的,0
匿名用户,2021年2月9日,挺好的，很漂亮,1
LoZ480339628,2021年2月26日,就说我们到的晚，晚上九点半到，门口检票也不提醒还有半小时就关灯，直接给我们检票进园，十点直接灯全关了，七张票，三个老人一个孩子，愣是摸黑走了三四公里下到停车场，路边彩灯关了咱理解，居然连路灯都关了真是醉了，这龙庆峡冰灯也...,0
xuepiao天晴,2021年2月17日,场地有点小啊，还是晚上好看，下午三点多到的，正好看了夜景。场地有点小啊，还是晚上好看，下午三点多到的，正好看了夜景。场地有点小啊，还是晚上好看，下午三点多到的，正好看了夜景。场地有点小啊，还是晚上好看，下午三点多到的，正好看了夜景。,0
LqL815623445,2021年2月4日,我拍这么好看，商家给版权费吗?,0
JrO881605147,2021年4月5日,不错玩的很开心，冬天不错的好去处，大人孩子都能玩,1
匿名用户,2021年2月16日,还算是不错的一次旅行，晚上要走的时候飘起了雪花，是真冷，需要多穿！,1
饿饿饿o鹅鹅鹅,2021年2月27日,冰灯已经化了，就这卖100？全程不到200米。,0
ycdivw,2021年2月25日,人很多，孩子喜欢玩儿，总体来说还不错，,1
ycdivw,2021年2月25日,人很多，冰灯不错，孩子喜欢玩儿，满意,1
雪糕v杀手,2021年2月20日,人太多了，冰灯挺好看的，堵车太要命了,1
JbK168363654,2021年2月15日,不错值得一看！,1
匿名用户,2021年2月13日,还不错,1
gnj270089650,2021年4月3日,小学生游览胜地，人流还行。确实平时不多见,1
LX芾晓,2021年3月16日,地方特色  如果有庙会更好了 希望疫情赶快回去吧,1
LX芾晓,2021年3月16日,给朋友买的票  他们都说挺好的，明年孩子大了也去看看,1
匿名用户,2021年4月1日,算是打卡地 其实展厅就那么点地方 感觉真亏,0
LX芾晓,2021年3月16日,还不错  带孩子过来的  小宝贝儿很喜欢呢,1
gnj270089650,2021年4月3日,可以，去还是可以的，适合小学生参观。,1
LX芾晓,2021年3月16日,虽然画了许多水但还是很好的，下次还来,1
JbK168363654,2021年2月15日,不错！适合晚上来,1
匿名用户,2021年2月17日,"冬天封山，什么都不能玩，什么地方都不能去，基本只能看冰灯展，然而这个冰灯展区面积不算太大，东西不太多，总体来说完全不值票价，吃顿麦当劳不香么
 开车单程两小时，停车场到景区入口步行差不多半个小时，里面逛半个多小时，结束",0
xuepiao天晴,2021年2月17日,场地有点小啊，还是晚上好看，下午三点多到的，正好看了夜景。,1
lucky粑粑爸爸,2021年4月3日,一般吧，不去会后悔，去了更后悔。,0
epI166422049,2021年3月15日,非常壮观的一个地方。非常壮观的一个地方。,1
Composure3,2021年2月24日,去晚了，冰化了，里边的灯确实挺好看的，人特别多，不过不是很凉。,1
chenzeng1986,2021年3月28日,一般般，没什么看的，不值得去看，下次可能不会再去了。,0
tangbilan1976,2021年2月20日,非常漂亮，就是有点冷，大家多穿点,1
Composure3,2021年2月24日,去的太晚了，外边的灯比较好看，里边的冰都化掉了，踩了一脚水。,1
hu_hu,2021年2月18日,灯光不错，挺美的，孩子很喜欢。,1
WqG420532223,2021年3月3日,非常棒！,1
Zot835760583,2021年3月31日,不错，值得一去！,1
xgJ141366946,2021年3月30日,好,1
xgJ141366946,2021年3月30日,好,1
落落5072,2021年2月9日,「冰灯」大巴车很不错，车新也干净，司机师傅和导游服务很不错,1
忌思情,2021年2月14日,夜景超级棒，冰雕也很好看，强烈建议去看看。,1
snake8502,2021年2月25日,"过了红绿灯就是停车场，小车停车费20 大车不知道。车多的时候会排队进场。出场车多的话也会排队……
奔着冰灯去的，整体效果不错，还有个小车滑道的项目不错，可以试试，就是排队人多，一人30。",1
宝宝猪2010,2021年3月21日,今年的冰灯较往年少了很多，有于天气原因好多冰都在融化,0
BQf220093188,2021年2月18日,景区没有过多的布置，冰灯景区没有新意，同10年前布局一样，没有艺术气息，满儿耳充斥电喇叭?安全提醒和告知，完全是一个展厅一个延庆调，不仔细听以为进入农贸市场。好像在赶集。,0
董470953634,2021年3月4日,龙庆峡在2011年的时候去过，那时候觉得真的很不错，这次去很失望，可能因为疫情，人也特别少，感觉没啥意思 开车跑了那么远,0
ZFL481970268,2021年2月17日,一般，在买票入口处2公里开始堵车，只能早点出发，里面的灯做的不精致。,0
SLS553490631,2021年3月23日,就一个字冷，去的那天差点没给我们冻死,0
jfL286048913,2021年3月21日,还不错，跟女朋友一起去的，可能去的时候有点冷。。多穿点,1
匿名用户,2021年2月17日,前几年也是一百门票，但是逛了冰灯还可以上山玩玩逛百花洞，现在不让上去了，只看冰灯基本一小时完事了，没什么意思，外面的彩灯基本跟以前的一样啊，对于第一次去的人大概觉得还可以。,0
匿名用户,2021年3月23日,挺好的，不错啊，挺好的，特别好看，很不错,1
sOT220804095,2021年3月24日,服务周到，环境很好,1
初春的露水,2021年3月25日,真的值得一去,1
匿名用户,2021年3月23日,挺好的，不错啊，挺好的啊,1
yy百合花ii,2020年12月5日,「百花洞」「蹦极跳」「滑道」「溜索飞降」「鸡冠山」「划船泛舟」「神仙院」「游船」「玉渡山」「电梯」「金刚寺」「震山如来」「冰灯」，风景优美，山清水秀！夏天去的，避暑胜地，非常好！爬到高处，心旷神怡！北京周边游，挺好的！强...,1
gJP932254620,2021年2月28日,要是此为去，不值当，里面十分钟可以转弯一个来回，还挺冷，虽然冰雕的手艺都好的，但太少了，没啥意思！,0
acn314608099,2021年2月15日,景点设施完善，风景秀丽，打卡好去处！,1
sTL935911086,2021年2月26日,很小，不值这个价。开车一个多小时，就看那几个冰灯。,0
匿名用户,2021年1月30日,没有想象那么好，展区挺小的，感觉冰灯门票100不值。,0
xiao猫猫maomao,2021年2月26日,这次比以前强多了，外面的灯展不错，而且有滑道可以玩，比较不错，但是冰灯展跟往年没什么区别，大同小异，没有新意，也不算多。,1
匿名用户,2021年2月16日,简直太垃圾了，跑那么远，堵车堵的要命，在景区门口竟然堵了一个小时，交警在路边都是吃干饭的，没有任何作用，景区绝对垃圾，冰灯太难看，敷衍游客！,0
muou0722,2021年2月26日,环境还不错， 就是冰都化了，外面的灯都挺好看的，如果说按冰灯100块钱的票价，我觉得不值，如果冰灯?外面的灯  算凑合吧～,0
iRy510578936,2021年3月16日,大家玩的开心，很好，景区很好看,1
只剩余音,2021年3月12日,个别项目需要自费，玩的还好，提前准备好防晒,1
UZm571001870,2021年3月7日,还不错，就是缺少孩子玩的！冰滑梯，冰上碰碰车都没有。估计受疫情影响吧！,1
匿名用户,2021年1月30日,种类不多，门票贵，感觉不值这个价,0
jUP579870361,2021年2月22日,实在不好意思这个我还真的不知道，您可以打明天白天打电话问下，我今天去了100元进去的，特别没意思，电梯不开，上不去，滑道也没开，100元就看几个冰雕，而且冰还化了。,0
yuewen0411,2021年3月13日,100元有点不值，性价比不太高。,0
kaJ321564183,2021年3月16日,大开眼界，非常漂亮,1
gJP932254620,2021年2月28日,那么远此为跑一趟去看冰灯，结果真心冰灯少的可怜，十分钟一个来回就出来了，很遗憾！,0
kaJ321564183,2021年3月16日,超级美，热闹非凡,1
gJP932254620,2021年2月28日,东西真心少的可怜，进去逛也就十分钟整个来回就出来了，那么远去了趟感觉挺失望的！,0
小样贼拉风,2021年3月8日,还可以，只不过我们去的时候冰都快化了,1
吃播京京,2021年2月8日,必须晚上去，不然真的没啥，冰灯就那么一点点，一个小时就看完了。感觉不咋好，晚上黑了以后突然灯都亮了，小操场开始有音乐声，比较悠闲。总的来说不是太值得，看看也无妨。,0
ruQ13911245878,2021年3月7日,不值的跑一趟那么远，不过景区管理的不错，工作人员比较nice,0
匿名用户,2021年2月18日,只看了冰灯，想坐滑道呢，但是人太多了，好像需要两个小时，很冷不想排队。冰灯没有想象中和宣传那么好，票价太贵了  不值。,0
猫351256,2021年3月5日,一般，可能因为疫情，冰灯花样不是很多，这个价格不值得,0
妙坤2022,2021年3月12日,冰灯不错?,1
muou0722,2021年2月26日,环境还不错， 如果按冰灯这个100块钱 我觉得不值，  如果按外面的灯?冰灯算  还凑合  冰都化了,0
unq802518644,2021年2月24日,非常好,1
slq2005001,2021年3月8日,夜景不错，错开高峰期车也不多,1
pvz255222492,2021年2月16日,"进停车场排了一个小时，也没谁了
走的时候，从停车场出又走了半个小时，原来是不让扫码支付，让交现金，难怪堵的一塌糊涂
不清楚老板咋想的！",0
吃成大花猪,2021年2月22日,冬季去的话除了冰灯没什么看的，性价比不高，冰灯也并没有很出彩，另外可以停车到外面就在外面停车，里面停车一次二十。,0
eVQ442255460,2021年3月6日,停车场挺大。进去还要健康宝  夜景挺美,1
匿名用户,2021年2月14日,因为是白天去的，天气也有些暖了，冰都有些融化了，不过还是很漂亮,1
蛋蛋LoveY,2021年2月28日,没啥可玩的 冰灯很少 车也不少 都没地方停 总体感觉那么回事,0
lHe240852894,2021年2月14日,真的什么都没有，景区也不告知最佳游览时间，真是坑,0
eVQ442255460,2021年3月6日,和家人一起去的 挺好的   停车也很方便,1
eVQ442255460,2021年3月6日,妹妹快开学了 带她去溜达了一圈。挺大,1
faE716318479,2021年3月2日,"景区很美很漂亮，各种冰雕有艺术韵味
值得去观赏",1
猫351256,2021年3月5日,一定要多穿，人还挺多的，冰灯数量一般吧,1
猫351256,2021年3月5日,一般般吧，灯品种少了些！去了一定要多穿点,1
eVQ442255460,2021年3月6日,不错和家人一起去 去晚了 有好多化了,1
slq2005001,2021年3月8日,刷吗进去挺方便,1
qEQ641883803,2021年2月16日,真的挺好的，不错夏天有机会一定再去看看,1
巩丫儿,2020年10月25日,一大早差不多九点就到了，感觉很荒凉，商业街基本都关门了就挨着入口那还有几家，不用搭电瓶车溜达着一会儿就到景区入口，买票进去以后走到搭电梯那被园艺的大姐告知电梯关了，滑道也关了，得从出口路线走到游船或者索道那，...,0
DqQ150561719,2021年2月21日,真心不推荐来。什么啊。唯一一个节目。还是一个八分钟的投影视频。没有解说。看的观众云里雾里的！不推荐,0
omt406003558,2021年3月7日,特别棒冰灯,1
anniejiao,2021年3月7日,不错,1
匿名用户,2021年2月28日,冰灯少 马马虎虎 不好停车 太多人了 一趟下来觉得那么回事,0
YYQ380,2021年2月17日,简直就是骗钱的。冰灯特别差还比不上哈尔滨大街上的。停车场进不来出不去。堵车堵了一小时都不动。这还要100块？简直了。特别差！,0
桔觅,2021年2月13日,下午去的时候还没黑天 所以不明显 夜幕降临的时候 灯光还可以 冰灯也不错 就是感觉项目很少 有点失望,1
_qqths1409365472,2021年2月18日,"停车免费，不要相信路边停车的，摆渡车单程10快，5分钟，走路1公里，自己看情况

看灯，其他景点好像没开放",1
JbK168363654,2021年2月15日,孩子很开心！！,1
Uxd267426382,2021年2月18日,我觉得一定要每年修一下冰滑梯让孩子们观赏游玩之后尽情玩耍。孩子们四处找可以滑冰的地方，也不安全,1
FLN395627633,2021年3月3日,很好看，还赶上下雪了！虽然有点冷，但是太美了！,1
RAD989849438,2021年2月2日,充分体现东奥会表现还是很不错的,1
一帆“沣”顺,2021年2月17日,漂亮,1
zgm_tg,2021年2月19日,还行吧 就是雕塑少了点 与往年雷同的多 希望有更多样式的雕塑 可以像哈尔滨多学习,1
he12345he00000,2021年3月1日,冰灯开始出现融化，山体光影秀不错,1
CXp952687453,2021年2月28日,今年的特别小而且也没意思，就有些灯,1
bYR824240172,2021年3月4日,挺好的,1
IVi134685291,2021年3月1日,过年冰灯傍晚去的，人太多了，应该早去,1
轩洋宝贝2009,2021年2月28日,不错哦带孩子去的哦。人不多哦！冰有些化了,1
明白世界糊涂生存,2021年2月26日,冰滑梯不能用，二，十年前去过幸福满满，在去无味了,0
pvz255222492,2021年2月16日,"体验太糟糕了，人多，堵车
最后两公里走了一个小时，走的时候停车场非要交现金20，难怪那么堵",0
啊啊啊啊啊雨825,2021年2月28日,啥也没有，都不开放，很失望不值得,0
匿名用户,2021年2月14日,一般，不值门票钱，灯光秀做的很没有创意，冰雕还可以，数量比较少，略坑,0
rose307460673,2021年3月1日,只有冰灯开放了，其他都没有开放,0
轩洋宝贝2009,2021年2月28日,还凑吧人不是很多，带孩子一起去的,1
祖祖辈,2021年2月23日,都快化了咋整就适合开车去，差点走着回家,0
FLN395627633,2021年3月3日,很美很美,1
lHe240852894,2021年2月14日,什么都没有，进门到参观完唯一的景点水晶洞，只需20分钟。白天什么都没有，晚上据说才有灯。谁能等。,0
初春的露水,2021年3月1日,冰灯很不错,1
Qva166918811,2021年2月28日,啥也没有，太不值了。哪也去不了???,0
he12345he00000,2021年3月1日,不错,1
Ben805012,2021年2月21日,冰灯一般没啥意思价钱贵后面的景点也都没有开,0
匿名用户,2021年2月25日,真的很一般，不值。。真的很不值。。,0
zhaoying806,2021年2月19日,每年都会去孩子喜欢。京郊溜娃的好地方。,1
匿名用户,2021年2月17日,这个冰灯有点坑，别的地方不开放，半小时就玩完了，还没路上时间长。,0
匿名用户,2021年2月19日,还可以吧，第二次去了，没有第一次好玩，也因为疫情原因。，玩的不痛快,0
HlC380343641,2021年2月23日,太失望了，失败的一次出行。冰灯化成水了,0
zgm_tg,2021年2月19日,冰雕不够多 半小时看完 不过瘾 希望明年更多 雕塑更多样,0
HlC380343641,2021年2月23日,失望的一次旅行，冰灯都化成水了,0
倾城夏微热Nancy,2021年2月17日,"太差了，太坑爹了
开车两个多小时。进去十分钟没去的千万别去了太不值得跑一趟。",0
匿名用户,2021年2月27日,美极了！！,1
匿名用户,2021年2月27日,美极了！！,1
Ben805012,2021年2月21日,冰灯很小一个地方，一般般，门票不值这个钱,0
ukk97081563,2021年2月21日,人太多了，看照片挺好看的，到了现场没啥感觉,0
匿名用户,2020年12月6日,"《不虚此行》
今年十一不一般，
观祖国大好河山。
推荐延庆龙庆峡，
真是值得爬一爬。
有山有水有松鼠，
有吃有喝有感触。
轻舟已过万重山，
身临其境不简单。
朋友圈里看一看，
感受不到受局限。
不如亲自见一见，
神造万物奇惊叹！",1
珠圆玉润0314,2021年2月20日,太差劲了，一点也不好，冰都化了，不值,0
苗陈氏,2021年2月19日,还可以，就是走很多路才能到，进出人流不能分开，还挺挤的,1
小吃鬼鬼,2021年2月17日,值得一去，景点很棒，提前预约门票，进出停车场很费劲,1
jyF966351824,2021年2月18日,应该有一些表演，现场版演出会什么的歌曲舞蹈大秧歌等,1
忆夏xx,2021年2月25日,值得一看很好,1
wfi514564751,2021年2月21日,好可以吧。就是人太多了。天气也太冷了！,1
匿名用户,2021年2月19日,人太多了 人挤人的 走马观花的看了看,0
树熟小芒果,2021年2月17日,冰雕不多，也算是见识了。外面的灯树比较好看,0
匿名用户,2021年2月19日,一般吧。有点小，晚上可能还有意思点,0
vQy150840222,2021年2月18日,完玩可以，但是开车的去的要注意，停车场一个小时都出不来,1
匿名用户,2021年2月19日,真的很一般，车程1.5，逛一小时。,0
Dlm191667870,2021年2月20日,每年都如此，就是领孩子看看，山上投影停好的,1
zRU739599004,2021年2月18日,没有之前好玩了，冰灯也少了，不过景色不错很美,1
zhaomengmeng5125,2021年2月19日,简直太一般，门票还老贵，不会再去了,0
OSJ94341340,2021年2月12日,女生比较喜欢这种，晚上五点以后才有灯光亮起来，很浪漫的感觉,1
RNT694906741,2021年2月24日,不错?,1
RNT694906741,2021年2月24日,不错?,1
MfY122329483,2021年2月14日,景区太一般，冰灯也就那么回事，总之就是一般,0
匿名用户,2021年2月22日,前年的猪去年的鼠都在，今年牛年你懂的,0
caw248608652,2021年2月16日,冰块搭了几个破房子，实在太坑。连照片都都懒得拍一张,0
LUp375709768,2021年2月16日,冰灯很好看，周边交通不方便，希望增加公交车次。,1
四眼田鸡1,2021年2月18日,太一般了哈！太贵啦！坐摆渡车还要钱啊！,0
zorro1666,2021年2月15日,太没意思了，从停车场到景区再回停车场用时不到一小时,0
Eva55555,2021年2月16日,一个字 就是贵  不值 设备老旧破烂 小,0
Qoi277696833,2021年2月15日,人特别多，排队停车排了一个多小时，现场管理混乱。,0
gallowses,2021年2月18日,太冷了，没有等到灯光秀，电梯都没有开……,0
fGO458088550,2021年2月19日,啥****都没有！！！还嫌弃我字数不够,0
hrx100200,2021年2月12日,太差了，比每年差的不是一点，如果还没去的还是别去了，太坑人了，去了也就看个寂寞，去了准后悔！,0
RBH612100768,2021年2月15日,凑乎吧，过年人太多了。景点不大，门票相对贵，不值,0
fGO458088550,2021年2月19日,鸡毛没有，还死贵，不值千万不要去,0
Zot835760583,2021年2月16日,不错不错，能在北京看到冰灯，知足了,1
老温963,2021年2月17日,还可以吧花灯比较好看冰灯少了点,1
匿名用户,2021年2月19日,一般般吧！挺冷的，建议多穿点。,1
MfY122329483,2021年2月14日,冰灯确实不错，其他的就真的没什么了,1
度尚将军8,2021年2月19日,垃圾，下午来的。出去晚上就进不去了,0
空城小巷一角阳光,2021年2月13日,没啥看的，人巨多，走半天山路，就一个棚子里有几块冰,0
Fpl718963610,2021年2月14日,太坑，无法值回票价。不推荐。冰灯太少了，没劲。,0
匿名用户,2021年2月16日,不值这个钱 太小了  实在太小 也老旧,0
majf03,2021年2月14日,冰雕还算精致，景区不大，不过也不容易，,1
匿名用户,2021年2月16日,这个门票有点贵了 去一次就不会再去的地方,0
fGO458088550,2021年2月19日,不要去啊，什么破地方啊，啥啥都没有,0
gdM187956669,2021年2月18日,冰灯很好看，晚上去最好看，值得一去,1
lHe240852894,2021年2月14日,景区啥也没有(>n<)摆渡车还一张十块钱，坑。,0
djbahcyybz830719,2021年2月13日,挺漂亮的，一部分冰灯一部分花灯，孩子看个新鲜。,1
RRd195969335,2021年1月31日,冷清，大部分不开放，还敢收100，破冰灯,0
匿名用户,2021年2月17日,北京周边很满意的一次花灯观赏,1
Fpl718963610,2021年2月14日,冰灯太少 无法值回票价。差评。完全不推荐。,0
匿名用户,2021年2月3日,冰灯跟以前机乎一样，龙梯和百花洞都不开，冰灯也就几个3个小场在，外场灯布还是以前的，血亏。,0
fGO458088550,2021年2月19日,太差了，不要去，不划算，，，，，，，，，，,0
pwq862337224,2021年2月16日,没什么可去的，路程两个半小时，游览半小时,0
fGO458088550,2021年2月19日,千万不要来，千万不要来，来了也白来,0
MkU796013139,2021年1月29日,好玩的地方。真的很好看,1
匿名用户,2021年2月16日,完全骗人的，太敷衍了，极力推荐不要去，不要去！,0
RRd195969335,2021年1月31日,千万别去，坑人的，10块钱的水平,0
noG621506012,2021年2月12日,太差了，非常的差，没来的也不要来了，买了的票也快退了吧！太不值了,0
hcisy,2021年2月12日,太不值了，冰灯和鬼屋一样，其他项目都不开,0
GOB238354732,2021年2月15日,很好，不错，景色很美,1
Fpl718963610,2021年2月14日,我就这么说吧，谁来谁别想过好年,0
dfd307756007,2021年2月13日,还算不错吧136648冬天有个底还算不错了,1
匿名用户,2021年2月12日,?100块钱看了个寂寞～太难了,0
ZkH301390495,2021年2月14日,灯光属实很美,1
吃播京京,2021年2月8日,一般一般一般一，冰灯区很小，一定要晚上来。。,0
持久战2009,2021年2月6日,很不错，带孩子去的，孩子玩的很开心?,1
匿名用户,2021年2月10日,棒棒哒支持，,1
小熊快起床,2021年2月7日,200块钱看了个寂寞 啥也没有 龙也没开..,0
dUm457076510,2021年2月1日,很舒服，十一去的，进入山里还是有些微凉，建议还是带个褂子,1
hYw864221720,2021年1月31日,地方不大，总体感觉一般，不值这票钱。,0
RAD989849438,2021年2月2日,总体还好吧突出了2022冬运会的特点,1
dUm457076510,2021年2月1日,景色宜人，风景优美,1
少吃多动5,2021年1月29日,非要什么非要什么让说15个字 好麻烦让说15个字 好麻烦 里八嗦,0
爱笑女孩儿939,2020年10月4日,"自驾2小时延庆郊区游玩，停车费用20不限时
分享一下延庆龙庆峡景点，很大，整体不错，空气清新，门票40元，唯十三个景点需要另付费，缆车50，划船100，平均也就半小时，个人觉得没必要，不划算，但是不差钱儿的，可以体验体验..",0
单曲循环百听不厌,2021年1月20日,量特别少，味道还不错，希望下次多给点,0
吃神0707,2021年1月14日,去过好几次了，疫情时间去散散心,1
iNe123454985,2021年1月9日,好看,1
匿名用户,2021年1月7日,冰灯只要举办就会去，像庙会一样！,1
qihuijuan,2020年11月6日,十月份以后去，最好穿上棉服，好冷的。风景不错，大家可以去看看。最佳时间应该是七八月份，避暑的胜地啊！美团购票不需要排队哦，直接进去就可以。十月份以后去，最好穿上棉服，好冷的。风景不错，大家可以去看看。最佳时间应该是七八月... ,1
安妮安妮鸭,2021年1月4日,智商税老铁们！！！！！！！！！,0
安妮安妮鸭,2021年1月1日,为了蹦极去的 结果没开哈哈哈 应该提前告示一下,1
MyLilf,2020年8月10日,攻略很多人都写了呢，大致发一下费用吧～停车费20元，不限时间，进停车场就直接收啦。进了停车场还没准备下车就有农家院的来接人了，按个人要求是农家院吃饭～吃饭的话他直接送你去大门口，不用做观光车。不吃农家院的话，就自己买观光...,1
xun232779017,2020年12月27日,挺好的，孩子玩的比较高兴,1
PFw906987484,2020年10月9日,设施很全，不愿意爬山或者多走的，可以来玩玩，很适合亲子和老人，不过就是里边消费的项目不少，游船，滑倒，缆车等。,1
ce511jp,2020年12月20日,非常不错(*?′ts`?)?，还会去,1
ce511jp,2020年12月20日,非常不错(*?′ts`?)?，还会去,1
zqw752000,2020年12月15日,风景优美，媲美桂林山水！山峰奇伟，值得一看。,1
renyou1115,2020年8月30日,"风景美丽 做了游轮 100一位 1.2米以下儿童免票 中间有一个码头可以停靠 岛上有手划船和滑索 不敢体验 没有下船 结果工作人员要去卫生间 乘客船上等了近半小时 船上无遮阳篷 体验不太好 
下山做了轨道滑车 30一位 ...",1
zqw752000,2020年12月15日,风景不错，媲美桂林山水！值得一看。,1
向上人生oo,2020年12月13日,还是不错的 和朋友孩子一起坐船 然后坐索道,1
老李大治,2020年10月2日,二零二零年十月二日我们一行四人来到龙庆峡，先乘坐游船观光并从金刚寺码头上岸游玩至月亮湾码头乘船离开，再乘坐索道游玩。沿途的景色非常漂亮，我们还会再来游玩的。,1
妮妮,2020年8月15日,龙庆峡孩子冬天去看过冰灯，夏天没有去过，这次疫情暑假没有带孩子坐飞机和火车去外地玩，就在郊区玩玩。想起来龙庆峡了，带孩子坐了游船，坐了缆车，缆车很漂亮，五彩缤纷的，是小的缆车，我和孩子一车，老公一车。下了缆车我们去坐了索...,1
MrG533838159,2020年12月14日,玩得不亦乐乎，开心极啦,1
lx_zc,2020年12月13日,不错,1
lx_zc,2020年12月13日,不错,1
lx_zc,2020年12月13日,不错,1
lx_zc,2020年12月13日,不错,1
jIP428073190,2020年10月10日,还可以，景色不错，就是那天风大，有点冷，100元的游船个人觉得贵了点，游船也没什么景点，没解说！,1
小薯条y,2020年11月5日,什么都没得玩、游船很贵、建议不要去。什么意思都没有、此生都不会再去了,0
xVL600112746,2020年12月6日,一般般，价格偏贵，环境保护一般，楼梯破旧,0
殇城125,2020年10月16日,不错下次继续把另一山头转完。哈哈,1
vBv492256620,2020年8月21日,坑爹啊！！！设施一般！往死里宰人！！！门票成人40一位！停车场小车20一辆！停车场距离买票大门口还要走好远！沿途也没啥玩的。进了景区要想再往里面深入，必须坐船！必须坐船！高于1.2米的都是100往返！说是小漓江，其实和漓...,0
RbV783884853,2020年12月3日,还行，没地儿去的时候可以转一圈儿,1
topa1379,2020年8月27日,对于懒人而言这地方简直是天堂 推荐项目蹦极 游船 划船 滑道 蹦极260 会问你要不要拍照 拒绝nonono 拍的简直我**.... 速降 我建议去雁西湖 这个太慢了 游船来反100元 划船可以3个人 一个船100下午4...,1
匿名用户,2020年10月15日,五一去的，感觉还可以，推荐附近的自驾去，反正用不了一天就能回来,1
_qqvt21437637215,2020年12月1日,还好吧，跟同事一起去的，。，，，，,1
rEz837368346,2020年11月27日,说走就走的旅行，夜里观灯的好去处,1
hdd841227,2020年11月15日,建议不要让带宠物进景区，我家孩子被游客带进去的小狗给抓伤了！这样太不安全了！,0
pAm4019685,2020年9月27日,风景还可以，都要荒废了。没有多少人，价格方面特别不值，做个小船来回一百块，没多长时间就转完了。我觉得不值得推荐。最多也就是半天行程，没啥意思,1
hhY348677273,2020年11月24日,很酷。跳了一次蹦极，这辈子都得记住这个地方,1
匿名用户,2020年8月15日,夏天的龙庆峡没有冬天的龙庆峡冰灯有名气，但是这里夏天的景色也是超美的，坐着游船看四周的绿树青山，格外凉爽！下了有游船直接坐五彩缆车，拍照超漂亮！下了缆车去玩了索道，完美的一天！推荐大家去玩玩！,1
jTA577848291,2020年10月3日,到顶了，比青龙峡好玩,1
florazf1213,2020年11月22日,挺好的，值得去，夏天很凉快,1
Vhb877251209,2020年7月13日,带孩子老人休闲游很不错，不是很累，到停车场里面进去收费20，带车出来30块钱到景区门口，不做摆渡车。走不多远就到景点，有扶梯可以直接到大坝上方，然后就可以坐船了，下船的地方和再次上船的地方不在一起，从下船的地方往金刚寺方...,1
姚成平0407,2020年11月22日,一段好的回忆，非常美,1
sow724292542,2020年7月5日,早不下晚不下，船刚开出去大雨浇了个透心凉，结果索道和滑道都关闭了，就乘船转了一圈，！浑身都湿透了！谷内凉爽，下雨以后冻的发抖，幸亏买了个雨衣能挡着点风！风景还不是不错的，有小漓江的感觉，并且天气也像南方一样多变，一会儿大... ,0
匿名用户,2020年10月7日,坐船看看景、爬爬山，还是挺好的，就中规中矩的风景区，里面有一些蹦极、滑索的游玩项目。可以带家人来散散心,1
夏雨涵少,2020年11月17日,感觉稍微贵点门票，其次停车距离入口太远,0
gzsh420,2020年11月7日,环境清幽，坐电梯爬山也是头一回，不过确实让抱孩子的我们省了好多力气。,1
匿名用户,2020年8月15日,夏天的龙庆峡景色绝美，坐着游船来一圈超爽，孩子第一次坐，自己录了好多视频。下了游船我们去坐了五彩缆车，彩车配上青山，很美的画面，山不高，一会就到了山顶，我们买的往返的，坐着缆车下山。然后去坐了索道，孩子第一次玩没敢自己玩... ,1
匿名用户,2020年10月5日,这个景区适合家人游玩，不会太累，上山也都是台阶，还有缆车可以乘坐，滑倒特别好玩,1
pxsilver,2020年10月4日,门票只是开始，真正的美景需要再买船票，进入峡谷深处，而最有乐趣的，是自己划木船进入峡谷的支流,1
hdd841227,2020年11月15日,请拒绝带宠物进入，太危险，出问题景区还不负责,0
EMA117400486,2020年10月2日,适合老人、孩子游玩，一点都不累，没什么山可爬，都是水泥路。,1
Alang6725,2020年11月3日,大山深处好去处，风景不错，人也不算多，赶上好时节吃点周边美食,1
俺马上要饿死啦,2020年11月17日,总体来说还不错,1
匿名用户,2020年10月5日,秋高气爽来这个景区玩，景色不错老人孩子也适合，可以做缆车上山,1
ld54811,2020年11月9日,美丽的景色，飘渺的船行，悠闲的节奏呀,1
gzsh420,2020年11月7日,龙型电梯，山中岩洞，很新奇的体验，感觉很不错。,1
ld54811,2020年11月9日,***的题字，山清水秀，别有洞天,1
ld54811,2020年11月9日,水，山，龙梯，船游，就是惬意。,1
candy795270,2020年8月14日,龙庆峡，山青水美，北方难得一见的景色，让人想起了桂林山水和三峡。全程都是”交通工具”，巨龙电梯，然后游船，然后索道，几乎不用爬山（中间只爬了十几分钟），很轻松，下山还有滑道。山下的景色也不错，设计用心了。会推荐朋友家人过来玩。,1
阳光夏雨88,2020年11月8日,挺好的，不错，值得购买，出票速度很快。,1
oka153829463,2020年11月10日,喜欢这里,1
云凯1314,2020年9月5日,景色不错，需要注意的就是必须坐船?，船是100一位。上行是电梯，没有下行的，属于单程路，所以必须坐船。景色很美，但是船很快，不过瘾。一会就完事了,1
SgS105529987,2020年8月24日,避暑圣地，带着老人孩子一起来的，一圈下来划船索道滑道项目多还不累！,1
匿名用户,2020年11月6日,物有所值,1
cmecjh,2020年11月3日,还行吧，就是船票太贵。没去过可以去试试。,1
澄枫711,2020年8月9日,景区交通便利，基础设施较完善，景色也很好，景区一些项目有些小贵，但总体推荐游玩。希望朋友们继续保持环境意识，不乱扔垃圾,1
匿名用户,2020年11月3日,很好，很值得多次来,1
fOc206980082,2020年10月28日,带孩子去玩的，挺不错，就是有点冷，天气热点可以去玩,1
匿名用户,2020年8月16日,景色真的太美了，不枉我坐4个小时的车，游船，飞降，滑道都玩了价格不低也不算贵，去之前下雨了想咨询景区开不开门，打n个电话都不接。,1
imV659192964,2020年10月29日,挺好的旅游景点，，坐船的线路是不错的,1
ttlpeach,2020年10月25日,老景区了，整体还是不错的，有些小桂林的感觉,1
BfX641677431,2020年10月25日,值得去一次还是很不错的价位合适物美价廉,1
siE358345867,2020年10月28日,还不错，比较满意，冬天去比较冷,1
vZL493839766,2020年10月25日,还行吧去早人少些，做船有点贵！,1
pAm4019685,2020年9月27日,不值得推荐。门票不贵。但是里面必须坐船，不坐船根本啥都没有，坐船一趟100元更不值得，没有啥特别风景,0
OmJ404282240,2020年6月22日,本人从昌平出发，乘坐S2线黄土店站起到八达岭站下，黄土店站需要从霍营地铁站内部进入，由于延庆修火车站呢，S2线只到八达岭站，出了站就有接驳车，免费的，大约30分钟赶到延庆，从影剧院站下车，坐公交过去，有两路Y15和Y43...,1
DOq19672867,2020年9月3日,山青水秀太阳高，好地方好风光,1
格桑大人,2020年10月17日,差评，进来后才告知电梯不开，本来是想进大龙里边的，也不提前告知电梯也是关的,0
匿名用户,2020年7月4日,本人从昌平出发，乘坐S2线黄土店站起到八达岭站下，黄土店站需要从霍营地铁站内部进入，由于延庆修火车站呢，S2线只到八达岭站，出了站就有接驳车，免费的，大约30分钟赶到延庆，从影剧院站下车，坐公交过去，有两路Y15和Y43...,1
匿名用户,2020年10月12日,不错的一次旅游，下着小雨划船泛舟。科学管理，更加人性化方便。,1
fND972112028,2020年10月16日,还不错「滑道」「划船泛舟」「玉渡山」「电梯」挺好的,1
瓜好甜,2020年8月14日,不怎么样的景区 就一个坐船 进这个门 就40元还不如古北水镇，同样140古北水镇不香吗,0
悠闲671,2020年10月6日,环境不错，就是消费有点高，游船100元一张票，景色不错，但是服务态度很差。,0
chang474649794,2020年10月16日,收费一套又一套。真是个坑啊，没啥景点！,0
UVm368505321,2020年10月6日,还…行吧，除了有点冷。可以早点去，人也少，山上风景也美。等我们玩完该走了，人也多了，乌央乌央的。,1
肖果董xyq,2020年10月16日,还可以，，就是太冷了。冻死，，,1
misery2009,2020年10月16日,山高  需要做缆车  注意安全。。。。。。。,1
pAm4019685,2020年9月27日,不好?，非常没意思。不值得推荐,0
zhu2485451397,2020年10月6日,不满意，特别不满意，除了缆车还有船票 其余什么都没有，没有游客上去的道,0
二傻子都有人用啦,2020年8月15日,风景优美，空气清新，温度比市里低几度，凉凉快快。,1
pbo142753083,2020年10月12日,还不错，风景挺好，就是太远了……,1
zhx汗,2020年8月10日,真心不错，你值得拥有！,1
kuB713011888,2020年10月14日,挺好玩的值得一去,1
NEo368336746,2020年9月22日,山青水秀，坐了船体验风格很美，主要是很凉爽,1
nTI654172619,2020年9月25日,一般吧，进门先收20元停车费，停车场四面八方过了人问吃饭住宿吗，不搭理他还生气呢，每人100元坐船转了一圈。,0
vXO251922629,2020年10月8日,总体还不错，还看了斯琴格日乐的演唱,1
DOq19672867,2020年9月3日,山比三峡险，水比漓江清，真的不夸张，景色太美了。,1
匿名用户,2020年10月7日,强烈推荐乘船，饱览沿岸风景，就是乘船每人100元较贵。,1
匿名用户,2020年10月4日,刚开始充满期待 进去就一般般 后面的冰雪世界里 还不错,1
康燕KY,2020年10月7日,设施还可以，有电梯！,1
dLp350480943,2020年8月12日,来值了漂亮的山水画不枉此行,1
匿名用户,2020年10月7日,美 强推,1
皆得自在,2020年10月7日,隐形消费太多，最后悔的一次旅行,0
佩恩哈娜,2020年10月6日,俩字儿牛逼,1
ipX227160778,2020年9月24日,感觉设施齐全，景色宜人 环境优美，就是指示路径不清楚,1
讨厌onetwothree,2020年7月14日,京郊小漓江，超级美，强烈推荐，不过爬山要带水，还有龙庆峡应该要么坐缆车要么坐船，没有自由爬山线路，坐船到山脚下才可以爬山,1
Fvo492275185,2020年8月8日,服务周到，游船100元来回，小木船100元最多做三人不限时间，风景漂亮。,1
匿名用户,2020年7月6日,风景很好，是选择旅行的好去处，虽然没有去过三峡，但很像三峡的感觉。很开心玩了划船，累但是很开心。很想玩蹦极，但是感觉有点小贵，这是比较遗憾的地方，便宜点就好了。空气很好，路上的风景也很好，刚到的时候还下了冰雹，不过还好就..,1
yy百合花ii,2020年9月25日,体检非常好，山水之间，强烈推荐,1
RAg152313220,2020年8月1日,就像所有差评说的一样太坑了，纠结的千万别去，我好后悔去之前没有看评价，这是我在北京周边玩过的景点最差的一个，不做船哪里也去不了强制消费就是，你不船下边可以玩的地方空间很小坐了船进去也没啥意思100块钱一个人真的没必要去，..,0
wIN348176894,2020年7月23日,很难过的一次游玩，开车到了结果告诉我，3点停止检票，只能做游船荡一圈，不能上岸，买了门票基本就里面转一下，实在是不怎么样，特别失望，里面环境一般都不怎么打扫卫生啊,0
jDI338316720,2020年8月23日,"设施还好吧，下雨索道关闭了，最后走下去的，有点难受，坐船游览了一圈，景色很优美，但是看久了有点没意思，主要那些什么峰像啥我都认不出来，哈哈

匆匆乘船，绕了一圈就离开了，别的就没啥了",1
Paranoid偏执少女,2020年9月23日,当天景区停业，票钱退了但此项服务未退款。,0
吖哈觅,2020年9月22日,人少，玩的少，到处都在建基本没什么玩的,0
NEo368336746,2020年9月22日,景区主要是感觉挺凉快的，夏天去正合适,1
NEo368336746,2020年9月22日,"孩子很喜欢，有山有水，让孩子
玩的很开心",1
feenry,2020年8月1日,总体上感觉不错，第一次过来玩，挺凉快的，景色也不错，人不少。,1
刘晓慧220,2020年9月3日,去了一定要坐游船游览，要不就白去了，能看见小三峡一样的景色，不过游船没有顶，夏天去太晒了，一定要带把伞，否则晒死，景色也就打折扣了,1
嘻哈MAX,2020年8月21日,还不错 ? 味道很好 下次再来吃?,1
zQb387722340,2020年9月19日,真的是极差的旅游体验，花了190，看了个寂寞,0
zQb387722340,2020年9月19日,40块门票钱，就真的是门票钱，啥都没有,0
yangshitan,2020年9月12日,环境优美，景色秀丽，就是游船的费用太贵了，应该降低一点。,1
匿名用户,2020年9月16日,很不错 就是船票时间太短 性价比低,1
匿名用户,2020年9月16日,门票40，缆车50，船100，风景不错，不晕船根本看不到。,1
feng861031,2020年9月15日,离家比较近，创意多。冬天可以去参观一下,1
twg980265669,2020年9月16日,你要真把我惹生气了，我就可以可以可以可以可以,0
ymyhua,2020年9月13日,还可以了啦 凑合 就是行程再长点就好了,1
IUp851674179,2020年8月9日,风景很好,1
ESp164118316,2020年5月5日,带爸爸妈妈去的，我们难得可以在这个特殊时期一起休息。爸爸妈妈玩的很开心。这真是个好地方，游船的山水风景让我身处普吉岛一般，座缆车到神仙院烧香还不收费，我们自愿放了一点聊表心意。然后一家人爬到了山顶一览众山小。下山拍照最后..,1
wanglanhui2012,2020年8月30日,延庆龙庆峡风景秀丽，空气清新。是一个很好的旅游胜地，真不愧为北方的小漓江。,1
jUG443069013,2020年7月27日,风景非常不错，有小三峡之称，夏天比市内温度至少低七八度，适合度假避暑～,1
kCZ163231583,2020年9月10日,风景很好，中国人服务都那样……爱理不理,0
Iww278600602,2020年9月3日,景色优美，人太多，其他的都不错，就是工作人员再专业点就更好了,1
风花语11,2020年8月16日,风景如画，值得一去，但是被景区门口当地人忽悠了，介绍去他家吃饭，车免费停饭店门口，当地人开车接送，结果半天不来接，到饭店一个摊鸡蛋38元，当地人不厚道,0
FQd846512470,2020年5月26日,五一跟朋友一起去的。风景没得说，环境很好。滑车挺好玩的 单人和双人的 不刺激 但是挺那感觉不错 神仙院旁边的金盆 可以洗脸洗手 水冰凉冰凉的 山上很多奇奇怪怪的树木 有很多带孩子去的 一路上卖水和冷饮的特别少 建议自己带水上去,1
zixi954,2020年7月27日,人不多，比市里温度低了好几度，很凉快，游客少心情也很舒畅，特别是山上，必须穿裤子，洞里真冷啊。一家人老老小小玩的很开心。我们是带着午餐去的，里面的水和食物很贵。景点都这样。,1
刘晓慧220,2020年9月3日,去了一定要做游船，不过游船没有顶，太晒了，一定要带伞,1
sinomoni,2020年6月26日,环境优美，疫情期间人还少，自己划的小船半路把桨栓划断了，一个桨划回来的。,1
WY小桃气,2020年9月9日,值得一游,1
杨有为好青年,2020年5月27日,"还是值得一去的，家人，亲子，朋友，情侣都很适合，因为除了好山好水好天气，玩的项目也多。
停车费一次20元，
门票成人40左右，
坐船是必须的，100一人，
缆车和索道好像40一个人左右。
河水如宝石般的翡翠绿啊！",1
pRX539752922,2020年8月26日,感觉比以前去的时候少了好多东西呀，玩的项目少了不少，但是总体来说还可以。,1
谁家内谁135,2020年9月7日,挺好,1
匿名用户,2020年8月31日,老牌的旅游景点，商业化不浓。自然风光心旷神怡,1
vyQ156535081,2020年7月30日,风景优美，泛舟山水之间。气温比较凉爽,1
董博929,2020年9月1日,爬了山，做了船，很惬意了，推荐。,1
susansunshinedu,2020年8月22日,不错哦，喜欢上山的电梯，节省了体力，对于老人和孩子是不错的选择。推荐去,1
QnZ139095226,2020年9月1日,小桂林 上水之间 景色很美,1
爱吃鬼！.com,2020年8月26日,好凉快，景区内秩序有序，就是公共厕所脏乱差，有待提高,1
匿名用户,2020年8月29日,设施一般，环境还行，坐船会有乐趣,1
Wtt918837713,2020年8月29日,还不错，下次去坐船，风景估计更好看,1
保护大白6,2020年7月19日,远离市区，凉爽，一定要坐游船呀,1
kaX918042033,2020年8月14日,景区建设不错，腾龙电梯超赞，！登山台阶高矮合适，不累。往返船票很值得！泛舟值得体验。,1
匿名用户,2020年8月24日,还不错，7点开始，冬天好冷有咖啡厅,1
SHoadgnaw,2020年7月7日,修身养性，品味宁静。总览众晓，止于云龙。,1
橙色缘分,2020年7月5日,风景不错…有山有水…合适全家游玩…,1
IOe539442068,2020年8月25日,山清水秀，景色宜人，有玩有看,1
susansunshinedu,2020年8月22日,不错了，适合带老人，小孩去。,1
jinjunxiu1402,2020年7月12日,服务热心，周到，景区特别好玩，推荐大家去哒,1
zhong8098,2020年8月23日,挺好的,1
华凌格格,2020年8月22日,出票快，方便,1
华凌格格,2020年8月22日,出票快，方便,1
华凌格格,2020年8月22日,出票快，方便,1
匿名用户,2020年7月10日,景色优美，空气新鲜，非常适合带家人孩子游玩！,1
暴躁的愤青,2020年8月22日,感觉还不错！可以带上朋友去玩玩！,1
IUp851674179,2020年8月9日,很美,1
天后0516,2020年8月18日,玩了缆车，也坐了滑倒，孩子特别喜欢，最主要是凉快！,1
imV659192964,2020年8月19日,不满意，去了什么都没有完，不像上面说的这么好呢,0
yangx3140,2020年6月13日,"假期出来透透气、这里的山光水色
环境不错",1
追心9830726,2020年8月22日,还不错，可以去玩玩！,1
HpY848805912,2020年6月14日,总体来说一般，环境也不是很好，许多攀爬的楼梯破旧损坏有安全隐患，门票可以接受，游船票价略高不值，之前去过没想到现在长了这么多，许多景区也有游船比这景色不差也没这样贵的价格，而且小孩子老年人没有半价全部要全票，这不知道谁规...,0
任继锋,2020年8月18日,风景很好，但是不适合遛娃，都是爬山,1
有良知的吃货,2020年8月17日,龙庆峡的水真绿啊,1
匿名用户,2020年6月4日,五一临时去的，不过风景真的不错…差不多有点小桂林的感觉了，就那天去有点迟了有的项目都关了，做了一下船，太迟也不停靠了，有的小失望…不过风景确实不错…强烈推荐之一…风景真真真真真真真真真真真真真真真心不错…,1
茴香馅月饼,2020年5月5日,峡谷中的一条河流，山势陡峭，高低错落，两侧的峭壁上郁郁葱葱，峡谷中很是清凉，空气很清新，可坐游船欣赏两岸的美景，到金刚寺后，下山可花上五十块钱租一个小木船，划桨荡漾在峡谷之中。,1
任继锋,2020年8月18日,风景很好，只是不太适合遛娃,1
zixi954,2020年7月27日,比门口票价便宜3元。带着身份证就行，不用老年卡。如果年纪很大可以做摆渡车，年轻人溜达着就过去了，一公里而已。,1
ZYNBBC,2020年7月23日,先经过龙头走电梯上到大坝上，然后出200多元钱/人买船票游龙庆峡，回来后坐缆车，基本就没啥了。风景还是可以的,1
有良知的吃货,2020年8月17日,绿油油的龙庆峡,1
有良知的吃货,2020年8月17日,下次还要来,1
chenjy8220,2020年8月16日,挺好的，还会再来,1
cMh401499311,2020年8月8日,下雨不让上山，也不让坐船，还不给退票，请问我40门票就进个门吗？？？？坑,0
蕾子姐,2020年8月3日,白天去了什么都没有，等到晚上才亮灯，就那么点东西，也就半个多小时就看完了。,0
迷途的娃娃325,2020年7月22日,还可以吧，停车场距离景点很多，需要再额外花钱买个电瓶车拉过去，一人十元，单程，回来后还需要在从新购买，很不合情理。,1
TVt716885508,2020年8月11日,垃圾，门口扫不进去，不给退款，变成已使用,0
dqe340831007,2020年8月7日,还行，游玩项目挺多的，山水挺美，适合周末和家人一起去,1
闺蜜式恋爱,2020年8月8日,很是失望，没意思没啥人无聊很不建议去,0
匿名用户,2020年5月16日,很划算，带孩子去的，价格很美丽，很方便，现场买票就可以。疫情期间人很少，坐船不用排队，十年前去的，今天又去，自然觉得很棒，风景很美丽，带孩子爬山了，看了最美的风景，划了小船，下次来坐缆车和滑索，为下一次再来留点遗憾。,1
ZNZ237628958,2020年8月1日,龙庆峡景色真的不错，坐船游湖的景色不愧有小漓江的美名！,1
rxV839647344,2020年5月24日,往返船票，往返索道，上下山摆渡车，基本不消耗体力，带娃儿比较合适的去处?,1
bGh95521477,2020年5月4日,虽然现在去有些凉，但一定是个夏季避暑纳凉的出游胜地，老少皆宜，乘坐大船穿梭游弋在高耸挺拔的峡谷中很是惬意，这个必须推荐咯……不说了上图，拍的不多哈,1
hZY541864940,2020年8月2日,山美水美，坐船犹如画中行，观看蹦极，溜索让人大开眼界,1
iCz449107007,2020年8月6日,夏天避暑，冬天观冰灯，值得去,1
匿名用户,2020年8月2日,非常好！,1
匿名用户,2020年8月2日,非常好！,1
匿名用户,2020年8月2日,非常不错！,1
匿名用户,2020年5月4日,还可以，就是挺远的，不过我们去晚了，有好些地方没有去，没事的话，不过还是值得去看看。五一天气刚好，值得去逛逛，散散心，吹吹风，挺好的。我们坐了游船，讲解的比较快，像鸡，像孔雀，像大象，会讲解山峰，大约游办个小时左右。每个...,1
RAg152313220,2020年8月1日,一辈子不会再来，谁来谁后悔，就是坑人,0
bGh95521477,2020年5月4日,不愧为北方小桂林，在山水之间感受大自然的鬼斧神工…凉爽惬意老少皆宜，可以不用太多的攀爬不用担心体力不足，避暑圣地?,1
nZO767417761,2020年5月1日,景区很赞，瀑布很远就可以感觉到凉爽，还有水点溅下来，景区内坐船，先去买票，票需要排队大约10多分钟，每个人100元做来回，可以听讲解看峡谷，可以做索道，50元每人，特殊学期需要在领取门票前先申请健康码，才可以进入,1
vej649888114,2020年7月29日,游船还可以，值得再来，「游船」「电梯」,1
XJc969780258,2020年7月28日,夏天去很凉快，湖很大，坐船玩，挺有意思的,1
cKo272401514,2020年8月1日,不赖,1
曾经的大自然,2020年6月9日,"坐船时景色确实不错  感觉像极了小三峡  可是这里的隐形消费太多了  1停车场没车20    2刚进大门有个每人20元的摆渡车   3 游船每人100 （可以自选）  
 4 还有缆车  （可以自选）",1
ePX646645345,2020年7月23日,环境不错，很适合去玩，建议试试坐缆车上山,1
肉肉烦贱贱,2020年7月25日,前几年去的，现在不知道怎么样了,1
精于选择,2020年5月3日,景区就是一个小水坝把山谷围起来形成的一个带水面的峡谷，门票每人40，但是进到门口上完电和电梯口的一个小山就没了，上山顶缆车得单独加钱。往峡谷里面走就必须得单独再买船票，每人100元，否则你就只能到景区门口，啥都看不了。问..,1
sapphire456,2020年7月21日,环境非常优美，让人流连忘返！,1
BuPaShu,2020年7月24日,不错,1
ZonglEwangYh,2020年6月6日,很不错啦 很棒的 欢迎你来,1
zhangaizhu9999,2020年7月25日,挺好,1
RKd220665640,2020年7月15日,太垃圾了，什么都没玩成，基本门票买了就能看看水，坐坐龙电梯。,0
WIV920321953,2020年5月3日,感觉还可以  早上九点到的  人不多  该消费的还得消费   爬山有点累  梦幻亭再也不想去了，爬上去还得原路返回，太高了 全靠人力  一个字  累,1
Yvy553876531,2020年7月23日,每年都一样一样一样的，没有什么变化,0
Gat633956005,2020年7月12日,船票挺贵的，不过峡谷内景色在北京算不错的，据说叫小桂林。,1
匿名用户,2020年6月27日,"【环境】环境不错 
【交通】自驾无所谓的
【项目】游船基本算强制项目不坐基本那也去不了
【餐饮】周边农家乐吃的炖鱼还不错",1
森宇素琥珀,2020年5月11日,设施不错。环境优美。上山后神清气爽，心旷神怡，飘飘欲仙的感觉。船航行稳当。缆车上欣赏风景，心情特别舒畅。建议可以去看看游览一番。,1
匿名用户,2020年7月15日,太垃圾了，什么都没玩成，哪里都收费。太坑爹了,0
Angle杨,2020年7月11日,挺好的。想玩滑梯人太多。下次有机会再去,1
MustangYan813,2020年5月13日,风景挺好，太多东西没开放，去山顶必须买往返票,1
kSO60637092,2020年7月16日,坐船不错，景美！,1
qwf727171353,2020年5月31日,疫情人少，环境很好蓝天白云带孩子不的选择,1
匿名用户,2020年6月18日,还可以，性价比不错，主要夏天去避暑凉快带孩子接近一下大自然，同时换一一下心情减压的好去处，金山银山不如绿水清山.,1
BNF308200373,2020年7月9日,看到了两个人现场蹦极跳下来，非常不错，很受启发。,1
gouki2007,2020年5月7日,"此处只应天上有，人间难得几回见。
龙庆峡太美了么，用语言描述是苍白的。",1
匿名用户,2020年6月10日,好多地方都没开，开的都要收费，里面每个景点都还要收费，主要工作人员的态度极差，像欠他们钱似的！船上以前有讲解，现在就只有个大姐在船头玩手机，不推荐，不过自然风景还可以,0
笑隐胜妆,2020年7月12日,有桂林山水的感觉,1
zhang830202,2020年7月11日,出票快。随买随用,1
匿名用户,2020年7月11日,出票快，随买随用,1
孙小友,2020年5月9日,环境不错，适合散心，人生有得有失，心境改变不断，唯大自然可以治愈,1
Mvt638828726,2020年6月6日,进大门40元，也只是进门坐电梯的钱，根本上不了山，本想着走着上山，完全不可??，必须再次消费才能上山，。船，索道可以上山。,0
笑隐胜妆,2020年7月12日,好地方，值得一去,1
笑隐胜妆,2020年7月12日,适合情侣去玩,1
匿名用户,2020年5月11日,门票，缆车，各个玩的项目都挺便宜的，自然环境很不错，大山的风貌美如花,1
波妞与宗介96,2020年5月6日,景色还行，就是景点儿太少了，除了门票，游船 神仙院 划船 索道 蹦极都是单独收费了，景点儿不大，建议2小时游玩，后续时间可以考虑去百里画廊,1
CoderLeo,2020年7月5日,还好吧,1
CoderLeo,2020年7月5日,还好,1
oQq331142997,2020年6月27日,值得一看，不错，北方的好景色。,1
mythxlq,2020年7月3日,不错，值得去,1
唯爱紫藤花,2020年6月28日,设施不错，地方还挺大的。是个夏天去玩水,1
红警瓦西里,2020年6月28日,这个地方真不错。下次再来。,1
北派茉莉花茶,2020年5月3日,景色不错，就是游船时间有点短,1
匿名用户,2020年5月29日,蹦极了，体验感不是很好，绳子不弹，而且低。,0
ZVM960366341,2020年6月29日,使用便捷,1
JElaine930302,2020年6月27日,景区还是挺好看的，收费有点坑爹,1
_qq7dh1432352167,2020年6月22日,太失望了。一共三个项目全收钱。不能爬山。还收40。穷疯了吧。,0
波妞与宗介96,2020年5月5日,景色不错，就是可供游玩的景点不多,1
RKd220665640,2020年6月25日,真的垃圾，上山步行梯封了，上山必须坐滑车,0
匿名用户,2020年6月13日,"山清水秀的地方
会让人们心情舒畅
疫情在家憋了很久、来这里透透气还是选对地方了",1
鹿奈o,2020年5月7日,五一假去的，人还是挺多的，百花洞没有开，划船的项目人太多，船没多少，得等回来一艘在去，坐船的时候还碰到一群外国人非常热情的打招呼，看到他们惊叹中国的景点觉得特骄傲?,1
还在1234567j,2020年6月12日,非常特别的景点之一，值得一去。不是必须坐缆车和船，也可以登顶和下山，不熟悉的就多问问,1
Psa230258176,2020年6月21日,景点挺不错，乘船在水上摆渡时，还是挺惬意的,1
LLt973610548,2020年5月24日,一定要坐船非常美，缆车很过瘾，蹦极不敢去,1
wing婷110,2020年6月11日,一半吧 反正觉着不值这个价钱 还是换别的地方吧,0
hengliang2000,2020年5月3日,风景很美很美，就是票价小贵，推荐！,1
匿名用户,2020年6月11日,不值得呀 可能是因为下雨了 坐船也就十几分钟,0
ADR332123668,2020年6月10日,风景真的不错，北国小漓江哈哈哈,1
匿名用户,2020年6月7日,千万别去，坑死，不做船也要买船票，奉劝大家千万别去太坑了,0
莱恩LIN,2020年6月10日,没用上,0
MOG139688163,2020年6月1日,这里是号称小三峡，景色非常漂亮！建议来北京游玩的朋友过来玩。,1
Whn470181593,2020年6月9日,风景优美，超赞！,1
小妮儿静静,2020年6月7日,船票太贵，不会再去。。。。。。。。。。,0
v笾jj,2020年6月8日,很不错,1
Yda202740368,2020年5月30日,一个人的时候回来了吗老婆不在家吗柴河津贴心里了吧在家人们是的(=^^=),0
Lft791141916,2020年6月2日,除了项目没啥玩的，但是项目都是收费的,0
fst181397898,2020年6月6日,挺好的，孩子们很开心,1
fRK301795069,2020年5月2日,很满意的五一出游，一进去很漂亮，一股潮潮的湿气，很舒服！,1
茶家二少朔洵,2020年5月31日,特别一般，索道不推荐，太坑人了，还有游船也坑人,0
Yda202740368,2020年5月30日,这个可以有的人种群众的人种群众的人种群众的人种群众的人种群众的人种群众的人种群,0
小既是多,2020年5月31日,没想到在北京居然有这样的地貌仿佛穿越普吉岛,1
fst181397898,2020年6月6日,很好，环境很不,1
小茄子170,2020年5月28日,风景确实不错，游船价格有些贵，一圈下来2小时足够了,1
ofS515980722,2020年5月3日,第二次去，不错，重点是下方照片,1
jMr898254736,2020年6月2日,很好,1
hte171472911,2020年6月1日,上去不花钱下来就花钱，就坑消费者？不靠谱,0
jMr898254736,2020年5月31日,非常好,1
jMr898254736,2020年5月31日,好,1
jMr898254736,2020年5月31日,好,1
森宇素琥珀,2020年5月11日,不错。挺好,1
刘冰939,2020年5月2日,"门票只有很小一部分可以去，如果去其他地方，必须要坐船，坐船一个人一百块，一船最少七十多人，除了坐电梯，其他的全部都要收费       
门票只有很小一部分可以去，如果去其他地方，必须要坐船，坐船一个人一百块，一船最少七十... ",0
OIP338036544,2020年5月19日,去了不想再去，没有一点特色，坐电梯都是没灵魂的登山,0
duh267214966,2020年5月3日,非常大气的景点，大山大湖，挺震撼的。游玩主要是坐船，四周群山环绕，之前都是步行游览大峡谷，在这儿是坐船游览，另有一番滋味。,1
ptd486963265,2020年5月20日,山水真的很美，遗憾没有时间爬山，建议早点去。,1
huaxia20070707,2020年5月13日,景色一般，人工痕迹与景点太多，游玩设施太贵，像个游乐场，非自然美景点,0
小妮儿静静,2020年5月23日,船票太贵。。下次不去了。。。。。。,0
LFb952108950,2020年5月19日,设施齐全，捆绑销售很有思维，值得学习，值得一去,0
Poison3813,2020年5月17日,除了坐索道，坐船就没什么好玩的了，不过路程比较短,0
沉睡309,2020年5月19日,还可以，不过不推荐去，没啥玩的,0
Myk189313716,2020年5月3日,壮丽山河，值得一去,1
匿名用户,2020年5月3日,性价比太低了，价格太贵，景点少的可怜，坑爹的价格设置，啥都要收钱，不加钱啥都看不到，白付了门票钱,0
琦梦677,2020年5月12日,总体还不错，就是没怎么走路爬山，都是做的船索道。也可以爬山的,1
精于选择,2020年5月3日,完全不值票价，景区内容太少了，价格太贵了，不知道怎么评上AAAA的，我觉得最多就值AAA，性价比低,0
匿名用户,2020年5月3日,去过的性价比最低的景区之一，价格设置极其不友好，不加钱，几乎寸步难行，完全值不了AAAA的评级,0
精于选择,2020年5月3日,价格十分坑爹，不加钱真是寸步难行，景区内容少，离市区远，完全不值票价,0
GzD182480168,2020年5月10日,还好吧，景区能去的地方没多少，进去要么坐船，要么坐缆车,1
yMr436318089,2020年5月4日,整个景区让人说心旷神怡，小峡胜三峡，明不虚传，值得一游！,1
GOU319153557,2020年5月8日,环境优美，让人很舒心，爬山有点累,1
FGQ319496162,2020年5月7日,不太好，想着挺好其实不太好，去了后悔,0
USk859982736,2020年5月2日,游船很有意思，值得推荐，能价格优惠点就好了,1
USk859982736,2020年5月2日,游船体验很棒，就是价格稍贵了，值得推荐,1
hGx510625892,2020年5月2日,其实只有一个船还不错。。。其他的没啥可玩的。。。挺小的一个地方,0
kIN93632558,2020年5月4日,美团卖的贵 门票应该40元 ！！！！！,0
小筵宝,2020年4月29日,显示老人票，去了才知道没有，退了景区购买多花20块钱,0
fPi469424115,2020年5月5日,环境还不错 可以尝试去那边爬爬山,1
AOM勐,2020年5月2日,各种隐形消费，进去就是套路，游玩体验一般,0
avd131265630,2020年4月26日,不错还可以很好进去了km脸OK了死lz与会计说我,1
Yrn199048237,2020年1月22日,【环境】挺好看的，家人喜欢，春节前去的人少特别好。里面挺冷的，得多穿点衣服，不然会冻伤。里面不大，一会就转完；如果看的仔细可能会时间长一些。,1
